data/hora,id de liquidação,tipo,id do pedido,sku,descrição,quantidade,mercado,tipo de conta,atendimento,cidade do pedido,estado do pedido,postal do pedido,vendas do produto,créditos de remessa,créditos de embalagem de presente,descontos promocionais,imposto de vendas coletados,tarifas de venda,taxas fba,taxas de outras transações,outro,total,Nome do Mês,Ano
31/12/2025,25380154601,Pedido,702-2556151-4641831,NE-POTU-KWNU,"Planner Financeiro Mensal Datado 2026, Roda Da Vida A5 - Planner premium Agenda 2026 Planejamento anual Organização pessoal Metas e objetivos Gestã",1.0,amazon.com.br,Visa Crédito,Vendedor,Paranaguá,Paraná,83206.0,"78,90",0,0,0,0,"-10,26",0,0,0,"68,64",Dezembro,2025
31/12/2025,25380154621,Pedido,702-0625929-6045861,4K-3HFM-I3A1,Planner 2026 - Transforme seus dias com o planner que une beleza e funcionalidade Rosa,1.0,amazon.com.br,Boleto,Amazon,Manaus,AM,69077.0,"78,90",0,0,0,0,"-10,26",0,0,0,"68,64",Dezembro,2025
01/01/2026,25380157171,Pedido,702-0340446-0677038,MQ-STXD-11EM,"Planner Premium 2026 - Planejamento Anual com Roda da Vida A5, Gestão Financeira, Organização Pessoal, Metas e Saúde, Capa Dura Laminada, Agenda S",1.0,amazon.com.br,Crédito Mastercard e outros,Vendedor,São José do Rio Preto,SP,15025.0,"68,90",0,0,0,0,"-8,96",0,0,0,"59,94",Janeiro,2026
01/01/2026,25380154621,Pedido,701-8757466-2372245,Q5-ZAFB-NUEF,"Planner 2026 - Respire, floresça, torne-se - um planner para sua melhor versão!",1.0,amazon.com.br,Boleto,Amazon,Ribeirão Preto,SP,14090.0,"78,90","8,90",0,"-8,90",0,"-10,26",0,0,0,"68,64",Janeiro,2026
01/01/2026,25380154621,Pedido,701-3354375-9746624,Q5-ZAFB-NUEF,"Planner 2026 - Respire, floresça, torne-se - um planner para sua melhor versão!",1.0,amazon.com.br,Boleto,Amazon,Betim,MG,32641.0,"78,90","8,90",0,"-8,90",0,"-10,26",0,0,0,"68,64",Janeiro,2026
01/01/2026,25380154621,Pedido,701-7364122-6859437,4O-0ACQ-A4CK,"Planner Financeiro Mensal 2026, Roda Da Vida A5 -Planejamento anual, Organização pessoal Metas e objetivos, Gestão financeira Monitoramento de saú",1.0,amazon.com.br,Boleto,Amazon,Fortaleza,CE,60110.0,"78,90",0,0,0,0,"-10,26",0,0,0,"68,64",Janeiro,2026
01/01/2026,25380157171,Pedido,701-2157943-5958606,DE-Y8HD-W1WN,Album fotografico scrapbook - Coleção Corações (Rosa),1.0,amazon.com.br,Crédito Mastercard e outros,Amazon,São Sebastião do Caí,RS,95760.0,"68,90",0,0,0,0,"-8,96",0,0,0,"59,94",Janeiro,2026
01/01/2026,25380157171,Pedido,702-1268560-0291413,0Q-EK6Z-SV84,"Planner 2026 Floral - Planejamento Anual com Roda da Vida A5, Gestão Financeira, Organização Pessoal, Metas e Saúde, Capa Dura Laminada, Agenda Se",1.0,amazon.com.br,Crédito Mastercard e outros,Vendedor,Pedro Leopoldo,MG,33250.0,"78,90",0,0,0,0,"-10,26",0,0,0,"68,64",Janeiro,2026
01/01/2026,25407411961,Reembolso,702-3382522-4115444,0Q-EK6Z-SV84,"Planner 2026 Floral - Planejamento Anual com Roda da Vida A5, Gestão Financeira, Organização Pessoal, Metas e Saúde, Capa Dura Laminada, Agenda Se",1.0,amazon.com.br,Crédito Mastercard e outros,Vendedor,Juazeiro do Norte,CE,63050.0,"-78,90","-21,57",0,0,0,"8,21",0,0,0,"-92,26",Janeiro,2026
01/01/2026,25407411961,Taxa de serviço,,,Custo de Publicidade,,,Crédito Mastercard e outros,,,,,0,0,0,0,0,0,0,"-2.520,33",0,"-2.520,33",Janeiro,2026
02/01/2026,25406929241,Pedido,701-0021077-6847405,XJ-VPUJ-PW4U,"Planner 2026 Floral - Planejamento Anual com Roda da Vida A5, Gestão Financeira, Organização Pessoal, Metas e Saúde, Capa Dura Laminada, Agenda Se",1.0,amazon.com.br,Boleto,Amazon,Ibirité,MG,32420.0,"78,90",0,0,0,0,"-10,26",0,0,0,"68,64",Janeiro,2026
02/01/2026,25407411961,Taxa de serviço,,,Custo de Publicidade,,,Crédito Mastercard e outros,,,,,0,0,0,0,0,0,0,"-345,18",0,"-345,18",Janeiro,2026
02/01/2026,25407650401,Pedido,701-2151712-2626612,DE-Y8HD-W1WN,Album fotografico scrapbook - Coleção Corações (Rosa),1.0,amazon.com.br,Visa Crédito,Amazon,Vila Velha,ES,29102.0,"68,90",0,0,0,0,"-8,96",0,0,0,"59,94",Janeiro,2026
02/01/2026,25407411961,Pedido,702-2051678-6985824,OB-4RHT-YARW,"Planner 2026 Napolitano - Planejamento Anual com Roda da Vida A5, Gestão Financeira, Organização Pessoal, Metas e Saúde, Capa Dura Laminada, Agend",1.0,amazon.com.br,Crédito Mastercard e outros,Amazon,Salvador,BA,41820.0,"78,90",0,0,0,0,"-10,26",0,0,0,"68,64",Janeiro,2026
02/01/2026,25406929241,Pedido,702-7427600-6300247,N3-Y3CG-4CQP,Planner 2026 - Floresça que inspira leveza e organização!,1.0,amazon.com.br,Boleto,Amazon,Belo Horizonte,Minas Gerais,31710.0,"78,90",0,0,0,0,"-10,26",0,0,0,"68,64",Janeiro,2026
02/01/2026,25407411961,Pedido,702-6296045-6838656,N3-Y3CG-4CQP,Planner 2026 - Floresça que inspira leveza e organização!,1.0,amazon.com.br,Crédito Mastercard e outros,Amazon,Recife,PE,51130.0,"78,90",0,0,0,0,"-10,26",0,0,0,"68,64",Janeiro,2026
02/01/2026,25407411961,Pedido,702-2795391-1839438,N3-Y3CG-4CQP,Planner 2026 - Floresça que inspira leveza e organização!,1.0,amazon.com.br,Crédito Mastercard e outros,Amazon,Fortaleza,Ceará,60040.0,"78,90",0,0,0,0,"-10,26",0,0,0,"68,64",Janeiro,2026
02/01/2026,25406929241,Pedido,701-1886876-3413855,0Q-EK6Z-SV84,"Planner 2026 Floral - Planejamento Anual com Roda da Vida A5, Gestão Financeira, Organização Pessoal, Metas e Saúde, Capa Dura Laminada, Agenda Se",1.0,amazon.com.br,Boleto,Vendedor,Salvador,BA,41320.0,"78,90","21,57",0,0,0,"-10,26",0,0,0,"90,21",Janeiro,2026
02/01/2026,25407411961,Pedido,702-9639857-7681806,DV-9MDQ-YD9E,Scrapbook Álbum De Fotos Preto 20 Folhas / 40 Páginas,1.0,amazon.com.br,Crédito Mastercard e outros,Amazon,Jaboatão dos Guararapes,PE,54270.0,"78,90","8,90",0,"-8,90",0,"-9,47",0,0,0,"69,43",Janeiro,2026
02/01/2026,25407650401,Pedido,701-8405545-1319430,CV-BL1K-YYFH,Planner 2026 - Seu novo começo começa aqui - o planner que floresce com você.,1.0,amazon.com.br,Visa Crédito,Amazon,São Paulo,SP,1504.0,"78,90",0,0,0,0,"-10,26",0,0,0,"68,64",Janeiro,2026
02/01/2026,25407650401,Pedido,701-9736675-6261847,JC-LA79-2HC8,"Caderno Espiral Capa Dura, A5 210x150mm, 80 Folhas, Van gogh, Frases estoicas (Capa 2)",1.0,amazon.com.br,Visa Crédito,Amazon,Brasília,DF,71939.0,"35,90",0,0,0,0,"-4,67",0,0,0,"31,23",Janeiro,2026
02/01/2026,25407411961,Pedido,701-8222335-3889046,JO-NX0D-7SWU,"Planner 2026 - Delicado por fora, poderoso por dentro - organize-se com encanto!",1.0,amazon.com.br,Crédito Mastercard e outros,Amazon,Feira de Santana,BA,44075.0,"65,90",0,0,0,0,"-8,57",0,0,0,"57,33",Janeiro,2026
02/01/2026,25407650401,Pedido,701-3725092-6866602,Q5-ZAFB-NUEF,"Planner 2026 - Respire, floresça, torne-se - um planner para sua melhor versão!",1.0,amazon.com.br,Visa Crédito,Amazon,Contagem,MG,32240.0,"78,90",0,0,0,0,"-10,26",0,0,0,"68,64",Janeiro,2026
02/01/2026,25407650401,Pedido,701-0141457-2477828,ON-V5Q7-KFQN,"Planner 2026 - Um planner para viver com mais cor, equilíbrio e inspiração.",1.0,amazon.com.br,Visa Crédito,Amazon,Aracaju,SE,49048.0,"78,90",0,0,0,0,"-10,26",0,0,0,"68,64",Janeiro,2026
02/01/2026,25407411961,Pedido,702-2236820-1030645,JO-NX0D-7SWU,"Planner 2026 - Delicado por fora, poderoso por dentro - organize-se com encanto!",1.0,amazon.com.br,Crédito Mastercard e outros,Amazon,Santarém,PA,68040.0,"65,90",0,0,0,0,"-8,57",0,0,0,"57,33",Janeiro,2026
02/01/2026,25407650401,Pedido,702-5585190-6077805,Q5-ZAFB-NUEF,"Planner 2026 - Respire, floresça, torne-se - um planner para sua melhor versão!",1.0,amazon.com.br,Visa Crédito,Amazon,Recife,PE,50720.0,"78,90",0,0,0,0,"-10,26",0,0,0,"68,64",Janeiro,2026
02/01/2026,25407411961,Pedido,701-3549733-9317802,J7-1RCD-8P3P,Scrapbook Kraft 20x20: Crie Seu Álbum Artesanal Único,1.0,amazon.com.br,Crédito Mastercard e outros,Amazon,Recife,PE,52011.0,"68,90",0,0,0,0,"-8,27",0,0,0,"60,63",Janeiro,2026
02/01/2026,25407650401,Pedido,701-7045969-1909839,MQ-STXD-11EM,"Planner Premium 2026 - Planejamento Anual com Roda da Vida A5, Gestão Financeira, Organização Pessoal, Metas e Saúde, Capa Dura Laminada, Agenda S",1.0,amazon.com.br,Visa Crédito,Vendedor,Jundiaí,SP,13218.0,"68,90",0,0,0,0,"-8,96",0,0,0,"59,94",Janeiro,2026
02/01/2026,25406929241,Pedido,701-3719718-1124242,92-CTAN-4AJQ,Caderno Scrapbook - 20 Folhas - Livro De Assinatura Folhas Pretas 20x19 Álbum De Fotos Scrapbook Preto 40 Páginas - 20x19,1.0,amazon.com.br,Boleto,Amazon,São Paulo,SP,1506.0,"78,90",0,0,0,0,"-9,47",0,0,0,"69,43",Janeiro,2026
02/01/2026,25407650401,Pedido,701-9091933-3297067,N3-Y3CG-4CQP,Planner 2026 - Floresça que inspira leveza e organização!,1.0,amazon.com.br,Visa Crédito,Amazon,Goiânia,GO,74766.0,"78,90","8,90",0,"-8,90",0,"-10,26",0,0,0,"68,64",Janeiro,2026
02/01/2026,25407411961,Pedido,701-2546138-1357835,0D-3OVY-QX9W,Planner 2026 - Life Capa Dura com Controle Financeiro e Roda da Vida (Capa 01),1.0,amazon.com.br,Crédito Mastercard e outros,Amazon,Londrina,PR,86010.0,"59,90",0,0,0,0,"-7,79",0,0,0,"52,11",Janeiro,2026
02/01/2026,25407224741,Pedido,702-0046338-5450677,RU-9EXZ-G6IE,Sketchbook Profissional 20x20cm Espiral 180g - Caderno Artístico para Desenho e Aquarela,1.0,amazon.com.br,Elo,Amazon,Porto Alegre,RS,91340.0,"78,90","8,90",0,"-8,90",0,"-9,47",0,0,0,"69,43",Janeiro,2026
02/01/2026,25406929241,Pedido,702-5685176-0081800,AA-2SEI-HBU9,"Planner 2026 - Delicado por fora, poderoso por dentro - organize-se com encanto!",1.0,amazon.com.br,Boleto,Vendedor,Itatiba,SP,13255.0,"78,90",0,0,0,0,"-10,26",0,0,0,"68,64",Janeiro,2026
02/01/2026,25407650401,Pedido,702-2368903-3063423,D3-VGD4-YDTV,"Planner Premium 2026 - Planejamento Anual com Roda da Vida A5, Gestão Financeira, Organização Pessoal, Metas e Saúde, Capa Dura Laminada, Agenda S",1.0,amazon.com.br,Visa Crédito,Amazon,Recife,PE,52061.0,"78,90",0,0,0,0,"-10,26",0,0,0,"68,64",Janeiro,2026
02/01/2026,25407411961,Reembolso,702-8227791-6786652,AA-2SEI-HBU9,"Planner 2026 - Delicado por fora, poderoso por dentro - organize-se com encanto!",1.0,amazon.com.br,Crédito Mastercard e outros,Vendedor,São Paulo,Sao Paulo,3334.0,"-78,90",0,0,"33,50",0,"4,72",0,0,0,"-40,68",Janeiro,2026
02/01/2026,25407650401,Pedido,702-3448106-5249061,CY-8NXE-ZK04,"Planner Premium 2026 - Planejamento Anual com Roda da Vida A5, Gestão Financeira, Organização Pessoal, Metas e Saúde, Capa Dura Laminada, Agenda S",2.0,amazon.com.br,Visa Crédito,Amazon,Santo André,SP,9175.0,"119,80",0,0,0,0,"-15,58",0,0,0,"104,22",Janeiro,2026
02/01/2026,25407650401,Pedido,701-6079402-3140210,9X-HUC9-I83L,"Planner 2026 - Respire, floresça, torne-se - um planner para sua melhor versão!",1.0,amazon.com.br,Visa Crédito,Vendedor,São Paulo,SP,5633.0,"78,90",0,0,0,0,"-10,26",0,0,0,"68,64",Janeiro,2026
02/01/2026,25407411961,Pedido,701-4764505-6222624,Q5-ZAFB-NUEF,"Planner 2026 - Respire, floresça, torne-se - um planner para sua melhor versão!",1.0,amazon.com.br,Crédito Mastercard e outros,Amazon,São Paulo,SP,1542.0,"78,90",0,0,0,0,"-10,26",0,0,0,"68,64",Janeiro,2026
03/01/2026,25407650401,Pedido,702-6811458-6739445,Q5-ZAFB-NUEF,"Planner 2026 - Respire, floresça, torne-se - um planner para sua melhor versão!",1.0,amazon.com.br,Visa Crédito,Amazon,Lauro de freitas,Ba,42709.0,"78,90",0,0,0,0,"-10,26",0,0,0,"68,64",Janeiro,2026
03/01/2026,25406929241,Pedido,702-1905153-2005008,4O-0ACQ-A4CK,"Planner Financeiro Mensal 2026, Roda Da Vida A5 -Planejamento anual, Organização pessoal Metas e objetivos, Gestão financeira Monitoramento de saú",1.0,amazon.com.br,Boleto,Amazon,João Pessoa,PB,58038.0,"78,90",0,0,0,0,"-10,26",0,0,0,"68,64",Janeiro,2026
03/01/2026,25407411961,Pedido,701-8377598-7513858,4O-0ACQ-A4CK,"Planner Financeiro Mensal 2026, Roda Da Vida A5 -Planejamento anual, Organização pessoal Metas e objetivos, Gestão financeira Monitoramento de saú",1.0,amazon.com.br,Crédito Mastercard e outros,Amazon,BRASILIA,DF,72225.0,"78,90",0,0,0,0,"-10,26",0,0,0,"68,64",Janeiro,2026
03/01/2026,25406929241,Pedido,701-0829612-9537853,DV-9MDQ-YD9E,Scrapbook Álbum De Fotos Preto 20 Folhas / 40 Páginas,1.0,amazon.com.br,Boleto,Amazon,Rio de Janeiro,RJ,20511.0,"78,90","8,90",0,"-8,90",0,"-9,47",0,0,0,"69,43",Janeiro,2026
03/01/2026,25407411961,Pedido,701-6288654-2518645,WC-0G0K-5CCC,"Planner Financeiro Mensal Datado 2026, Roda Da Vida A5 -Planejamento anual, Organização pessoal Metas e objetivos, Gestão financeira Monitoramento",1.0,amazon.com.br,Crédito Mastercard e outros,Vendedor,São Paulo,SP,5018.0,"75,90",0,0,0,0,"-9,87",0,0,0,"66,03",Janeiro,2026
03/01/2026,25407411961,Pedido,702-7615177-6063402,WC-0G0K-5CCC,"Planner Financeiro Mensal Datado 2026, Roda Da Vida A5 -Planejamento anual, Organização pessoal Metas e objetivos, Gestão financeira Monitoramento",1.0,amazon.com.br,Crédito Mastercard e outros,Vendedor,São Paulo,SP,5520.0,"75,90",0,0,0,0,"-9,87",0,0,0,"66,03",Janeiro,2026
03/01/2026,25407411961,Pedido,701-2560145-7008206,7I-1FLT-DOZ6,Planner 2026 - Transforme seus dias com o planner que une beleza e funcionalidade,1.0,amazon.com.br,Crédito Mastercard e outros,Amazon,Ipatinga,MG,35160.0,"78,90",0,0,0,0,"-10,26",0,0,0,"68,64",Janeiro,2026
03/01/2026,25407411961,Pedido,701-8616565-2023445,WC-0G0K-5CCC,"Planner Financeiro Mensal Datado 2026, Roda Da Vida A5 -Planejamento anual, Organização pessoal Metas e objetivos, Gestão financeira Monitoramento",1.0,amazon.com.br,Crédito Mastercard e outros,Vendedor,Uberlândia,MG,38411.0,"75,90",0,0,0,0,"-9,87",0,0,0,"66,03",Janeiro,2026
03/01/2026,25406929241,Pedido,702-7147166-6961804,4O-0ACQ-A4CK,"Planner Financeiro Mensal 2026, Roda Da Vida A5 -Planejamento anual, Organização pessoal Metas e objetivos, Gestão financeira Monitoramento de saú",1.0,amazon.com.br,Boleto,Amazon,Juiz de Fora,MG,36025.0,"78,90",0,0,0,0,"-10,26",0,0,0,"68,64",Janeiro,2026
03/01/2026,25407411961,Pedido,702-9189061-0497834,4K-3HFM-I3A1,Planner 2026 - Transforme seus dias com o planner que une beleza e funcionalidade Rosa,1.0,amazon.com.br,Crédito Mastercard e outros,Amazon,Campinas,Sp,13042.0,"78,90",0,0,0,0,"-10,26",0,0,0,"68,64",Janeiro,2026
03/01/2026,25407411961,Pedido,702-7179144-0454664,D3-VGD4-YDTV,"Planner Premium 2026 - Planejamento Anual com Roda da Vida A5, Gestão Financeira, Organização Pessoal, Metas e Saúde, Capa Dura Laminada, Agenda S",1.0,amazon.com.br,Crédito Mastercard e outros,Amazon,Rio de Janeiro,RJ,20551.0,"78,90",0,0,0,0,"-10,26",0,0,0,"68,64",Janeiro,2026
03/01/2026,25407411961,Pedido,701-0057942-6475410,N3-Y3CG-4CQP,Planner 2026 - Floresça que inspira leveza e organização!,1.0,amazon.com.br,Crédito Mastercard e outros,Amazon,São Paulo,SP,5716.0,"78,90",0,0,0,0,"-10,26",0,0,0,"68,64",Janeiro,2026
03/01/2026,25407411961,Pedido,701-6011794-2985845,CV-BL1K-YYFH,Planner 2026 - Seu novo começo começa aqui - o planner que floresce com você.,1.0,amazon.com.br,Crédito Mastercard e outros,Amazon,São Paulo,SP,4634.0,"78,90",0,0,0,0,"-10,26",0,0,0,"68,64",Janeiro,2026
03/01/2026,25407650401,Pedido,702-0626293-2832218,ON-V5Q7-KFQN,"Planner 2026 - Um planner para viver com mais cor, equilíbrio e inspiração.",1.0,amazon.com.br,Visa Crédito,Amazon,Volta Redonda,RJ,27255.0,"78,90",0,0,0,0,"-10,26",0,0,0,"68,64",Janeiro,2026
03/01/2026,25407650401,Pedido,701-7739033-0858664,CV-BL1K-YYFH,Planner 2026 - Seu novo começo começa aqui - o planner que floresce com você.,1.0,amazon.com.br,Visa Crédito,Amazon,Aracaju,SE,49025.0,"78,90",0,0,0,0,"-10,26",0,0,0,"68,64",Janeiro,2026
03/01/2026,25407411961,Pedido,701-8465256-2939423,4K-3HFM-I3A1,Planner 2026 - Transforme seus dias com o planner que une beleza e funcionalidade Rosa,1.0,amazon.com.br,Crédito Mastercard e outros,Amazon,Belo Horizonte,MG,30492.0,"78,90",0,0,0,0,"-10,26",0,0,0,"68,64",Janeiro,2026
03/01/2026,25406929241,Reembolso,701-6556197-1079441,0Q-EK6Z-SV84,"Planner 2026 Floral - Planejamento Anual com Roda da Vida A5, Gestão Financeira, Organização Pessoal, Metas e Saúde, Capa Dura Laminada, Agenda Se",1.0,amazon.com.br,Boleto,Vendedor,São Paulo,SP,3126.0,"-78,90",0,0,0,0,"8,21",0,0,0,"-70,69",Janeiro,2026
03/01/2026,25406929241,Pedido,701-6556197-1079441,0Q-EK6Z-SV84,"Planner 2026 Floral - Planejamento Anual com Roda da Vida A5, Gestão Financeira, Organização Pessoal, Metas e Saúde, Capa Dura Laminada, Agenda Se",1.0,amazon.com.br,Boleto,Vendedor,São Paulo,SP,3126.0,"78,90",0,0,0,0,"-10,26",0,0,0,"68,64",Janeiro,2026
03/01/2026,25407411961,Pedido,701-7869574-7138661,MQ-STXD-11EM,"Planner Premium 2026 - Planejamento Anual com Roda da Vida A5, Gestão Financeira, Organização Pessoal, Metas e Saúde, Capa Dura Laminada, Agenda S",1.0,amazon.com.br,Crédito Mastercard e outros,Vendedor,Rio de Janeiro,RJ,22785.0,"68,90",0,0,0,0,"-8,96",0,0,0,"59,94",Janeiro,2026
03/01/2026,25407411961,Pedido,702-3363742-8097851,0D-3OVY-QX9W,Planner 2026 - Life Capa Dura com Controle Financeiro e Roda da Vida (Capa 01),1.0,amazon.com.br,Crédito Mastercard e outros,Amazon,Formiga,MG,35574.0,"59,90",0,0,0,0,"-7,79",0,0,0,"52,11",Janeiro,2026
03/01/2026,25406929241,Pedido,701-2820354-9937846,J7-1RCD-8P3P,Scrapbook Kraft 20x20: Crie Seu Álbum Artesanal Único,1.0,amazon.com.br,Boleto,Amazon,Santo André,SP,9210.0,"68,90","8,90",0,"-8,90",0,"-8,27",0,0,0,"60,63",Janeiro,2026
03/01/2026,25406929241,Pedido,702-7472272-5007466,YL-NANJ-F7TC,"Caderno Preto 20x20cm - Scrapbook Álbum De Fotos Preto 20 Folhas / 40 Páginas - Gramatura 200, Folhas Grossas",1.0,amazon.com.br,Boleto,Amazon,Manaus,AM,69086.0,"68,90",0,0,0,0,"-8,27",0,0,0,"60,63",Janeiro,2026
03/01/2026,25407411961,Pedido,701-4578512-9357856,ON-V5Q7-KFQN,"Planner 2026 - Um planner para viver com mais cor, equilíbrio e inspiração.",1.0,amazon.com.br,Crédito Mastercard e outros,Amazon,São Paulo,SP,4777.0,"78,90","8,90",0,"-8,90",0,"-10,26",0,0,0,"68,64",Janeiro,2026
03/01/2026,25407650401,Pedido,702-0997418-5495434,CV-BL1K-YYFH,Planner 2026 - Seu novo começo começa aqui - o planner que floresce com você.,1.0,amazon.com.br,Visa Crédito,Amazon,Campinas,SP,13091.0,"78,90",0,"3,90",0,0,"-10,26","-3,90",0,0,"68,64",Janeiro,2026
03/01/2026,25407411961,Pedido,701-2449714-6536210,V1-M81P-IY8O,Planner Pessoal Permanente - Comece Quando Quiser!,1.0,amazon.com.br,Crédito Mastercard e outros,Vendedor,Araras,São Paulo,13606.0,"78,90",0,0,0,0,"-10,26",0,0,0,"68,64",Janeiro,2026
03/01/2026,25407411961,Taxa de serviço,,,Custo de Publicidade,,,Crédito Mastercard e outros,,,,,0,0,0,0,0,0,0,"-2.525,60",0,"-2.525,60",Janeiro,2026
03/01/2026,25407650401,Pedido,702-8272536-6717028,VQ-0TZ7-QK96,Planner 2026 - Floresça que inspira leveza e organização!,1.0,amazon.com.br,Visa Crédito,Vendedor,Duque de Caxias,Rio de Janeiro,25240.0,"78,90",0,0,0,0,"-10,26",0,0,0,"68,64",Janeiro,2026
03/01/2026,25407411961,Pedido,702-4681846-3849054,H2-QF9W-3BSI,Planner 2026 - Cada flor no seu tempo: planeje o ano com calma e propósito.,1.0,amazon.com.br,Crédito Mastercard e outros,Amazon,Belo Horizonte,Mg,30220.0,"78,90",0,0,0,0,"-10,26",0,0,0,"68,64",Janeiro,2026
03/01/2026,25407650401,Pedido,701-6954109-8272203,H2-QF9W-3BSI,Planner 2026 - Cada flor no seu tempo: planeje o ano com calma e propósito.,1.0,amazon.com.br,Visa Crédito,Amazon,São Paulo,SP,3665.0,"78,90","0,33",0,"-0,33",0,"-10,26",0,0,0,"68,64",Janeiro,2026
03/01/2026,25407411961,Pedido,701-5665019-4038644,Q5-ZAFB-NUEF,"Planner 2026 - Respire, floresça, torne-se - um planner para sua melhor versão!",1.0,amazon.com.br,Crédito Mastercard e outros,Amazon,Saquarema,Rio de Janeiro,28994.0,"78,90",0,0,0,0,"-10,26",0,0,0,"68,64",Janeiro,2026
03/01/2026,25407411961,Pedido,702-1452427-2085040,LF-OUR3-ZUIX,"Planner Financeiro Mensal Datado 2026, Roda Da Vida A5 -Planejamento anual, Organização pessoal Metas e objetivos, Gestão financeira Monitoramento",1.0,amazon.com.br,Crédito Mastercard e outros,Vendedor,Bagé,RS,96413.0,"78,90",0,0,0,0,"-10,26",0,0,0,"68,64",Janeiro,2026
04/01/2026,25407224741,Pedido,702-6492875-6622602,4K-3HFM-I3A1,Planner 2026 - Transforme seus dias com o planner que une beleza e funcionalidade Rosa,1.0,amazon.com.br,Elo,Amazon,Mauá,SP,9340.0,"78,90",0,0,0,0,"-10,26",0,0,0,"68,64",Janeiro,2026
04/01/2026,25406929241,Pedido,702-8099252-1173864,4O-0ACQ-A4CK,"Planner Financeiro Mensal 2026, Roda Da Vida A5 -Planejamento anual, Organização pessoal Metas e objetivos, Gestão financeira Monitoramento de saú",1.0,amazon.com.br,Boleto,Amazon,Barro,CE,63380.0,"78,90","8,90",0,"-8,90",0,"-10,26",0,0,0,"68,64",Janeiro,2026
04/01/2026,25407411961,Pedido,701-1799518-1185062,VW-M9WL-7RY7,Caderno Scrapbook - Kraft - 20 Folhas - 20x20cm - Bege - Sem Pauta - Folhas Grossas - Album de Fotos - Album de fotos artesanal - Scrapbook colagem de,1.0,amazon.com.br,Crédito Mastercard e outros,Vendedor,Mozarlândia,Goiás,76700.0,"58,90","21,35",0,0,0,"-7,07",0,0,0,"73,18",Janeiro,2026
04/01/2026,25407650401,Pedido,701-4987523-7994620,RE-IVOW-JWMK,Planner Permanente com Visão Semanal - Comece a Qualquer Momento,1.0,amazon.com.br,Visa Crédito,Vendedor,Niterói,RJ,24210.0,"78,90",0,0,0,0,"-10,26",0,0,0,"68,64",Janeiro,2026
04/01/2026,25406929241,Pedido,702-2186213-4408267,VW-M9WL-7RY7,Caderno Scrapbook - Kraft - 20 Folhas - 20x20cm - Bege - Sem Pauta - Folhas Grossas - Album de Fotos - Album de fotos artesanal - Scrapbook colagem de,1.0,amazon.com.br,Boleto,Vendedor,Hortolândia,SP,13187.0,"58,90",0,0,0,0,"-7,07",0,0,0,"51,83",Janeiro,2026
04/01/2026,25407650401,Pedido,701-0281019-8525824,OB-4RHT-YARW,"Planner 2026 Napolitano - Planejamento Anual com Roda da Vida A5, Gestão Financeira, Organização Pessoal, Metas e Saúde, Capa Dura Laminada, Agend",1.0,amazon.com.br,Visa Crédito,Amazon,São Paulo,SP,1525.0,"78,90",0,0,0,0,"-10,26",0,0,0,"68,64",Janeiro,2026
04/01/2026,25407411961,Pedido,702-3782398-7548221,OB-4RHT-YARW,"Planner 2026 Napolitano - Planejamento Anual com Roda da Vida A5, Gestão Financeira, Organização Pessoal, Metas e Saúde, Capa Dura Laminada, Agend",1.0,amazon.com.br,Crédito Mastercard e outros,Amazon,Recife,PE,52051.0,"78,90","8,90",0,"-8,90",0,"-10,26",0,0,0,"68,64",Janeiro,2026
04/01/2026,25407411961,Pedido,701-9029941-9335402,AA-2SEI-HBU9,"Planner 2026 - Delicado por fora, poderoso por dentro - organize-se com encanto!",1.0,amazon.com.br,Crédito Mastercard e outros,Vendedor,Capivari de Baixo,SC,88745.0,"78,90",0,0,"-33,50",0,"-5,90",0,0,0,"39,50",Janeiro,2026
04/01/2026,25406929241,Pedido,702-7903516-8208204,7I-1FLT-DOZ6,Planner 2026 - Transforme seus dias com o planner que une beleza e funcionalidade,1.0,amazon.com.br,Boleto,Amazon,São José dos Pinhais,PR,83040.0,"78,90","8,90",0,"-8,90",0,"-10,26",0,0,0,"68,64",Janeiro,2026
04/01/2026,25407411961,Pedido,702-9726787-2729863,CV-BL1K-YYFH,Planner 2026 - Seu novo começo começa aqui - o planner que floresce com você.,1.0,amazon.com.br,Crédito Mastercard e outros,Amazon,Recife,PE,50710.0,"78,90",0,0,0,0,"-10,26",0,0,0,"68,64",Janeiro,2026
04/01/2026,25407411961,Pedido,702-5184062-0467423,7I-1FLT-DOZ6,Planner 2026 - Transforme seus dias com o planner que une beleza e funcionalidade,1.0,amazon.com.br,Crédito Mastercard e outros,Amazon,recife,PERNAMBUCO,52070.0,"78,90","2,76",0,"-2,76",0,"-10,26",0,0,0,"68,64",Janeiro,2026
04/01/2026,25407650401,Pedido,701-5154811-7037060,H2-QF9W-3BSI,Planner 2026 - Cada flor no seu tempo: planeje o ano com calma e propósito.,1.0,amazon.com.br,Visa Crédito,Amazon,São Paulo,SP,4310.0,"78,90",0,0,0,0,"-10,26",0,0,0,"68,64",Janeiro,2026
04/01/2026,25407224741,Pedido,701-5221352-6552266,RA-KICF-0Q47,"Caderno Preto 20x20cm - Scrapbook Álbum De Fotos Preto 20 Folhas / 40 Páginas - Gramatura 200, Folhas Grossas",1.0,amazon.com.br,Elo,Vendedor,Brasília,DF,70680.0,"58,90",0,0,0,0,"-7,07",0,0,0,"51,83",Janeiro,2026
04/01/2026,25407650401,Pedido,701-9806491-6353055,Q5-ZAFB-NUEF,"Planner 2026 - Respire, floresça, torne-se - um planner para sua melhor versão!",1.0,amazon.com.br,Visa Crédito,Amazon,Rio de Janeiro,RJ,23060.0,"78,90",0,0,0,0,"-10,26",0,0,0,"68,64",Janeiro,2026
04/01/2026,25407411961,Pedido,701-5030527-4136208,BT-HCTV-ZOJY,"Planner 2026 Napolitano - Planejamento Anual com Roda da Vida A5, Gestão Financeira, Organização Pessoal, Metas e Saúde, Capa Dura Laminada, Agend",1.0,amazon.com.br,Crédito Mastercard e outros,Vendedor,Brasília,Distrito Federal,70673.0,"78,90",0,0,0,0,"-10,26",0,0,0,"68,64",Janeiro,2026
04/01/2026,25407411961,Pedido,702-0391721-4576226,N3-Y3CG-4CQP,Planner 2026 - Floresça que inspira leveza e organização!,1.0,amazon.com.br,Crédito Mastercard e outros,Amazon,Brasília,DF,71907.0,"78,90",0,0,0,0,"-10,26",0,0,0,"68,64",Janeiro,2026
04/01/2026,25407411961,Pedido,701-0554344-9849024,Q5-ZAFB-NUEF,"Planner 2026 - Respire, floresça, torne-se - um planner para sua melhor versão!",1.0,amazon.com.br,Crédito Mastercard e outros,Amazon,Olinda,PE,53370.0,"78,90",0,0,0,0,"-10,26",0,0,0,"68,64",Janeiro,2026
04/01/2026,25407411961,Pedido,701-2274906-1539457,MQ-STXD-11EM,"Planner Premium 2026 - Planejamento Anual com Roda da Vida A5, Gestão Financeira, Organização Pessoal, Metas e Saúde, Capa Dura Laminada, Agenda S",1.0,amazon.com.br,Crédito Mastercard e outros,Vendedor,Jacareí,São Paulo,12301.0,"68,90",0,0,0,0,"-8,96",0,0,0,"59,94",Janeiro,2026
04/01/2026,25407411961,Pedido,702-3549478-0146633,Q5-ZAFB-NUEF,"Planner 2026 - Respire, floresça, torne-se - um planner para sua melhor versão!",1.0,amazon.com.br,Crédito Mastercard e outros,Amazon,Araçatuba,SP,16012.0,"78,90","8,90",0,"-8,90",0,"-10,26",0,0,0,"68,64",Janeiro,2026
04/01/2026,25406929241,Pedido,702-3349404-7802617,N3-Y3CG-4CQP,Planner 2026 - Floresça que inspira leveza e organização!,1.0,amazon.com.br,Boleto,Amazon,Campinas,SP,13025.0,"78,90","8,90",0,"-8,90",0,"-10,26",0,0,0,"68,64",Janeiro,2026
04/01/2026,25407411961,Pedido,701-3989493-7443436,N3-Y3CG-4CQP,Planner 2026 - Floresça que inspira leveza e organização!,1.0,amazon.com.br,Crédito Mastercard e outros,Amazon,Natal,RN,59129.0,"78,90",0,0,0,0,"-10,26",0,0,0,"68,64",Janeiro,2026
04/01/2026,25407411961,Pedido,702-4604429-5720255,MQ-STXD-11EM,"Planner Premium 2026 - Planejamento Anual com Roda da Vida A5, Gestão Financeira, Organização Pessoal, Metas e Saúde, Capa Dura Laminada, Agenda S",1.0,amazon.com.br,Crédito Mastercard e outros,Vendedor,Rio de Janeiro,RJ,21380.0,"68,90",0,0,0,0,"-8,96",0,0,0,"59,94",Janeiro,2026
04/01/2026,25407411961,Pedido,701-4699870-4983436,9X-HUC9-I83L,"Planner 2026 - Respire, floresça, torne-se - um planner para sua melhor versão!",1.0,amazon.com.br,Crédito Mastercard e outros,Vendedor,Santo André,SP,9251.0,"78,90",0,0,0,0,"-10,26",0,0,0,"68,64",Janeiro,2026
04/01/2026,25407650401,Pedido,702-9800963-1413052,Q5-ZAFB-NUEF,"Planner 2026 - Respire, floresça, torne-se - um planner para sua melhor versão!",1.0,amazon.com.br,Visa Crédito,Amazon,Limeira,SP,13485.0,"78,90",0,0,0,0,"-10,26",0,0,0,"68,64",Janeiro,2026
04/01/2026,25407411961,Pedido,702-1216943-3645816,RA-KICF-0Q47,"Caderno Preto 20x20cm - Scrapbook Álbum De Fotos Preto 20 Folhas / 40 Páginas - Gramatura 200, Folhas Grossas",1.0,amazon.com.br,Crédito Mastercard e outros,Vendedor,Porto Alegre,RS,91760.0,"58,90",0,0,0,0,"-7,07",0,0,0,"51,83",Janeiro,2026
04/01/2026,25407411961,Pedido,702-6599722-2230666,AA-2SEI-HBU9,"Planner 2026 - Delicado por fora, poderoso por dentro - organize-se com encanto!",1.0,amazon.com.br,Crédito Mastercard e outros,Vendedor,Rio de Janeiro,RJ,22210.0,"78,90",0,0,0,0,"-10,26",0,0,0,"68,64",Janeiro,2026
04/01/2026,25407411961,Pedido,702-5876031-9997013,Q5-ZAFB-NUEF,"Planner 2026 - Respire, floresça, torne-se - um planner para sua melhor versão!",1.0,amazon.com.br,Crédito Mastercard e outros,Amazon,Goiânia,GO,74843.0,"78,90",0,0,0,0,"-10,26",0,0,0,"68,64",Janeiro,2026
04/01/2026,25407411961,Pedido,702-9571661-8610638,Q5-ZAFB-NUEF,"Planner 2026 - Respire, floresça, torne-se - um planner para sua melhor versão!",1.0,amazon.com.br,Crédito Mastercard e outros,Amazon,Fortaleza,CE,60813.0,"78,90",0,0,0,0,"-10,26",0,0,0,"68,64",Janeiro,2026
04/01/2026,25407650401,Pedido,701-7726714-6438638,Q5-ZAFB-NUEF,"Planner 2026 - Respire, floresça, torne-se - um planner para sua melhor versão!",1.0,amazon.com.br,Visa Crédito,Amazon,Manaus,AM,69055.0,"78,90","5,54",0,"-5,54",0,"-10,26",0,0,0,"68,64",Janeiro,2026
04/01/2026,25407411961,Pedido,702-8112298-2529046,DE-Y8HD-W1WN,Album fotografico scrapbook - Coleção Corações (Rosa),1.0,amazon.com.br,Crédito Mastercard e outros,Amazon,Santa Bárbara D'Oeste,SP,13456.0,"68,90",0,0,0,0,"-8,96",0,0,0,"59,94",Janeiro,2026
04/01/2026,25406929241,Pedido,702-8256457-0618601,14-02SK-RART,Caderno De Anotações - 200 Pag - Flores Naturais,1.0,amazon.com.br,Boleto,Amazon,Manaus,AM,69086.0,"68,90","7,76",0,"-7,76",0,"-8,96",0,0,0,"59,94",Janeiro,2026
04/01/2026,25407411961,Pedido,701-9539512-4213001,MQ-STXD-11EM,"Planner Premium 2026 - Planejamento Anual com Roda da Vida A5, Gestão Financeira, Organização Pessoal, Metas e Saúde, Capa Dura Laminada, Agenda S",1.0,amazon.com.br,Crédito Mastercard e outros,Vendedor,Cruzeiro,Distrito Federal,70655.0,"68,90",0,0,0,0,"-8,96",0,0,0,"59,94",Janeiro,2026
04/01/2026,25407411961,Pedido,701-0297735-1916250,CV-BL1K-YYFH,Planner 2026 - Seu novo começo começa aqui - o planner que floresce com você.,1.0,amazon.com.br,Crédito Mastercard e outros,Amazon,Jundiaí,SP,13214.0,"78,90",0,0,0,0,"-10,26",0,0,0,"68,64",Janeiro,2026
04/01/2026,25407411961,Pedido,702-2226816-7276246,YL-NANJ-F7TC,"Caderno Preto 20x20cm - Scrapbook Álbum De Fotos Preto 20 Folhas / 40 Páginas - Gramatura 200, Folhas Grossas",1.0,amazon.com.br,Crédito Mastercard e outros,Amazon,Manaus,AM,69055.0,"68,90",0,0,0,0,"-8,27",0,0,0,"60,63",Janeiro,2026
04/01/2026,25407411961,Pedido,702-2127753-1798642,RA-KICF-0Q47,"Caderno Preto 20x20cm - Scrapbook Álbum De Fotos Preto 20 Folhas / 40 Páginas - Gramatura 200, Folhas Grossas",1.0,amazon.com.br,Crédito Mastercard e outros,Vendedor,São Carlos,SP,13560.0,"58,90",0,0,0,0,"-7,07",0,0,0,"51,83",Janeiro,2026
04/01/2026,25407411961,Pedido,702-2889252-6211462,N3-Y3CG-4CQP,Planner 2026 - Floresça que inspira leveza e organização!,1.0,amazon.com.br,Crédito Mastercard e outros,Amazon,São Paulo,SP,4911.0,"78,90","8,90",0,"-8,90",0,"-10,26",0,0,0,"68,64",Janeiro,2026
04/01/2026,25407411961,Pedido,702-0326349-9892242,MQ-STXD-11EM,"Planner Premium 2026 - Planejamento Anual com Roda da Vida A5, Gestão Financeira, Organização Pessoal, Metas e Saúde, Capa Dura Laminada, Agenda S",1.0,amazon.com.br,Crédito Mastercard e outros,Vendedor,Rio de Janeiro,RJ,22775.0,"68,90",0,0,0,0,"-8,96",0,0,0,"59,94",Janeiro,2026
04/01/2026,25407411961,Pedido,701-2714670-1589044,J7-1RCD-8P3P,Scrapbook Kraft 20x20: Crie Seu Álbum Artesanal Único,1.0,amazon.com.br,Crédito Mastercard e outros,Amazon,Brasília,DF,70854.0,"68,90",0,0,0,0,"-8,27",0,0,0,"60,63",Janeiro,2026
05/01/2026,25407224741,Pedido,702-0801195-6669009,4O-0ACQ-A4CK,"Planner Financeiro Mensal 2026, Roda Da Vida A5 -Planejamento anual, Organização pessoal Metas e objetivos, Gestão financeira Monitoramento de saú",1.0,amazon.com.br,Elo,Amazon,Sabará,MG,34700.0,"78,90","8,90",0,"-8,90",0,"-10,26",0,0,0,"68,64",Janeiro,2026
05/01/2026,25406929241,Pedido,702-0730305-6585842,H2-QF9W-3BSI,Planner 2026 - Cada flor no seu tempo: planeje o ano com calma e propósito.,1.0,amazon.com.br,Boleto,Amazon,GOIANIA,GO,74395.0,"78,90","8,90",0,"-8,90",0,"-10,26",0,0,0,"68,64",Janeiro,2026
05/01/2026,25407650401,Pedido,701-8912396-7153864,AA-2SEI-HBU9,"Planner 2026 - Delicado por fora, poderoso por dentro - organize-se com encanto!",1.0,amazon.com.br,Visa Crédito,Vendedor,São Paulo,SP,4624.0,"78,90",0,0,0,0,"-10,26",0,0,0,"68,64",Janeiro,2026
05/01/2026,25407411961,Pedido,702-1100832-0907415,VQ-0TZ7-QK96,Planner 2026 - Floresça que inspira leveza e organização!,1.0,amazon.com.br,Crédito Mastercard e outros,Vendedor,Patrocínio,MG,38740.0,"78,90",0,0,0,0,"-10,26",0,0,0,"68,64",Janeiro,2026
05/01/2026,25407411961,Pedido,701-9398778-8108225,N3-Y3CG-4CQP,Planner 2026 - Floresça que inspira leveza e organização!,1.0,amazon.com.br,Crédito Mastercard e outros,Amazon,Brasília,DF,71930.0,"78,90",0,0,0,0,"-10,26",0,0,0,"68,64",Janeiro,2026
05/01/2026,25406929241,Transferir,,,Conta bancária com final: 192,,,Boleto,,,,,0,0,0,0,0,0,0,0,"-3.888,27","-3.888,27",Janeiro,2026
05/01/2026,25406929241,Transferir,,,Conta bancária com final: 192,,,Boleto,,,,,0,0,0,0,0,0,0,0,"-3.024,84","-3.024,84",Janeiro,2026
05/01/2026,25407650401,Pedido,701-6344798-0933822,Q5-ZAFB-NUEF,"Planner 2026 - Respire, floresça, torne-se - um planner para sua melhor versão!",1.0,amazon.com.br,Visa Crédito,Amazon,São Paulo,SP,4107.0,"78,90","8,90",0,"-8,90",0,"-10,26",0,0,0,"68,64",Janeiro,2026
05/01/2026,25407411961,Pedido,701-1109642-1748247,J7-1RCD-8P3P,Scrapbook Kraft 20x20: Crie Seu Álbum Artesanal Único,1.0,amazon.com.br,Crédito Mastercard e outros,Amazon,Brasília,DF,70854.0,"68,90",0,0,0,0,"-8,27",0,0,0,"60,63",Janeiro,2026
05/01/2026,25407411961,Pedido,701-6234493-6982637,D3-VGD4-YDTV,"Planner Premium 2026 - Planejamento Anual com Roda da Vida A5, Gestão Financeira, Organização Pessoal, Metas e Saúde, Capa Dura Laminada, Agenda S",1.0,amazon.com.br,Crédito Mastercard e outros,Amazon,São João Del Rei,MG,36305.0,"78,90",0,0,0,0,"-10,26",0,0,0,"68,64",Janeiro,2026
05/01/2026,25406929241,Pedido,702-7928312-7829027,JC-LA79-2HC8,"Caderno Espiral Capa Dura, A5 210x150mm, 80 Folhas, Van gogh, Frases estoicas (Capa 2)",2.0,amazon.com.br,Boleto,Amazon,São Paulo,SP,5590.0,"71,80","5,93","7,80","-5,93",0,"-9,34","-7,80",0,0,"62,46",Janeiro,2026
05/01/2026,25407650401,Pedido,702-0892225-6390608,CP-2PMZ-GXPL,Planner 2026 - Transforme seu ano,1.0,amazon.com.br,Visa Crédito,Amazon,Santa Rosa,RS,98781.0,"78,90","8,90",0,"-8,90",0,"-10,26",0,0,0,"68,64",Janeiro,2026
05/01/2026,25406929241,Pedido,702-7159107-2040208,Q5-ZAFB-NUEF,"Planner 2026 - Respire, floresça, torne-se - um planner para sua melhor versão!",1.0,amazon.com.br,Boleto,Amazon,Maceió,Alagoas,57052.0,"78,90",0,0,0,0,"-10,26",0,0,0,"68,64",Janeiro,2026
05/01/2026,25407411961,Pedido,702-7762649-0909022,H2-QF9W-3BSI,Planner 2026 - Cada flor no seu tempo: planeje o ano com calma e propósito.,1.0,amazon.com.br,Crédito Mastercard e outros,Amazon,Goiânia,GO,74845.0,"78,90",0,0,0,0,"-10,26",0,0,0,"68,64",Janeiro,2026
05/01/2026,25407411961,Pedido,701-2881913-6671458,CV-BL1K-YYFH,Planner 2026 - Seu novo começo começa aqui - o planner que floresce com você.,1.0,amazon.com.br,Crédito Mastercard e outros,Amazon,Goiânia,GO,74080.0,"78,90",0,0,0,0,"-10,26",0,0,0,"68,64",Janeiro,2026
05/01/2026,25407411961,Pedido,702-2768614-5792207,Q5-ZAFB-NUEF,"Planner 2026 - Respire, floresça, torne-se - um planner para sua melhor versão!",1.0,amazon.com.br,Crédito Mastercard e outros,Amazon,Teresina,PI,64025.0,"78,90",0,0,0,0,"-10,26",0,0,0,"68,64",Janeiro,2026
05/01/2026,25407411961,Pedido,702-2064173-8109061,Q5-ZAFB-NUEF,"Planner 2026 - Respire, floresça, torne-se - um planner para sua melhor versão!",1.0,amazon.com.br,Crédito Mastercard e outros,Amazon,Rio de Janeiro,RJ,20760.0,"78,90","4,88",0,"-4,88",0,"-10,26",0,0,0,"68,64",Janeiro,2026
05/01/2026,25406929241,Pedido,702-4540756-6183408,Q5-ZAFB-NUEF,"Planner 2026 - Respire, floresça, torne-se - um planner para sua melhor versão!",1.0,amazon.com.br,Boleto,Amazon,Catanduva,SP,15804.0,"78,90","8,90",0,"-8,90",0,"-10,26",0,0,0,"68,64",Janeiro,2026
05/01/2026,25407650401,Pedido,702-0104424-0901876,Q5-ZAFB-NUEF,"Planner 2026 - Respire, floresça, torne-se - um planner para sua melhor versão!",1.0,amazon.com.br,Visa Crédito,Amazon,São Paulo,SP,1541.0,"78,90",0,0,0,0,"-10,26",0,0,0,"68,64",Janeiro,2026
05/01/2026,25407650401,Pedido,702-2819812-0022652,CV-BL1K-YYFH,Planner 2026 - Seu novo começo começa aqui - o planner que floresce com você.,1.0,amazon.com.br,Visa Crédito,Amazon,Manaus,AM,69084.0,"78,90",0,0,0,0,"-10,26",0,0,0,"68,64",Janeiro,2026
05/01/2026,25407411961,Pedido,702-5604161-3934634,Q5-ZAFB-NUEF,"Planner 2026 - Respire, floresça, torne-se - um planner para sua melhor versão!",1.0,amazon.com.br,Crédito Mastercard e outros,Amazon,Brasília,DF,71070.0,"78,90",0,0,0,0,"-10,26",0,0,0,"68,64",Janeiro,2026
05/01/2026,25407411961,Pedido,701-3078540-2814616,CP-2PMZ-GXPL,Planner 2026 - Transforme seu ano,1.0,amazon.com.br,Crédito Mastercard e outros,Amazon,Goiânia,GO,74180.0,"78,90",0,0,0,0,"-10,26",0,0,0,"68,64",Janeiro,2026
05/01/2026,25407411961,Pedido,702-9983022-0401010,H2-QF9W-3BSI,Planner 2026 - Cada flor no seu tempo: planeje o ano com calma e propósito.,1.0,amazon.com.br,Crédito Mastercard e outros,Amazon,Rio Branco,AC,69918.0,"78,90",0,0,0,0,"-10,26",0,0,0,"68,64",Janeiro,2026
05/01/2026,25407411961,Pedido,701-9990565-5460234,7I-1FLT-DOZ6,Planner 2026 - Transforme seus dias com o planner que une beleza e funcionalidade,1.0,amazon.com.br,Crédito Mastercard e outros,Amazon,São Paulo,SP,4747.0,"78,90",0,0,0,0,"-10,26",0,0,0,"68,64",Janeiro,2026
05/01/2026,25407411961,Pedido,702-4068053-7988200,OB-4RHT-YARW,"Planner 2026 Napolitano - Planejamento Anual com Roda da Vida A5, Gestão Financeira, Organização Pessoal, Metas e Saúde, Capa Dura Laminada, Agend",1.0,amazon.com.br,Crédito Mastercard e outros,Amazon,Rio de Janeiro,RJ,22793.0,"78,90",0,0,0,0,"-10,26",0,0,0,"68,64",Janeiro,2026
05/01/2026,25407411961,Pedido,701-9387063-8623452,7I-1FLT-DOZ6,Planner 2026 - Transforme seus dias com o planner que une beleza e funcionalidade,1.0,amazon.com.br,Crédito Mastercard e outros,Amazon,Indaiatuba,SP,13348.0,"78,90","8,90",0,"-8,90",0,"-10,26",0,0,0,"68,64",Janeiro,2026
05/01/2026,25407411961,Pedido,701-8162967-6387439,N3-Y3CG-4CQP,Planner 2026 - Floresça que inspira leveza e organização!,1.0,amazon.com.br,Crédito Mastercard e outros,Amazon,BELO HORIZONTE,MG,31080.0,"78,90",0,0,0,0,"-10,26",0,0,0,"68,64",Janeiro,2026
05/01/2026,25406929241,Pedido,702-0913966-1267440,N3-Y3CG-4CQP,Planner 2026 - Floresça que inspira leveza e organização!,1.0,amazon.com.br,Boleto,Amazon,Campina Grande,Pb,58402.0,"78,90",0,0,0,0,"-10,26",0,0,0,"68,64",Janeiro,2026
05/01/2026,25407411961,Pedido,702-6808899-2426615,JC-G3H1-0EHB,Scrapbook Álbum De Fotos Preto 20 Folhas / 40 Páginas,1.0,amazon.com.br,Crédito Mastercard e outros,Vendedor,Caxias do Sul,RS,95112.0,"78,90",0,0,0,0,"-9,47",0,0,0,"69,43",Janeiro,2026
05/01/2026,25406929241,Pedido,702-4890798-0985827,CP-2PMZ-GXPL,Planner 2026 - Transforme seu ano,1.0,amazon.com.br,Boleto,Amazon,Russas,CE,62903.0,"78,90",0,0,0,0,"-10,26",0,0,0,"68,64",Janeiro,2026
05/01/2026,25407411961,Pedido,701-7192141-9279430,H2-QF9W-3BSI,Planner 2026 - Cada flor no seu tempo: planeje o ano com calma e propósito.,1.0,amazon.com.br,Crédito Mastercard e outros,Amazon,Santana de Parnaíba,SP,6537.0,"78,90",0,0,0,0,"-10,26",0,0,0,"68,64",Janeiro,2026
05/01/2026,25406929241,Pedido,702-1088745-8149854,YL-NANJ-F7TC,"Caderno Preto 20x20cm - Scrapbook Álbum De Fotos Preto 20 Folhas / 40 Páginas - Gramatura 200, Folhas Grossas",1.0,amazon.com.br,Boleto,Amazon,Manaus,AM,69050.0,"68,90","8,54",0,"-8,54",0,"-8,27",0,0,0,"60,63",Janeiro,2026
05/01/2026,25407411961,Reembolso,702-6123752-6222605,0Q-EK6Z-SV84,"Planner 2026 Floral - Planejamento Anual com Roda da Vida A5, Gestão Financeira, Organização Pessoal, Metas e Saúde, Capa Dura Laminada, Agenda Se",1.0,amazon.com.br,Crédito Mastercard e outros,Vendedor,Holambra,SP,13826.0,"-78,90",0,0,0,0,"8,21",0,0,0,"-70,69",Janeiro,2026
05/01/2026,25407411961,Serviços de Envio,702-5164492-2330656,,Tarifa de manuseio com base no peso Delivery by Amazon,,Amazon.com.br,Crédito Mastercard e outros,Vendedor,,,,0,0,0,0,0,0,0,"-6,75",0,"-6,75",Janeiro,2026
05/01/2026,25407411961,Serviços de Envio,702-5164492-2330656,,Estorno do frete pago pelo comprador,,Amazon.com.br,Crédito Mastercard e outros,Vendedor,,,,0,0,0,0,0,0,0,0,0,0,Janeiro,2026
05/01/2026,25407411961,Serviços de Envio,701-1880239-3839464,,Tarifa de manuseio com base no peso Delivery by Amazon,,Amazon.com.br,Crédito Mastercard e outros,Vendedor,,,,0,0,0,0,0,0,0,"-6,75",0,"-6,75",Janeiro,2026
05/01/2026,25407411961,Serviços de Envio,701-1880239-3839464,,Estorno do frete pago pelo comprador,,Amazon.com.br,Crédito Mastercard e outros,Vendedor,,,,0,0,0,0,0,0,0,0,0,0,Janeiro,2026
05/01/2026,25407411961,Serviços de Envio,702-7853307-9453807,,Tarifa de manuseio com base no peso Delivery by Amazon,,Amazon.com.br,Crédito Mastercard e outros,Vendedor,,,,0,0,0,0,0,0,0,"-6,75",0,"-6,75",Janeiro,2026
05/01/2026,25407411961,Serviços de Envio,702-7853307-9453807,,Estorno do frete pago pelo comprador,,Amazon.com.br,Crédito Mastercard e outros,Vendedor,,,,0,0,0,0,0,0,0,0,0,0,Janeiro,2026
05/01/2026,25407411961,Serviços de Envio,702-3186564-4740203,,Tarifa de manuseio com base no peso Delivery by Amazon,,Amazon.com.br,Crédito Mastercard e outros,Vendedor,,,,0,0,0,0,0,0,0,"-6,75",0,"-6,75",Janeiro,2026
05/01/2026,25407411961,Serviços de Envio,702-3186564-4740203,,Estorno do frete pago pelo comprador,,Amazon.com.br,Crédito Mastercard e outros,Vendedor,,,,0,0,0,0,0,0,0,0,0,0,Janeiro,2026
05/01/2026,25407411961,Serviços de Envio,702-6907100-0069009,,Tarifa de manuseio com base no peso Delivery by Amazon,,Amazon.com.br,Crédito Mastercard e outros,Vendedor,,,,0,0,0,0,0,0,0,"-6,75",0,"-6,75",Janeiro,2026
05/01/2026,25407411961,Serviços de Envio,702-6907100-0069009,,Estorno do frete pago pelo comprador,,Amazon.com.br,Crédito Mastercard e outros,Vendedor,,,,0,0,0,0,0,0,0,0,0,0,Janeiro,2026
05/01/2026,25407411961,Serviços de Envio,702-6786759-2107454,,Tarifa de manuseio com base no peso Delivery by Amazon,,Amazon.com.br,Crédito Mastercard e outros,Vendedor,,,,0,0,0,0,0,0,0,"-6,75",0,"-6,75",Janeiro,2026
05/01/2026,25407411961,Serviços de Envio,702-6786759-2107454,,Estorno do frete pago pelo comprador,,Amazon.com.br,Crédito Mastercard e outros,Vendedor,,,,0,0,0,0,0,0,0,0,0,0,Janeiro,2026
05/01/2026,25407411961,Serviços de Envio,701-0096318-3430609,,Tarifa de manuseio com base no peso Delivery by Amazon,,Amazon.com.br,Crédito Mastercard e outros,Vendedor,,,,0,0,0,0,0,0,0,"-6,75",0,"-6,75",Janeiro,2026
05/01/2026,25407411961,Serviços de Envio,701-0096318-3430609,,Estorno do frete pago pelo comprador,,Amazon.com.br,Crédito Mastercard e outros,Vendedor,,,,0,0,0,0,0,0,0,0,0,0,Janeiro,2026
05/01/2026,25407411961,Serviços de Envio,701-0689125-9346621,,Tarifa de manuseio com base no peso Delivery by Amazon,,Amazon.com.br,Crédito Mastercard e outros,Vendedor,,,,0,0,0,0,0,0,0,"-6,75",0,"-6,75",Janeiro,2026
05/01/2026,25407411961,Serviços de Envio,701-0689125-9346621,,Estorno do frete pago pelo comprador,,Amazon.com.br,Crédito Mastercard e outros,Vendedor,,,,0,0,0,0,0,0,0,0,0,0,Janeiro,2026
05/01/2026,25407411961,Serviços de Envio,701-2602749-4633033,,Tarifa de manuseio com base no peso Delivery by Amazon,,Amazon.com.br,Crédito Mastercard e outros,Vendedor,,,,0,0,0,0,0,0,0,"-6,75",0,"-6,75",Janeiro,2026
05/01/2026,25407411961,Serviços de Envio,701-2602749-4633033,,Estorno do frete pago pelo comprador,,Amazon.com.br,Crédito Mastercard e outros,Vendedor,,,,0,0,0,0,0,0,0,0,0,0,Janeiro,2026
05/01/2026,25407411961,Serviços de Envio,701-1916651-7839402,,Tarifa de manuseio com base no peso Delivery by Amazon,,Amazon.com.br,Crédito Mastercard e outros,Vendedor,,,,0,0,0,0,0,0,0,"-6,75",0,"-6,75",Janeiro,2026
05/01/2026,25407411961,Serviços de Envio,701-1916651-7839402,,Estorno do frete pago pelo comprador,,Amazon.com.br,Crédito Mastercard e outros,Vendedor,,,,0,0,0,0,0,0,0,0,0,0,Janeiro,2026
05/01/2026,25407411961,Serviços de Envio,702-7694480-1421837,,Tarifa de manuseio com base no peso Delivery by Amazon,,Amazon.com.br,Crédito Mastercard e outros,Vendedor,,,,0,0,0,0,0,0,0,"-6,75",0,"-6,75",Janeiro,2026
05/01/2026,25407411961,Serviços de Envio,702-7694480-1421837,,Estorno do frete pago pelo comprador,,Amazon.com.br,Crédito Mastercard e outros,Vendedor,,,,0,0,0,0,0,0,0,0,0,0,Janeiro,2026
05/01/2026,25407411961,Serviços de Envio,701-3835723-5965030,,Tarifa de manuseio com base no peso Delivery by Amazon,,Amazon.com.br,Crédito Mastercard e outros,Vendedor,,,,0,0,0,0,0,0,0,"-6,75",0,"-6,75",Janeiro,2026
05/01/2026,25407411961,Serviços de Envio,701-3835723-5965030,,Estorno do frete pago pelo comprador,,Amazon.com.br,Crédito Mastercard e outros,Vendedor,,,,0,0,0,0,0,0,0,"-22,02",0,"-22,02",Janeiro,2026
05/01/2026,25407411961,Serviços de Envio,702-1654819-4369051,,Tarifa de manuseio com base no peso Delivery by Amazon,,Amazon.com.br,Crédito Mastercard e outros,Vendedor,,,,0,0,0,0,0,0,0,"-6,75",0,"-6,75",Janeiro,2026
05/01/2026,25407411961,Serviços de Envio,702-1654819-4369051,,Estorno do frete pago pelo comprador,,Amazon.com.br,Crédito Mastercard e outros,Vendedor,,,,0,0,0,0,0,0,0,0,0,0,Janeiro,2026
05/01/2026,25407411961,Serviços de Envio,701-5058583-8692204,,Tarifa de manuseio com base no peso Delivery by Amazon,,Amazon.com.br,Crédito Mastercard e outros,Vendedor,,,,0,0,0,0,0,0,0,"-6,75",0,"-6,75",Janeiro,2026
05/01/2026,25407411961,Serviços de Envio,701-5058583-8692204,,Estorno do frete pago pelo comprador,,Amazon.com.br,Crédito Mastercard e outros,Vendedor,,,,0,0,0,0,0,0,0,0,0,0,Janeiro,2026
05/01/2026,25407411961,Serviços de Envio,702-7251917-0531407,,Tarifa de manuseio com base no peso Delivery by Amazon,,Amazon.com.br,Crédito Mastercard e outros,Vendedor,,,,0,0,0,0,0,0,0,"-13,50",0,"-13,50",Janeiro,2026
05/01/2026,25407411961,Serviços de Envio,702-7251917-0531407,,Estorno do frete pago pelo comprador,,Amazon.com.br,Crédito Mastercard e outros,Vendedor,,,,0,0,0,0,0,0,0,0,0,0,Janeiro,2026
05/01/2026,25407411961,Serviços de Envio,701-5288113-6680253,,Tarifa de manuseio com base no peso Delivery by Amazon,,Amazon.com.br,Crédito Mastercard e outros,Vendedor,,,,0,0,0,0,0,0,0,"-6,75",0,"-6,75",Janeiro,2026
05/01/2026,25407411961,Serviços de Envio,701-5288113-6680253,,Estorno do frete pago pelo comprador,,Amazon.com.br,Crédito Mastercard e outros,Vendedor,,,,0,0,0,0,0,0,0,0,0,0,Janeiro,2026
05/01/2026,25407411961,Serviços de Envio,701-1756715-2949058,,Tarifa de manuseio com base no peso Delivery by Amazon,,Amazon.com.br,Crédito Mastercard e outros,Vendedor,,,,0,0,0,0,0,0,0,"-6,75",0,"-6,75",Janeiro,2026
05/01/2026,25407411961,Serviços de Envio,701-1756715-2949058,,Estorno do frete pago pelo comprador,,Amazon.com.br,Crédito Mastercard e outros,Vendedor,,,,0,0,0,0,0,0,0,0,0,0,Janeiro,2026
05/01/2026,25407411961,Serviços de Envio,701-5476852-9824206,,Tarifa de manuseio com base no peso Delivery by Amazon,,Amazon.com.br,Crédito Mastercard e outros,Vendedor,,,,0,0,0,0,0,0,0,"-6,75",0,"-6,75",Janeiro,2026
05/01/2026,25407411961,Serviços de Envio,701-5476852-9824206,,Estorno do frete pago pelo comprador,,Amazon.com.br,Crédito Mastercard e outros,Vendedor,,,,0,0,0,0,0,0,0,0,0,0,Janeiro,2026
05/01/2026,25407411961,Serviços de Envio,701-5268370-8646662,,Tarifa de manuseio com base no peso Delivery by Amazon,,Amazon.com.br,Crédito Mastercard e outros,Vendedor,,,,0,0,0,0,0,0,0,"-6,75",0,"-6,75",Janeiro,2026
05/01/2026,25407411961,Serviços de Envio,701-5268370-8646662,,Estorno do frete pago pelo comprador,,Amazon.com.br,Crédito Mastercard e outros,Vendedor,,,,0,0,0,0,0,0,0,0,0,0,Janeiro,2026
05/01/2026,25407411961,Serviços de Envio,702-9190033-8315437,,Tarifa de manuseio com base no peso Delivery by Amazon,,Amazon.com.br,Crédito Mastercard e outros,Vendedor,,,,0,0,0,0,0,0,0,"-6,75",0,"-6,75",Janeiro,2026
05/01/2026,25407411961,Serviços de Envio,702-9190033-8315437,,Estorno do frete pago pelo comprador,,Amazon.com.br,Crédito Mastercard e outros,Vendedor,,,,0,0,0,0,0,0,0,0,0,0,Janeiro,2026
05/01/2026,25407411961,Serviços de Envio,701-2011940-0865852,,Tarifa de manuseio com base no peso Delivery by Amazon,,Amazon.com.br,Crédito Mastercard e outros,Vendedor,,,,0,0,0,0,0,0,0,"-6,75",0,"-6,75",Janeiro,2026
05/01/2026,25407411961,Serviços de Envio,701-2011940-0865852,,Estorno do frete pago pelo comprador,,Amazon.com.br,Crédito Mastercard e outros,Vendedor,,,,0,0,0,0,0,0,0,0,0,0,Janeiro,2026
05/01/2026,25407411961,Serviços de Envio,701-2946798-5590623,,Tarifa de manuseio com base no peso Delivery by Amazon,,Amazon.com.br,Crédito Mastercard e outros,Vendedor,,,,0,0,0,0,0,0,0,"-6,75",0,"-6,75",Janeiro,2026
05/01/2026,25407411961,Serviços de Envio,701-2946798-5590623,,Estorno do frete pago pelo comprador,,Amazon.com.br,Crédito Mastercard e outros,Vendedor,,,,0,0,0,0,0,0,0,0,0,0,Janeiro,2026
05/01/2026,25407411961,Serviços de Envio,702-8111134-1373864,,Tarifa de manuseio com base no peso Delivery by Amazon,,Amazon.com.br,Crédito Mastercard e outros,Vendedor,,,,0,0,0,0,0,0,0,"-6,75",0,"-6,75",Janeiro,2026
05/01/2026,25407411961,Serviços de Envio,702-8111134-1373864,,Estorno do frete pago pelo comprador,,Amazon.com.br,Crédito Mastercard e outros,Vendedor,,,,0,0,0,0,0,0,0,0,0,0,Janeiro,2026
05/01/2026,25407411961,Serviços de Envio,701-7551366-9001845,,Tarifa de manuseio com base no peso Delivery by Amazon,,Amazon.com.br,Crédito Mastercard e outros,Vendedor,,,,0,0,0,0,0,0,0,"-6,75",0,"-6,75",Janeiro,2026
05/01/2026,25407411961,Serviços de Envio,701-7551366-9001845,,Estorno do frete pago pelo comprador,,Amazon.com.br,Crédito Mastercard e outros,Vendedor,,,,0,0,0,0,0,0,0,0,0,0,Janeiro,2026
05/01/2026,25407411961,Serviços de Envio,702-9423051-0985869,,Tarifa de manuseio com base no peso Delivery by Amazon,,Amazon.com.br,Crédito Mastercard e outros,Vendedor,,,,0,0,0,0,0,0,0,"-6,75",0,"-6,75",Janeiro,2026
05/01/2026,25407411961,Serviços de Envio,702-9423051-0985869,,Estorno do frete pago pelo comprador,,Amazon.com.br,Crédito Mastercard e outros,Vendedor,,,,0,0,0,0,0,0,0,0,0,0,Janeiro,2026
05/01/2026,25407411961,Serviços de Envio,701-7323024-6124202,,Tarifa de manuseio com base no peso Delivery by Amazon,,Amazon.com.br,Crédito Mastercard e outros,Vendedor,,,,0,0,0,0,0,0,0,"-6,75",0,"-6,75",Janeiro,2026
05/01/2026,25407411961,Serviços de Envio,701-7323024-6124202,,Estorno do frete pago pelo comprador,,Amazon.com.br,Crédito Mastercard e outros,Vendedor,,,,0,0,0,0,0,0,0,0,0,0,Janeiro,2026
05/01/2026,25407411961,Serviços de Envio,702-2795432-2004205,,Tarifa de manuseio com base no peso Delivery by Amazon,,Amazon.com.br,Crédito Mastercard e outros,Vendedor,,,,0,0,0,0,0,0,0,"-13,50",0,"-13,50",Janeiro,2026
05/01/2026,25407411961,Serviços de Envio,702-2795432-2004205,,Estorno do frete pago pelo comprador,,Amazon.com.br,Crédito Mastercard e outros,Vendedor,,,,0,0,0,0,0,0,0,0,0,0,Janeiro,2026
05/01/2026,25407411961,Serviços de Envio,701-6025236-9647458,,Tarifa de manuseio com base no peso Delivery by Amazon,,Amazon.com.br,Crédito Mastercard e outros,Vendedor,,,,0,0,0,0,0,0,0,"-6,75",0,"-6,75",Janeiro,2026
05/01/2026,25407411961,Serviços de Envio,701-6025236-9647458,,Estorno do frete pago pelo comprador,,Amazon.com.br,Crédito Mastercard e outros,Vendedor,,,,0,0,0,0,0,0,0,0,0,0,Janeiro,2026
05/01/2026,25407411961,Serviços de Envio,701-0555503-5197001,,Tarifa de manuseio com base no peso Delivery by Amazon,,Amazon.com.br,Crédito Mastercard e outros,Vendedor,,,,0,0,0,0,0,0,0,"-6,75",0,"-6,75",Janeiro,2026
05/01/2026,25407411961,Serviços de Envio,701-0555503-5197001,,Estorno do frete pago pelo comprador,,Amazon.com.br,Crédito Mastercard e outros,Vendedor,,,,0,0,0,0,0,0,0,0,0,0,Janeiro,2026
05/01/2026,25407411961,Serviços de Envio,702-9628551-5389005,,Tarifa de manuseio com base no peso Delivery by Amazon,,Amazon.com.br,Crédito Mastercard e outros,Vendedor,,,,0,0,0,0,0,0,0,"-6,75",0,"-6,75",Janeiro,2026
05/01/2026,25407411961,Serviços de Envio,702-9628551-5389005,,Estorno do frete pago pelo comprador,,Amazon.com.br,Crédito Mastercard e outros,Vendedor,,,,0,0,0,0,0,0,0,0,0,0,Janeiro,2026
05/01/2026,25407411961,Serviços de Envio,701-0580949-9701862,,Tarifa de manuseio com base no peso Delivery by Amazon,,Amazon.com.br,Crédito Mastercard e outros,Vendedor,,,,0,0,0,0,0,0,0,"-6,75",0,"-6,75",Janeiro,2026
05/01/2026,25407411961,Serviços de Envio,701-0580949-9701862,,Estorno do frete pago pelo comprador,,Amazon.com.br,Crédito Mastercard e outros,Vendedor,,,,0,0,0,0,0,0,0,"-21,57",0,"-21,57",Janeiro,2026
05/01/2026,25407411961,Serviços de Envio,702-5631497-1178639,,Tarifa de manuseio com base no peso Delivery by Amazon,,Amazon.com.br,Crédito Mastercard e outros,Vendedor,,,,0,0,0,0,0,0,0,"-6,75",0,"-6,75",Janeiro,2026
05/01/2026,25407411961,Serviços de Envio,702-5631497-1178639,,Estorno do frete pago pelo comprador,,Amazon.com.br,Crédito Mastercard e outros,Vendedor,,,,0,0,0,0,0,0,0,0,0,0,Janeiro,2026
05/01/2026,25407411961,Serviços de Envio,702-1170305-5338610,,Tarifa de manuseio com base no peso Delivery by Amazon,,Amazon.com.br,Crédito Mastercard e outros,Vendedor,,,,0,0,0,0,0,0,0,"-6,75",0,"-6,75",Janeiro,2026
05/01/2026,25407411961,Serviços de Envio,702-1170305-5338610,,Estorno do frete pago pelo comprador,,Amazon.com.br,Crédito Mastercard e outros,Vendedor,,,,0,0,0,0,0,0,0,0,0,0,Janeiro,2026
05/01/2026,25407411961,Serviços de Envio,702-8172698-7517812,,Tarifa de manuseio com base no peso Delivery by Amazon,,Amazon.com.br,Crédito Mastercard e outros,Vendedor,,,,0,0,0,0,0,0,0,"-6,75",0,"-6,75",Janeiro,2026
05/01/2026,25407411961,Serviços de Envio,702-8172698-7517812,,Estorno do frete pago pelo comprador,,Amazon.com.br,Crédito Mastercard e outros,Vendedor,,,,0,0,0,0,0,0,0,0,0,0,Janeiro,2026
05/01/2026,25407411961,Serviços de Envio,702-5253996-4141850,,Tarifa de manuseio com base no peso Delivery by Amazon,,Amazon.com.br,Crédito Mastercard e outros,Vendedor,,,,0,0,0,0,0,0,0,"-6,75",0,"-6,75",Janeiro,2026
05/01/2026,25407411961,Serviços de Envio,702-5253996-4141850,,Estorno do frete pago pelo comprador,,Amazon.com.br,Crédito Mastercard e outros,Vendedor,,,,0,0,0,0,0,0,0,"-22,02",0,"-22,02",Janeiro,2026
05/01/2026,25407411961,Serviços de Envio,701-0470340-6393027,,Tarifa de manuseio com base no peso Delivery by Amazon,,Amazon.com.br,Crédito Mastercard e outros,Vendedor,,,,0,0,0,0,0,0,0,"-6,75",0,"-6,75",Janeiro,2026
05/01/2026,25407411961,Serviços de Envio,701-0470340-6393027,,Estorno do frete pago pelo comprador,,Amazon.com.br,Crédito Mastercard e outros,Vendedor,,,,0,0,0,0,0,0,0,0,0,0,Janeiro,2026
05/01/2026,25407411961,Serviços de Envio,702-0319272-4454661,,Tarifa de manuseio com base no peso Delivery by Amazon,,Amazon.com.br,Crédito Mastercard e outros,Vendedor,,,,0,0,0,0,0,0,0,"-6,75",0,"-6,75",Janeiro,2026
05/01/2026,25407411961,Serviços de Envio,702-0319272-4454661,,Estorno do frete pago pelo comprador,,Amazon.com.br,Crédito Mastercard e outros,Vendedor,,,,0,0,0,0,0,0,0,"-21,71",0,"-21,71",Janeiro,2026
05/01/2026,25407411961,Serviços de Envio,702-5741768-5716250,,Tarifa de manuseio com base no peso Delivery by Amazon,,Amazon.com.br,Crédito Mastercard e outros,Vendedor,,,,0,0,0,0,0,0,0,"-6,50",0,"-6,50",Janeiro,2026
05/01/2026,25407411961,Serviços de Envio,702-5741768-5716250,,Estorno do frete pago pelo comprador,,Amazon.com.br,Crédito Mastercard e outros,Vendedor,,,,0,0,0,0,0,0,0,0,0,0,Janeiro,2026
05/01/2026,25407411961,Serviços de Envio,701-6331078-0153031,,Tarifa de manuseio com base no peso Delivery by Amazon,,Amazon.com.br,Crédito Mastercard e outros,Vendedor,,,,0,0,0,0,0,0,0,"-13,50",0,"-13,50",Janeiro,2026
05/01/2026,25407411961,Serviços de Envio,701-6331078-0153031,,Estorno do frete pago pelo comprador,,Amazon.com.br,Crédito Mastercard e outros,Vendedor,,,,0,0,0,0,0,0,0,0,0,0,Janeiro,2026
05/01/2026,25407411961,Serviços de Envio,701-6487225-5125005,,Tarifa de manuseio com base no peso Delivery by Amazon,,Amazon.com.br,Crédito Mastercard e outros,Vendedor,,,,0,0,0,0,0,0,0,"-6,75",0,"-6,75",Janeiro,2026
05/01/2026,25407411961,Serviços de Envio,701-6487225-5125005,,Estorno do frete pago pelo comprador,,Amazon.com.br,Crédito Mastercard e outros,Vendedor,,,,0,0,0,0,0,0,0,0,0,0,Janeiro,2026
05/01/2026,25407411961,Serviços de Envio,702-7402810-8814624,,Tarifa de manuseio com base no peso Delivery by Amazon,,Amazon.com.br,Crédito Mastercard e outros,Vendedor,,,,0,0,0,0,0,0,0,"-6,75",0,"-6,75",Janeiro,2026
05/01/2026,25407411961,Serviços de Envio,702-7402810-8814624,,Estorno do frete pago pelo comprador,,Amazon.com.br,Crédito Mastercard e outros,Vendedor,,,,0,0,0,0,0,0,0,0,0,0,Janeiro,2026
05/01/2026,25407411961,Serviços de Envio,701-4893728-3015419,,Tarifa de manuseio com base no peso Delivery by Amazon,,Amazon.com.br,Crédito Mastercard e outros,Vendedor,,,,0,0,0,0,0,0,0,"-6,75",0,"-6,75",Janeiro,2026
05/01/2026,25407411961,Serviços de Envio,701-4893728-3015419,,Estorno do frete pago pelo comprador,,Amazon.com.br,Crédito Mastercard e outros,Vendedor,,,,0,0,0,0,0,0,0,"-22,02",0,"-22,02",Janeiro,2026
05/01/2026,25407411961,Serviços de Envio,701-9454557-3341042,,Tarifa de manuseio com base no peso Delivery by Amazon,,Amazon.com.br,Crédito Mastercard e outros,Vendedor,,,,0,0,0,0,0,0,0,"-6,75",0,"-6,75",Janeiro,2026
05/01/2026,25407411961,Serviços de Envio,701-9454557-3341042,,Estorno do frete pago pelo comprador,,Amazon.com.br,Crédito Mastercard e outros,Vendedor,,,,0,0,0,0,0,0,0,0,0,0,Janeiro,2026
05/01/2026,25407411961,Serviços de Envio,702-0256729-7369071,,Tarifa de manuseio com base no peso Delivery by Amazon,,Amazon.com.br,Crédito Mastercard e outros,Vendedor,,,,0,0,0,0,0,0,0,"-6,75",0,"-6,75",Janeiro,2026
05/01/2026,25407411961,Serviços de Envio,702-0256729-7369071,,Estorno do frete pago pelo comprador,,Amazon.com.br,Crédito Mastercard e outros,Vendedor,,,,0,0,0,0,0,0,0,0,0,0,Janeiro,2026
05/01/2026,25407411961,Serviços de Envio,701-1593437-8704252,,Tarifa de manuseio com base no peso Delivery by Amazon,,Amazon.com.br,Crédito Mastercard e outros,Vendedor,,,,0,0,0,0,0,0,0,"-6,75",0,"-6,75",Janeiro,2026
05/01/2026,25407411961,Serviços de Envio,701-1593437-8704252,,Estorno do frete pago pelo comprador,,Amazon.com.br,Crédito Mastercard e outros,Vendedor,,,,0,0,0,0,0,0,0,0,0,0,Janeiro,2026
05/01/2026,25407411961,Serviços de Envio,702-3460100-7285018,,Tarifa de manuseio com base no peso Delivery by Amazon,,Amazon.com.br,Crédito Mastercard e outros,Vendedor,,,,0,0,0,0,0,0,0,"-6,75",0,"-6,75",Janeiro,2026
05/01/2026,25407411961,Serviços de Envio,702-3460100-7285018,,Estorno do frete pago pelo comprador,,Amazon.com.br,Crédito Mastercard e outros,Vendedor,,,,0,0,0,0,0,0,0,0,0,0,Janeiro,2026
05/01/2026,25407411961,Serviços de Envio,701-7000691-1023452,,Tarifa de manuseio com base no peso Delivery by Amazon,,Amazon.com.br,Crédito Mastercard e outros,Vendedor,,,,0,0,0,0,0,0,0,"-6,75",0,"-6,75",Janeiro,2026
05/01/2026,25407411961,Serviços de Envio,701-7000691-1023452,,Estorno do frete pago pelo comprador,,Amazon.com.br,Crédito Mastercard e outros,Vendedor,,,,0,0,0,0,0,0,0,"-21,80",0,"-21,80",Janeiro,2026
05/01/2026,25407411961,Serviços de Envio,702-9419436-4754658,,Tarifa de manuseio com base no peso Delivery by Amazon,,Amazon.com.br,Crédito Mastercard e outros,Vendedor,,,,0,0,0,0,0,0,0,"-13,50",0,"-13,50",Janeiro,2026
05/01/2026,25407411961,Serviços de Envio,702-9419436-4754658,,Estorno do frete pago pelo comprador,,Amazon.com.br,Crédito Mastercard e outros,Vendedor,,,,0,0,0,0,0,0,0,0,0,0,Janeiro,2026
05/01/2026,25407411961,Serviços de Envio,701-1584784-6813045,,Tarifa de manuseio com base no peso Delivery by Amazon,,Amazon.com.br,Crédito Mastercard e outros,Vendedor,,,,0,0,0,0,0,0,0,"-6,75",0,"-6,75",Janeiro,2026
05/01/2026,25407411961,Serviços de Envio,701-1584784-6813045,,Estorno do frete pago pelo comprador,,Amazon.com.br,Crédito Mastercard e outros,Vendedor,,,,0,0,0,0,0,0,0,0,0,0,Janeiro,2026
05/01/2026,25407411961,Serviços de Envio,702-6679266-5280235,,Tarifa de manuseio com base no peso Delivery by Amazon,,Amazon.com.br,Crédito Mastercard e outros,Vendedor,,,,0,0,0,0,0,0,0,"-6,75",0,"-6,75",Janeiro,2026
05/01/2026,25407411961,Serviços de Envio,702-6679266-5280235,,Estorno do frete pago pelo comprador,,Amazon.com.br,Crédito Mastercard e outros,Vendedor,,,,0,0,0,0,0,0,0,0,0,0,Janeiro,2026
05/01/2026,25407411961,Serviços de Envio,702-0710367-0117029,,Tarifa de manuseio com base no peso Delivery by Amazon,,Amazon.com.br,Crédito Mastercard e outros,Vendedor,,,,0,0,0,0,0,0,0,"-6,75",0,"-6,75",Janeiro,2026
05/01/2026,25407411961,Serviços de Envio,702-0710367-0117029,,Estorno do frete pago pelo comprador,,Amazon.com.br,Crédito Mastercard e outros,Vendedor,,,,0,0,0,0,0,0,0,0,0,0,Janeiro,2026
05/01/2026,25407411961,Serviços de Envio,701-1351661-8377023,,Tarifa de manuseio com base no peso Delivery by Amazon,,Amazon.com.br,Crédito Mastercard e outros,Vendedor,,,,0,0,0,0,0,0,0,"-6,75",0,"-6,75",Janeiro,2026
05/01/2026,25407411961,Serviços de Envio,701-1351661-8377023,,Estorno do frete pago pelo comprador,,Amazon.com.br,Crédito Mastercard e outros,Vendedor,,,,0,0,0,0,0,0,0,0,0,0,Janeiro,2026
05/01/2026,25407411961,Serviços de Envio,702-4953217-9094627,,Tarifa de manuseio com base no peso Delivery by Amazon,,Amazon.com.br,Crédito Mastercard e outros,Vendedor,,,,0,0,0,0,0,0,0,"-6,75",0,"-6,75",Janeiro,2026
05/01/2026,25407411961,Serviços de Envio,702-4953217-9094627,,Estorno do frete pago pelo comprador,,Amazon.com.br,Crédito Mastercard e outros,Vendedor,,,,0,0,0,0,0,0,0,0,0,0,Janeiro,2026
05/01/2026,25407411961,Serviços de Envio,702-9218302-0961053,,Tarifa de manuseio com base no peso Delivery by Amazon,,Amazon.com.br,Crédito Mastercard e outros,Vendedor,,,,0,0,0,0,0,0,0,"-6,75",0,"-6,75",Janeiro,2026
05/01/2026,25407411961,Serviços de Envio,702-9218302-0961053,,Estorno do frete pago pelo comprador,,Amazon.com.br,Crédito Mastercard e outros,Vendedor,,,,0,0,0,0,0,0,0,0,0,0,Janeiro,2026
05/01/2026,25407411961,Serviços de Envio,701-6204250-3911404,,Tarifa de manuseio com base no peso Delivery by Amazon,,Amazon.com.br,Crédito Mastercard e outros,Vendedor,,,,0,0,0,0,0,0,0,"-6,75",0,"-6,75",Janeiro,2026
05/01/2026,25407411961,Serviços de Envio,701-6204250-3911404,,Estorno do frete pago pelo comprador,,Amazon.com.br,Crédito Mastercard e outros,Vendedor,,,,0,0,0,0,0,0,0,0,0,0,Janeiro,2026
05/01/2026,25407411961,Serviços de Envio,701-7264895-5593035,,Tarifa de manuseio com base no peso Delivery by Amazon,,Amazon.com.br,Crédito Mastercard e outros,Vendedor,,,,0,0,0,0,0,0,0,"-6,75",0,"-6,75",Janeiro,2026
05/01/2026,25407411961,Serviços de Envio,701-7264895-5593035,,Estorno do frete pago pelo comprador,,Amazon.com.br,Crédito Mastercard e outros,Vendedor,,,,0,0,0,0,0,0,0,0,0,0,Janeiro,2026
05/01/2026,25407411961,Serviços de Envio,702-5471965-6288212,,Tarifa de manuseio com base no peso Delivery by Amazon,,Amazon.com.br,Crédito Mastercard e outros,Vendedor,,,,0,0,0,0,0,0,0,"-6,75",0,"-6,75",Janeiro,2026
05/01/2026,25407411961,Serviços de Envio,702-5471965-6288212,,Estorno do frete pago pelo comprador,,Amazon.com.br,Crédito Mastercard e outros,Vendedor,,,,0,0,0,0,0,0,0,0,0,0,Janeiro,2026
05/01/2026,25407411961,Serviços de Envio,701-8741028-9053035,,Tarifa de manuseio com base no peso Delivery by Amazon,,Amazon.com.br,Crédito Mastercard e outros,Vendedor,,,,0,0,0,0,0,0,0,"-6,75",0,"-6,75",Janeiro,2026
05/01/2026,25407411961,Serviços de Envio,701-8741028-9053035,,Estorno do frete pago pelo comprador,,Amazon.com.br,Crédito Mastercard e outros,Vendedor,,,,0,0,0,0,0,0,0,0,0,0,Janeiro,2026
05/01/2026,25407411961,Serviços de Envio,701-7376270-3079447,,Tarifa de manuseio com base no peso Delivery by Amazon,,Amazon.com.br,Crédito Mastercard e outros,Vendedor,,,,0,0,0,0,0,0,0,"-6,75",0,"-6,75",Janeiro,2026
05/01/2026,25407411961,Serviços de Envio,701-7376270-3079447,,Estorno do frete pago pelo comprador,,Amazon.com.br,Crédito Mastercard e outros,Vendedor,,,,0,0,0,0,0,0,0,0,0,0,Janeiro,2026
05/01/2026,25407411961,Serviços de Envio,702-0875986-1236214,,Tarifa de manuseio com base no peso Delivery by Amazon,,Amazon.com.br,Crédito Mastercard e outros,Vendedor,,,,0,0,0,0,0,0,0,"-6,75",0,"-6,75",Janeiro,2026
05/01/2026,25407411961,Serviços de Envio,702-0875986-1236214,,Estorno do frete pago pelo comprador,,Amazon.com.br,Crédito Mastercard e outros,Vendedor,,,,0,0,0,0,0,0,0,0,0,0,Janeiro,2026
05/01/2026,25407411961,Serviços de Envio,701-1208504-7830666,,Tarifa de manuseio com base no peso Delivery by Amazon,,Amazon.com.br,Crédito Mastercard e outros,Vendedor,,,,0,0,0,0,0,0,0,"-6,75",0,"-6,75",Janeiro,2026
05/01/2026,25407411961,Serviços de Envio,701-1208504-7830666,,Estorno do frete pago pelo comprador,,Amazon.com.br,Crédito Mastercard e outros,Vendedor,,,,0,0,0,0,0,0,0,0,0,0,Janeiro,2026
05/01/2026,25407411961,Serviços de Envio,702-7582669-2471449,,Tarifa de manuseio com base no peso Delivery by Amazon,,Amazon.com.br,Crédito Mastercard e outros,Vendedor,,,,0,0,0,0,0,0,0,"-6,75",0,"-6,75",Janeiro,2026
05/01/2026,25407411961,Serviços de Envio,702-7582669-2471449,,Estorno do frete pago pelo comprador,,Amazon.com.br,Crédito Mastercard e outros,Vendedor,,,,0,0,0,0,0,0,0,0,0,0,Janeiro,2026
05/01/2026,25407411961,Serviços de Envio,702-9510542-4001853,,Tarifa de manuseio com base no peso Delivery by Amazon,,Amazon.com.br,Crédito Mastercard e outros,Vendedor,,,,0,0,0,0,0,0,0,"-6,75",0,"-6,75",Janeiro,2026
05/01/2026,25407411961,Serviços de Envio,702-9510542-4001853,,Estorno do frete pago pelo comprador,,Amazon.com.br,Crédito Mastercard e outros,Vendedor,,,,0,0,0,0,0,0,0,0,0,0,Janeiro,2026
05/01/2026,25407411961,Serviços de Envio,702-2942137-9162663,,Tarifa de manuseio com base no peso Delivery by Amazon,,Amazon.com.br,Crédito Mastercard e outros,Vendedor,,,,0,0,0,0,0,0,0,"-6,75",0,"-6,75",Janeiro,2026
05/01/2026,25407411961,Serviços de Envio,702-2942137-9162663,,Estorno do frete pago pelo comprador,,Amazon.com.br,Crédito Mastercard e outros,Vendedor,,,,0,0,0,0,0,0,0,0,0,0,Janeiro,2026
05/01/2026,25407411961,Serviços de Envio,701-7298223-8406663,,Tarifa de manuseio com base no peso Delivery by Amazon,,Amazon.com.br,Crédito Mastercard e outros,Vendedor,,,,0,0,0,0,0,0,0,"-6,75",0,"-6,75",Janeiro,2026
05/01/2026,25407411961,Serviços de Envio,701-7298223-8406663,,Estorno do frete pago pelo comprador,,Amazon.com.br,Crédito Mastercard e outros,Vendedor,,,,0,0,0,0,0,0,0,0,0,0,Janeiro,2026
05/01/2026,25407411961,Serviços de Envio,701-9557434-0145808,,Tarifa de manuseio com base no peso Delivery by Amazon,,Amazon.com.br,Crédito Mastercard e outros,Vendedor,,,,0,0,0,0,0,0,0,"-6,75",0,"-6,75",Janeiro,2026
05/01/2026,25407411961,Serviços de Envio,701-9557434-0145808,,Estorno do frete pago pelo comprador,,Amazon.com.br,Crédito Mastercard e outros,Vendedor,,,,0,0,0,0,0,0,0,0,0,0,Janeiro,2026
05/01/2026,25407411961,Serviços de Envio,701-8303898-6800251,,Tarifa de manuseio com base no peso Delivery by Amazon,,Amazon.com.br,Crédito Mastercard e outros,Vendedor,,,,0,0,0,0,0,0,0,"-6,75",0,"-6,75",Janeiro,2026
05/01/2026,25407411961,Serviços de Envio,701-8303898-6800251,,Estorno do frete pago pelo comprador,,Amazon.com.br,Crédito Mastercard e outros,Vendedor,,,,0,0,0,0,0,0,0,0,0,0,Janeiro,2026
05/01/2026,25407411961,Serviços de Envio,702-3388407-9650620,,Tarifa de manuseio com base no peso Delivery by Amazon,,Amazon.com.br,Crédito Mastercard e outros,Vendedor,,,,0,0,0,0,0,0,0,"-6,75",0,"-6,75",Janeiro,2026
05/01/2026,25407411961,Serviços de Envio,702-3388407-9650620,,Estorno do frete pago pelo comprador,,Amazon.com.br,Crédito Mastercard e outros,Vendedor,,,,0,0,0,0,0,0,0,"-22,02",0,"-22,02",Janeiro,2026
05/01/2026,25407411961,Serviços de Envio,702-6494959-2764247,,Tarifa de manuseio com base no peso Delivery by Amazon,,Amazon.com.br,Crédito Mastercard e outros,Vendedor,,,,0,0,0,0,0,0,0,"-6,75",0,"-6,75",Janeiro,2026
05/01/2026,25407411961,Serviços de Envio,702-6494959-2764247,,Estorno do frete pago pelo comprador,,Amazon.com.br,Crédito Mastercard e outros,Vendedor,,,,0,0,0,0,0,0,0,0,0,0,Janeiro,2026
05/01/2026,25407411961,Serviços de Envio,701-6086213-4787419,,Tarifa de manuseio com base no peso Delivery by Amazon,,Amazon.com.br,Crédito Mastercard e outros,Vendedor,,,,0,0,0,0,0,0,0,"-6,75",0,"-6,75",Janeiro,2026
05/01/2026,25407411961,Serviços de Envio,701-6086213-4787419,,Estorno do frete pago pelo comprador,,Amazon.com.br,Crédito Mastercard e outros,Vendedor,,,,0,0,0,0,0,0,0,0,0,0,Janeiro,2026
05/01/2026,25407411961,Serviços de Envio,701-8949520-2141040,,Tarifa de manuseio com base no peso Delivery by Amazon,,Amazon.com.br,Crédito Mastercard e outros,Vendedor,,,,0,0,0,0,0,0,0,"-6,75",0,"-6,75",Janeiro,2026
05/01/2026,25407411961,Serviços de Envio,701-8949520-2141040,,Estorno do frete pago pelo comprador,,Amazon.com.br,Crédito Mastercard e outros,Vendedor,,,,0,0,0,0,0,0,0,0,0,0,Janeiro,2026
05/01/2026,25407411961,Serviços de Envio,702-6633657-8325868,,Tarifa de manuseio com base no peso Delivery by Amazon,,Amazon.com.br,Crédito Mastercard e outros,Vendedor,,,,0,0,0,0,0,0,0,"-6,75",0,"-6,75",Janeiro,2026
05/01/2026,25407411961,Serviços de Envio,702-6633657-8325868,,Estorno do frete pago pelo comprador,,Amazon.com.br,Crédito Mastercard e outros,Vendedor,,,,0,0,0,0,0,0,0,0,0,0,Janeiro,2026
05/01/2026,25407411961,Serviços de Envio,702-5348911-5974629,,Tarifa de manuseio com base no peso Delivery by Amazon,,Amazon.com.br,Crédito Mastercard e outros,Vendedor,,,,0,0,0,0,0,0,0,"-13,50",0,"-13,50",Janeiro,2026
05/01/2026,25407411961,Serviços de Envio,702-5348911-5974629,,Estorno do frete pago pelo comprador,,Amazon.com.br,Crédito Mastercard e outros,Vendedor,,,,0,0,0,0,0,0,0,0,0,0,Janeiro,2026
05/01/2026,25407411961,Serviços de Envio,702-1858105-4217060,,Tarifa de manuseio com base no peso Delivery by Amazon,,Amazon.com.br,Crédito Mastercard e outros,Vendedor,,,,0,0,0,0,0,0,0,"-6,75",0,"-6,75",Janeiro,2026
05/01/2026,25407411961,Serviços de Envio,702-1858105-4217060,,Estorno do frete pago pelo comprador,,Amazon.com.br,Crédito Mastercard e outros,Vendedor,,,,0,0,0,0,0,0,0,0,0,0,Janeiro,2026
05/01/2026,25407411961,Serviços de Envio,702-6723252-8172205,,Tarifa de manuseio com base no peso Delivery by Amazon,,Amazon.com.br,Crédito Mastercard e outros,Vendedor,,,,0,0,0,0,0,0,0,"-6,75",0,"-6,75",Janeiro,2026
05/01/2026,25407411961,Serviços de Envio,702-6723252-8172205,,Estorno do frete pago pelo comprador,,Amazon.com.br,Crédito Mastercard e outros,Vendedor,,,,0,0,0,0,0,0,0,0,0,0,Janeiro,2026
05/01/2026,25407411961,Serviços de Envio,701-7799311-7573866,,Tarifa de manuseio com base no peso Delivery by Amazon,,Amazon.com.br,Crédito Mastercard e outros,Vendedor,,,,0,0,0,0,0,0,0,"-6,75",0,"-6,75",Janeiro,2026
05/01/2026,25407411961,Serviços de Envio,701-7799311-7573866,,Estorno do frete pago pelo comprador,,Amazon.com.br,Crédito Mastercard e outros,Vendedor,,,,0,0,0,0,0,0,0,0,0,0,Janeiro,2026
05/01/2026,25407411961,Serviços de Envio,702-1234479-7127409,,Tarifa de manuseio com base no peso Delivery by Amazon,,Amazon.com.br,Crédito Mastercard e outros,Vendedor,,,,0,0,0,0,0,0,0,"-6,75",0,"-6,75",Janeiro,2026
05/01/2026,25407411961,Serviços de Envio,702-1234479-7127409,,Estorno do frete pago pelo comprador,,Amazon.com.br,Crédito Mastercard e outros,Vendedor,,,,0,0,0,0,0,0,0,"-22,02",0,"-22,02",Janeiro,2026
05/01/2026,25407411961,Serviços de Envio,701-2768988-6678602,,Tarifa de manuseio com base no peso Delivery by Amazon,,Amazon.com.br,Crédito Mastercard e outros,Vendedor,,,,0,0,0,0,0,0,0,"-6,75",0,"-6,75",Janeiro,2026
05/01/2026,25407411961,Serviços de Envio,701-2768988-6678602,,Estorno do frete pago pelo comprador,,Amazon.com.br,Crédito Mastercard e outros,Vendedor,,,,0,0,0,0,0,0,0,0,0,0,Janeiro,2026
05/01/2026,25407411961,Serviços de Envio,701-5312467-2220228,,Tarifa de manuseio com base no peso Delivery by Amazon,,Amazon.com.br,Crédito Mastercard e outros,Vendedor,,,,0,0,0,0,0,0,0,"-6,75",0,"-6,75",Janeiro,2026
05/01/2026,25407411961,Serviços de Envio,701-5312467-2220228,,Estorno do frete pago pelo comprador,,Amazon.com.br,Crédito Mastercard e outros,Vendedor,,,,0,0,0,0,0,0,0,0,0,0,Janeiro,2026
05/01/2026,25407411961,Serviços de Envio,702-3168207-4145855,,Tarifa de manuseio com base no peso Delivery by Amazon,,Amazon.com.br,Crédito Mastercard e outros,Vendedor,,,,0,0,0,0,0,0,0,"-13,50",0,"-13,50",Janeiro,2026
05/01/2026,25407411961,Serviços de Envio,702-3168207-4145855,,Estorno do frete pago pelo comprador,,Amazon.com.br,Crédito Mastercard e outros,Vendedor,,,,0,0,0,0,0,0,0,0,0,0,Janeiro,2026
05/01/2026,25407411961,Serviços de Envio,702-1950803-4417027,,Tarifa de manuseio com base no peso Delivery by Amazon,,Amazon.com.br,Crédito Mastercard e outros,Vendedor,,,,0,0,0,0,0,0,0,"-6,75",0,"-6,75",Janeiro,2026
05/01/2026,25407411961,Serviços de Envio,702-1950803-4417027,,Estorno do frete pago pelo comprador,,Amazon.com.br,Crédito Mastercard e outros,Vendedor,,,,0,0,0,0,0,0,0,0,0,0,Janeiro,2026
05/01/2026,25407411961,Serviços de Envio,702-2071756-9065037,,Tarifa de manuseio com base no peso Delivery by Amazon,,Amazon.com.br,Crédito Mastercard e outros,Vendedor,,,,0,0,0,0,0,0,0,"-6,75",0,"-6,75",Janeiro,2026
05/01/2026,25407411961,Serviços de Envio,702-2071756-9065037,,Estorno do frete pago pelo comprador,,Amazon.com.br,Crédito Mastercard e outros,Vendedor,,,,0,0,0,0,0,0,0,0,0,0,Janeiro,2026
05/01/2026,25407411961,Serviços de Envio,702-6726665-4726611,,Tarifa de manuseio com base no peso Delivery by Amazon,,Amazon.com.br,Crédito Mastercard e outros,Vendedor,,,,0,0,0,0,0,0,0,"-6,75",0,"-6,75",Janeiro,2026
05/01/2026,25407411961,Serviços de Envio,702-6726665-4726611,,Estorno do frete pago pelo comprador,,Amazon.com.br,Crédito Mastercard e outros,Vendedor,,,,0,0,0,0,0,0,0,0,0,0,Janeiro,2026
05/01/2026,25407411961,Serviços de Envio,701-9456347-1827425,,Tarifa de manuseio com base no peso Delivery by Amazon,,Amazon.com.br,Crédito Mastercard e outros,Vendedor,,,,0,0,0,0,0,0,0,"-6,75",0,"-6,75",Janeiro,2026
05/01/2026,25407411961,Serviços de Envio,701-9456347-1827425,,Estorno do frete pago pelo comprador,,Amazon.com.br,Crédito Mastercard e outros,Vendedor,,,,0,0,0,0,0,0,0,"-22,02",0,"-22,02",Janeiro,2026
05/01/2026,25407411961,Serviços de Envio,701-0433964-3864248,,Tarifa de manuseio com base no peso Delivery by Amazon,,Amazon.com.br,Crédito Mastercard e outros,Vendedor,,,,0,0,0,0,0,0,0,"-6,75",0,"-6,75",Janeiro,2026
05/01/2026,25407411961,Serviços de Envio,701-0433964-3864248,,Estorno do frete pago pelo comprador,,Amazon.com.br,Crédito Mastercard e outros,Vendedor,,,,0,0,0,0,0,0,0,0,0,0,Janeiro,2026
05/01/2026,25407411961,Serviços de Envio,702-6437208-0211459,,Tarifa de manuseio com base no peso Delivery by Amazon,,Amazon.com.br,Crédito Mastercard e outros,Vendedor,,,,0,0,0,0,0,0,0,"-6,75",0,"-6,75",Janeiro,2026
05/01/2026,25407411961,Serviços de Envio,702-6437208-0211459,,Estorno do frete pago pelo comprador,,Amazon.com.br,Crédito Mastercard e outros,Vendedor,,,,0,0,0,0,0,0,0,0,0,0,Janeiro,2026
05/01/2026,25407411961,Serviços de Envio,701-5096645-7553809,,Tarifa de manuseio com base no peso Delivery by Amazon,,Amazon.com.br,Crédito Mastercard e outros,Vendedor,,,,0,0,0,0,0,0,0,"-6,75",0,"-6,75",Janeiro,2026
05/01/2026,25407411961,Serviços de Envio,701-5096645-7553809,,Estorno do frete pago pelo comprador,,Amazon.com.br,Crédito Mastercard e outros,Vendedor,,,,0,0,0,0,0,0,0,0,0,0,Janeiro,2026
05/01/2026,25407411961,Serviços de Envio,702-1948154-4656227,,Tarifa de manuseio com base no peso Delivery by Amazon,,Amazon.com.br,Crédito Mastercard e outros,Vendedor,,,,0,0,0,0,0,0,0,"-6,75",0,"-6,75",Janeiro,2026
05/01/2026,25407411961,Serviços de Envio,702-1948154-4656227,,Estorno do frete pago pelo comprador,,Amazon.com.br,Crédito Mastercard e outros,Vendedor,,,,0,0,0,0,0,0,0,0,0,0,Janeiro,2026
05/01/2026,25407411961,Serviços de Envio,702-5428159-3494662,,Tarifa de manuseio com base no peso Delivery by Amazon,,Amazon.com.br,Crédito Mastercard e outros,Vendedor,,,,0,0,0,0,0,0,0,"-6,75",0,"-6,75",Janeiro,2026
05/01/2026,25407411961,Serviços de Envio,702-5428159-3494662,,Estorno do frete pago pelo comprador,,Amazon.com.br,Crédito Mastercard e outros,Vendedor,,,,0,0,0,0,0,0,0,0,0,0,Janeiro,2026
05/01/2026,25407411961,Serviços de Envio,702-9894939-9829058,,Tarifa de manuseio com base no peso Delivery by Amazon,,Amazon.com.br,Crédito Mastercard e outros,Vendedor,,,,0,0,0,0,0,0,0,"-6,75",0,"-6,75",Janeiro,2026
05/01/2026,25407411961,Serviços de Envio,702-9894939-9829058,,Estorno do frete pago pelo comprador,,Amazon.com.br,Crédito Mastercard e outros,Vendedor,,,,0,0,0,0,0,0,0,0,0,0,Janeiro,2026
05/01/2026,25407411961,Serviços de Envio,701-2522013-8065058,,Tarifa de manuseio com base no peso Delivery by Amazon,,Amazon.com.br,Crédito Mastercard e outros,Vendedor,,,,0,0,0,0,0,0,0,"-6,75",0,"-6,75",Janeiro,2026
05/01/2026,25407411961,Serviços de Envio,701-2522013-8065058,,Estorno do frete pago pelo comprador,,Amazon.com.br,Crédito Mastercard e outros,Vendedor,,,,0,0,0,0,0,0,0,0,0,0,Janeiro,2026
05/01/2026,25407411961,Serviços de Envio,701-0870501-6777812,,Tarifa de manuseio com base no peso Delivery by Amazon,,Amazon.com.br,Crédito Mastercard e outros,Vendedor,,,,0,0,0,0,0,0,0,"-6,75",0,"-6,75",Janeiro,2026
05/01/2026,25407411961,Serviços de Envio,701-0870501-6777812,,Estorno do frete pago pelo comprador,,Amazon.com.br,Crédito Mastercard e outros,Vendedor,,,,0,0,0,0,0,0,0,0,0,0,Janeiro,2026
05/01/2026,25407411961,Serviços de Envio,701-5405062-1302635,,Tarifa de manuseio com base no peso Delivery by Amazon,,Amazon.com.br,Crédito Mastercard e outros,Vendedor,,,,0,0,0,0,0,0,0,"-6,75",0,"-6,75",Janeiro,2026
05/01/2026,25407411961,Serviços de Envio,701-5405062-1302635,,Estorno do frete pago pelo comprador,,Amazon.com.br,Crédito Mastercard e outros,Vendedor,,,,0,0,0,0,0,0,0,0,0,0,Janeiro,2026
05/01/2026,25407411961,Serviços de Envio,701-5425149-6690632,,Tarifa de manuseio com base no peso Delivery by Amazon,,Amazon.com.br,Crédito Mastercard e outros,Vendedor,,,,0,0,0,0,0,0,0,"-6,75",0,"-6,75",Janeiro,2026
05/01/2026,25407411961,Serviços de Envio,701-5425149-6690632,,Estorno do frete pago pelo comprador,,Amazon.com.br,Crédito Mastercard e outros,Vendedor,,,,0,0,0,0,0,0,0,0,0,0,Janeiro,2026
05/01/2026,25407411961,Serviços de Envio,702-7419499-6609841,,Tarifa de manuseio com base no peso Delivery by Amazon,,Amazon.com.br,Crédito Mastercard e outros,Vendedor,,,,0,0,0,0,0,0,0,"-6,75",0,"-6,75",Janeiro,2026
05/01/2026,25407411961,Serviços de Envio,702-7419499-6609841,,Estorno do frete pago pelo comprador,,Amazon.com.br,Crédito Mastercard e outros,Vendedor,,,,0,0,0,0,0,0,0,0,0,0,Janeiro,2026
05/01/2026,25407411961,Serviços de Envio,702-1973721-6664266,,Tarifa de manuseio com base no peso Delivery by Amazon,,Amazon.com.br,Crédito Mastercard e outros,Vendedor,,,,0,0,0,0,0,0,0,"-6,75",0,"-6,75",Janeiro,2026
05/01/2026,25407411961,Serviços de Envio,702-1973721-6664266,,Estorno do frete pago pelo comprador,,Amazon.com.br,Crédito Mastercard e outros,Vendedor,,,,0,0,0,0,0,0,0,0,0,0,Janeiro,2026
05/01/2026,25407411961,Serviços de Envio,702-2181715-9420244,,Tarifa de manuseio com base no peso Delivery by Amazon,,Amazon.com.br,Crédito Mastercard e outros,Vendedor,,,,0,0,0,0,0,0,0,"-6,75",0,"-6,75",Janeiro,2026
05/01/2026,25407411961,Serviços de Envio,702-2181715-9420244,,Estorno do frete pago pelo comprador,,Amazon.com.br,Crédito Mastercard e outros,Vendedor,,,,0,0,0,0,0,0,0,0,0,0,Janeiro,2026
05/01/2026,25407411961,Serviços de Envio,702-0535484-0269030,,Tarifa de manuseio com base no peso Delivery by Amazon,,Amazon.com.br,Crédito Mastercard e outros,Vendedor,,,,0,0,0,0,0,0,0,"-6,75",0,"-6,75",Janeiro,2026
05/01/2026,25407411961,Serviços de Envio,702-0535484-0269030,,Estorno do frete pago pelo comprador,,Amazon.com.br,Crédito Mastercard e outros,Vendedor,,,,0,0,0,0,0,0,0,0,0,0,Janeiro,2026
05/01/2026,25407411961,Serviços de Envio,702-8868052-9639434,,Tarifa de manuseio com base no peso Delivery by Amazon,,Amazon.com.br,Crédito Mastercard e outros,Vendedor,,,,0,0,0,0,0,0,0,"-6,75",0,"-6,75",Janeiro,2026
05/01/2026,25407411961,Serviços de Envio,702-8868052-9639434,,Estorno do frete pago pelo comprador,,Amazon.com.br,Crédito Mastercard e outros,Vendedor,,,,0,0,0,0,0,0,0,0,0,0,Janeiro,2026
05/01/2026,25407411961,Serviços de Envio,701-1153345-4086623,,Tarifa de manuseio com base no peso Delivery by Amazon,,Amazon.com.br,Crédito Mastercard e outros,Vendedor,,,,0,0,0,0,0,0,0,"-6,75",0,"-6,75",Janeiro,2026
05/01/2026,25407411961,Serviços de Envio,701-1153345-4086623,,Estorno do frete pago pelo comprador,,Amazon.com.br,Crédito Mastercard e outros,Vendedor,,,,0,0,0,0,0,0,0,0,0,0,Janeiro,2026
05/01/2026,25407411961,Serviços de Envio,701-3376369-7331454,,Tarifa de manuseio com base no peso Delivery by Amazon,,Amazon.com.br,Crédito Mastercard e outros,Vendedor,,,,0,0,0,0,0,0,0,"-6,75",0,"-6,75",Janeiro,2026
05/01/2026,25407411961,Serviços de Envio,701-3376369-7331454,,Estorno do frete pago pelo comprador,,Amazon.com.br,Crédito Mastercard e outros,Vendedor,,,,0,0,0,0,0,0,0,0,0,0,Janeiro,2026
05/01/2026,25407411961,Serviços de Envio,701-2996574-2401034,,Tarifa de manuseio com base no peso Delivery by Amazon,,Amazon.com.br,Crédito Mastercard e outros,Vendedor,,,,0,0,0,0,0,0,0,"-6,75",0,"-6,75",Janeiro,2026
05/01/2026,25407411961,Serviços de Envio,701-2996574-2401034,,Estorno do frete pago pelo comprador,,Amazon.com.br,Crédito Mastercard e outros,Vendedor,,,,0,0,0,0,0,0,0,0,0,0,Janeiro,2026
05/01/2026,25407411961,Serviços de Envio,702-1824261-7981848,,Tarifa de manuseio com base no peso Delivery by Amazon,,Amazon.com.br,Crédito Mastercard e outros,Vendedor,,,,0,0,0,0,0,0,0,"-6,75",0,"-6,75",Janeiro,2026
05/01/2026,25407411961,Serviços de Envio,702-1824261-7981848,,Estorno do frete pago pelo comprador,,Amazon.com.br,Crédito Mastercard e outros,Vendedor,,,,0,0,0,0,0,0,0,0,0,0,Janeiro,2026
05/01/2026,25407411961,Serviços de Envio,702-4589712-0747439,,Tarifa de manuseio com base no peso Delivery by Amazon,,Amazon.com.br,Crédito Mastercard e outros,Vendedor,,,,0,0,0,0,0,0,0,"-6,75",0,"-6,75",Janeiro,2026
05/01/2026,25407411961,Serviços de Envio,702-4589712-0747439,,Estorno do frete pago pelo comprador,,Amazon.com.br,Crédito Mastercard e outros,Vendedor,,,,0,0,0,0,0,0,0,0,0,0,Janeiro,2026
05/01/2026,25407411961,Serviços de Envio,702-1720808-2493807,,Tarifa de manuseio com base no peso Delivery by Amazon,,Amazon.com.br,Crédito Mastercard e outros,Vendedor,,,,0,0,0,0,0,0,0,"-6,75",0,"-6,75",Janeiro,2026
05/01/2026,25407411961,Serviços de Envio,702-1720808-2493807,,Estorno do frete pago pelo comprador,,Amazon.com.br,Crédito Mastercard e outros,Vendedor,,,,0,0,0,0,0,0,0,0,0,0,Janeiro,2026
05/01/2026,25407411961,Serviços de Envio,702-7012575-3049838,,Tarifa de manuseio com base no peso Delivery by Amazon,,Amazon.com.br,Crédito Mastercard e outros,Vendedor,,,,0,0,0,0,0,0,0,"-6,75",0,"-6,75",Janeiro,2026
05/01/2026,25407411961,Serviços de Envio,702-7012575-3049838,,Estorno do frete pago pelo comprador,,Amazon.com.br,Crédito Mastercard e outros,Vendedor,,,,0,0,0,0,0,0,0,0,0,0,Janeiro,2026
05/01/2026,25407411961,Serviços de Envio,702-1778189-8824258,,Tarifa de manuseio com base no peso Delivery by Amazon,,Amazon.com.br,Crédito Mastercard e outros,Vendedor,,,,0,0,0,0,0,0,0,"-6,75",0,"-6,75",Janeiro,2026
05/01/2026,25407411961,Serviços de Envio,702-1778189-8824258,,Estorno do frete pago pelo comprador,,Amazon.com.br,Crédito Mastercard e outros,Vendedor,,,,0,0,0,0,0,0,0,0,0,0,Janeiro,2026
05/01/2026,25407411961,Serviços de Envio,701-4378590-5685848,,Tarifa de manuseio com base no peso Delivery by Amazon,,Amazon.com.br,Crédito Mastercard e outros,Vendedor,,,,0,0,0,0,0,0,0,"-6,75",0,"-6,75",Janeiro,2026
05/01/2026,25407411961,Serviços de Envio,701-4378590-5685848,,Estorno do frete pago pelo comprador,,Amazon.com.br,Crédito Mastercard e outros,Vendedor,,,,0,0,0,0,0,0,0,0,0,0,Janeiro,2026
05/01/2026,25407411961,Serviços de Envio,702-4437095-6045054,,Tarifa de manuseio com base no peso Delivery by Amazon,,Amazon.com.br,Crédito Mastercard e outros,Vendedor,,,,0,0,0,0,0,0,0,"-6,75",0,"-6,75",Janeiro,2026
05/01/2026,25407411961,Serviços de Envio,702-4437095-6045054,,Estorno do frete pago pelo comprador,,Amazon.com.br,Crédito Mastercard e outros,Vendedor,,,,0,0,0,0,0,0,0,0,0,0,Janeiro,2026
05/01/2026,25407411961,Serviços de Envio,702-8613327-5076219,,Tarifa de manuseio com base no peso Delivery by Amazon,,Amazon.com.br,Crédito Mastercard e outros,Vendedor,,,,0,0,0,0,0,0,0,"-6,75",0,"-6,75",Janeiro,2026
05/01/2026,25407411961,Serviços de Envio,702-8613327-5076219,,Estorno do frete pago pelo comprador,,Amazon.com.br,Crédito Mastercard e outros,Vendedor,,,,0,0,0,0,0,0,0,0,0,0,Janeiro,2026
05/01/2026,25407411961,Serviços de Envio,701-0132687-8532232,,Tarifa de manuseio com base no peso Delivery by Amazon,,Amazon.com.br,Crédito Mastercard e outros,Vendedor,,,,0,0,0,0,0,0,0,"-6,75",0,"-6,75",Janeiro,2026
05/01/2026,25407411961,Serviços de Envio,701-0132687-8532232,,Estorno do frete pago pelo comprador,,Amazon.com.br,Crédito Mastercard e outros,Vendedor,,,,0,0,0,0,0,0,0,0,0,0,Janeiro,2026
05/01/2026,25407411961,Serviços de Envio,701-3068648-2206638,,Tarifa de manuseio com base no peso Delivery by Amazon,,Amazon.com.br,Crédito Mastercard e outros,Vendedor,,,,0,0,0,0,0,0,0,"-6,75",0,"-6,75",Janeiro,2026
05/01/2026,25407411961,Serviços de Envio,701-3068648-2206638,,Estorno do frete pago pelo comprador,,Amazon.com.br,Crédito Mastercard e outros,Vendedor,,,,0,0,0,0,0,0,0,0,0,0,Janeiro,2026
05/01/2026,25407411961,Serviços de Envio,702-0145387-3851456,,Tarifa de manuseio com base no peso Delivery by Amazon,,Amazon.com.br,Crédito Mastercard e outros,Vendedor,,,,0,0,0,0,0,0,0,"-6,75",0,"-6,75",Janeiro,2026
05/01/2026,25407411961,Serviços de Envio,702-0145387-3851456,,Estorno do frete pago pelo comprador,,Amazon.com.br,Crédito Mastercard e outros,Vendedor,,,,0,0,0,0,0,0,0,0,0,0,Janeiro,2026
05/01/2026,25407411961,Serviços de Envio,702-6159680-9405007,,Tarifa de manuseio com base no peso Delivery by Amazon,,Amazon.com.br,Crédito Mastercard e outros,Vendedor,,,,0,0,0,0,0,0,0,"-6,75",0,"-6,75",Janeiro,2026
05/01/2026,25407411961,Serviços de Envio,702-6159680-9405007,,Estorno do frete pago pelo comprador,,Amazon.com.br,Crédito Mastercard e outros,Vendedor,,,,0,0,0,0,0,0,0,0,0,0,Janeiro,2026
05/01/2026,25407411961,Serviços de Envio,701-8847810-0606600,,Tarifa de manuseio com base no peso Delivery by Amazon,,Amazon.com.br,Crédito Mastercard e outros,Vendedor,,,,0,0,0,0,0,0,0,"-6,75",0,"-6,75",Janeiro,2026
05/01/2026,25407411961,Serviços de Envio,701-8847810-0606600,,Estorno do frete pago pelo comprador,,Amazon.com.br,Crédito Mastercard e outros,Vendedor,,,,0,0,0,0,0,0,0,0,0,0,Janeiro,2026
05/01/2026,25407411961,Serviços de Envio,701-6418534-9851413,,Tarifa de manuseio com base no peso Delivery by Amazon,,Amazon.com.br,Crédito Mastercard e outros,Vendedor,,,,0,0,0,0,0,0,0,"-6,75",0,"-6,75",Janeiro,2026
05/01/2026,25407411961,Serviços de Envio,701-6418534-9851413,,Estorno do frete pago pelo comprador,,Amazon.com.br,Crédito Mastercard e outros,Vendedor,,,,0,0,0,0,0,0,0,0,0,0,Janeiro,2026
05/01/2026,25407411961,Serviços de Envio,701-3644141-0625827,,Tarifa de manuseio com base no peso Delivery by Amazon,,Amazon.com.br,Crédito Mastercard e outros,Vendedor,,,,0,0,0,0,0,0,0,"-6,75",0,"-6,75",Janeiro,2026
05/01/2026,25407411961,Serviços de Envio,701-3644141-0625827,,Estorno do frete pago pelo comprador,,Amazon.com.br,Crédito Mastercard e outros,Vendedor,,,,0,0,0,0,0,0,0,0,0,0,Janeiro,2026
05/01/2026,25407411961,Serviços de Envio,702-9225744-2828250,,Tarifa de manuseio com base no peso Delivery by Amazon,,Amazon.com.br,Crédito Mastercard e outros,Vendedor,,,,0,0,0,0,0,0,0,"-6,75",0,"-6,75",Janeiro,2026
05/01/2026,25407411961,Serviços de Envio,702-9225744-2828250,,Estorno do frete pago pelo comprador,,Amazon.com.br,Crédito Mastercard e outros,Vendedor,,,,0,0,0,0,0,0,0,0,0,0,Janeiro,2026
05/01/2026,25407411961,Serviços de Envio,702-6331960-7953854,,Tarifa de manuseio com base no peso Delivery by Amazon,,Amazon.com.br,Crédito Mastercard e outros,Vendedor,,,,0,0,0,0,0,0,0,"-6,75",0,"-6,75",Janeiro,2026
05/01/2026,25407411961,Serviços de Envio,702-6331960-7953854,,Estorno do frete pago pelo comprador,,Amazon.com.br,Crédito Mastercard e outros,Vendedor,,,,0,0,0,0,0,0,0,0,0,0,Janeiro,2026
05/01/2026,25407411961,Serviços de Envio,701-3890408-1290652,,Tarifa de manuseio com base no peso Delivery by Amazon,,Amazon.com.br,Crédito Mastercard e outros,Vendedor,,,,0,0,0,0,0,0,0,"-6,75",0,"-6,75",Janeiro,2026
05/01/2026,25407411961,Serviços de Envio,701-3890408-1290652,,Estorno do frete pago pelo comprador,,Amazon.com.br,Crédito Mastercard e outros,Vendedor,,,,0,0,0,0,0,0,0,0,0,0,Janeiro,2026
05/01/2026,25407411961,Serviços de Envio,702-6133856-1770618,,Tarifa de manuseio com base no peso Delivery by Amazon,,Amazon.com.br,Crédito Mastercard e outros,Vendedor,,,,0,0,0,0,0,0,0,"-6,75",0,"-6,75",Janeiro,2026
05/01/2026,25407411961,Serviços de Envio,702-6133856-1770618,,Estorno do frete pago pelo comprador,,Amazon.com.br,Crédito Mastercard e outros,Vendedor,,,,0,0,0,0,0,0,0,0,0,0,Janeiro,2026
05/01/2026,25407411961,Serviços de Envio,702-6596132-0203428,,Tarifa de manuseio com base no peso Delivery by Amazon,,Amazon.com.br,Crédito Mastercard e outros,Vendedor,,,,0,0,0,0,0,0,0,"-6,50",0,"-6,50",Janeiro,2026
05/01/2026,25407411961,Serviços de Envio,702-6596132-0203428,,Estorno do frete pago pelo comprador,,Amazon.com.br,Crédito Mastercard e outros,Vendedor,,,,0,0,0,0,0,0,0,0,0,0,Janeiro,2026
05/01/2026,25407411961,Serviços de Envio,701-3124427-2238635,,Tarifa de manuseio com base no peso Delivery by Amazon,,Amazon.com.br,Crédito Mastercard e outros,Vendedor,,,,0,0,0,0,0,0,0,"-6,75",0,"-6,75",Janeiro,2026
05/01/2026,25407411961,Serviços de Envio,701-3124427-2238635,,Estorno do frete pago pelo comprador,,Amazon.com.br,Crédito Mastercard e outros,Vendedor,,,,0,0,0,0,0,0,0,0,0,0,Janeiro,2026
05/01/2026,25407411961,Serviços de Envio,702-1977238-0557054,,Tarifa de manuseio com base no peso Delivery by Amazon,,Amazon.com.br,Crédito Mastercard e outros,Vendedor,,,,0,0,0,0,0,0,0,"-6,75",0,"-6,75",Janeiro,2026
05/01/2026,25407411961,Serviços de Envio,702-1977238-0557054,,Estorno do frete pago pelo comprador,,Amazon.com.br,Crédito Mastercard e outros,Vendedor,,,,0,0,0,0,0,0,0,"-21,84",0,"-21,84",Janeiro,2026
05/01/2026,25407411961,Serviços de Envio,701-9593056-7529040,,Tarifa de manuseio com base no peso Delivery by Amazon,,Amazon.com.br,Crédito Mastercard e outros,Vendedor,,,,0,0,0,0,0,0,0,"-6,75",0,"-6,75",Janeiro,2026
05/01/2026,25407411961,Serviços de Envio,701-9593056-7529040,,Estorno do frete pago pelo comprador,,Amazon.com.br,Crédito Mastercard e outros,Vendedor,,,,0,0,0,0,0,0,0,0,0,0,Janeiro,2026
05/01/2026,25407411961,Serviços de Envio,702-4571683-7684219,,Tarifa de manuseio com base no peso Delivery by Amazon,,Amazon.com.br,Crédito Mastercard e outros,Vendedor,,,,0,0,0,0,0,0,0,"-6,75",0,"-6,75",Janeiro,2026
05/01/2026,25407411961,Serviços de Envio,702-4571683-7684219,,Estorno do frete pago pelo comprador,,Amazon.com.br,Crédito Mastercard e outros,Vendedor,,,,0,0,0,0,0,0,0,0,0,0,Janeiro,2026
05/01/2026,25407411961,Serviços de Envio,701-9826562-3967403,,Tarifa de manuseio com base no peso Delivery by Amazon,,Amazon.com.br,Crédito Mastercard e outros,Vendedor,,,,0,0,0,0,0,0,0,"-6,75",0,"-6,75",Janeiro,2026
05/01/2026,25407411961,Serviços de Envio,701-9826562-3967403,,Estorno do frete pago pelo comprador,,Amazon.com.br,Crédito Mastercard e outros,Vendedor,,,,0,0,0,0,0,0,0,0,0,0,Janeiro,2026
05/01/2026,25407411961,Serviços de Envio,701-6642479-0607457,,Tarifa de manuseio com base no peso Delivery by Amazon,,Amazon.com.br,Crédito Mastercard e outros,Vendedor,,,,0,0,0,0,0,0,0,"-6,75",0,"-6,75",Janeiro,2026
05/01/2026,25407411961,Serviços de Envio,701-6642479-0607457,,Estorno do frete pago pelo comprador,,Amazon.com.br,Crédito Mastercard e outros,Vendedor,,,,0,0,0,0,0,0,0,0,0,0,Janeiro,2026
05/01/2026,25407411961,Serviços de Envio,701-9813185-0669820,,Tarifa de manuseio com base no peso Delivery by Amazon,,Amazon.com.br,Crédito Mastercard e outros,Vendedor,,,,0,0,0,0,0,0,0,"-6,75",0,"-6,75",Janeiro,2026
05/01/2026,25407411961,Serviços de Envio,701-9813185-0669820,,Estorno do frete pago pelo comprador,,Amazon.com.br,Crédito Mastercard e outros,Vendedor,,,,0,0,0,0,0,0,0,"-21,35",0,"-21,35",Janeiro,2026
05/01/2026,25407411961,Serviços de Envio,702-5593448-8807428,,Tarifa de manuseio com base no peso Delivery by Amazon,,Amazon.com.br,Crédito Mastercard e outros,Vendedor,,,,0,0,0,0,0,0,0,"-6,75",0,"-6,75",Janeiro,2026
05/01/2026,25407411961,Serviços de Envio,702-5593448-8807428,,Estorno do frete pago pelo comprador,,Amazon.com.br,Crédito Mastercard e outros,Vendedor,,,,0,0,0,0,0,0,0,0,0,0,Janeiro,2026
05/01/2026,25407411961,Serviços de Envio,702-7628278-2821855,,Tarifa de manuseio com base no peso Delivery by Amazon,,Amazon.com.br,Crédito Mastercard e outros,Vendedor,,,,0,0,0,0,0,0,0,"-6,75",0,"-6,75",Janeiro,2026
05/01/2026,25407411961,Serviços de Envio,702-7628278-2821855,,Estorno do frete pago pelo comprador,,Amazon.com.br,Crédito Mastercard e outros,Vendedor,,,,0,0,0,0,0,0,0,0,0,0,Janeiro,2026
05/01/2026,25407411961,Serviços de Envio,701-9858022-8253839,,Tarifa de manuseio com base no peso Delivery by Amazon,,Amazon.com.br,Crédito Mastercard e outros,Vendedor,,,,0,0,0,0,0,0,0,"-6,75",0,"-6,75",Janeiro,2026
05/01/2026,25407411961,Serviços de Envio,701-9858022-8253839,,Estorno do frete pago pelo comprador,,Amazon.com.br,Crédito Mastercard e outros,Vendedor,,,,0,0,0,0,0,0,0,0,0,0,Janeiro,2026
05/01/2026,25407411961,Serviços de Envio,702-6405953-8462660,,Tarifa de manuseio com base no peso Delivery by Amazon,,Amazon.com.br,Crédito Mastercard e outros,Vendedor,,,,0,0,0,0,0,0,0,"-6,75",0,"-6,75",Janeiro,2026
05/01/2026,25407411961,Serviços de Envio,702-6405953-8462660,,Estorno do frete pago pelo comprador,,Amazon.com.br,Crédito Mastercard e outros,Vendedor,,,,0,0,0,0,0,0,0,0,0,0,Janeiro,2026
05/01/2026,25407411961,Serviços de Envio,701-6351684-9169847,,Tarifa de manuseio com base no peso Delivery by Amazon,,Amazon.com.br,Crédito Mastercard e outros,Vendedor,,,,0,0,0,0,0,0,0,"-6,75",0,"-6,75",Janeiro,2026
05/01/2026,25407411961,Serviços de Envio,701-6351684-9169847,,Estorno do frete pago pelo comprador,,Amazon.com.br,Crédito Mastercard e outros,Vendedor,,,,0,0,0,0,0,0,0,0,0,0,Janeiro,2026
05/01/2026,25407411961,Serviços de Envio,701-6056974-7468258,,Tarifa de manuseio com base no peso Delivery by Amazon,,Amazon.com.br,Crédito Mastercard e outros,Vendedor,,,,0,0,0,0,0,0,0,"-6,75",0,"-6,75",Janeiro,2026
05/01/2026,25407411961,Serviços de Envio,701-6056974-7468258,,Estorno do frete pago pelo comprador,,Amazon.com.br,Crédito Mastercard e outros,Vendedor,,,,0,0,0,0,0,0,0,0,0,0,Janeiro,2026
05/01/2026,25407411961,Serviços de Envio,702-6736429-5433042,,Tarifa de manuseio com base no peso Delivery by Amazon,,Amazon.com.br,Crédito Mastercard e outros,Vendedor,,,,0,0,0,0,0,0,0,"-13,00",0,"-13,00",Janeiro,2026
05/01/2026,25407411961,Serviços de Envio,702-6736429-5433042,,Estorno do frete pago pelo comprador,,Amazon.com.br,Crédito Mastercard e outros,Vendedor,,,,0,0,0,0,0,0,0,0,0,0,Janeiro,2026
05/01/2026,25407411961,Serviços de Envio,702-7899244-5537802,,Tarifa de manuseio com base no peso Delivery by Amazon,,Amazon.com.br,Crédito Mastercard e outros,Vendedor,,,,0,0,0,0,0,0,0,"-6,75",0,"-6,75",Janeiro,2026
05/01/2026,25407411961,Serviços de Envio,702-7899244-5537802,,Estorno do frete pago pelo comprador,,Amazon.com.br,Crédito Mastercard e outros,Vendedor,,,,0,0,0,0,0,0,0,0,0,0,Janeiro,2026
05/01/2026,25407411961,Serviços de Envio,702-1131264-9484224,,Tarifa de manuseio com base no peso Delivery by Amazon,,Amazon.com.br,Crédito Mastercard e outros,Vendedor,,,,0,0,0,0,0,0,0,"-6,75",0,"-6,75",Janeiro,2026
05/01/2026,25407411961,Serviços de Envio,702-1131264-9484224,,Estorno do frete pago pelo comprador,,Amazon.com.br,Crédito Mastercard e outros,Vendedor,,,,0,0,0,0,0,0,0,0,0,0,Janeiro,2026
05/01/2026,25407411961,Serviços de Envio,701-1354142-9571432,,Tarifa de manuseio com base no peso Delivery by Amazon,,Amazon.com.br,Crédito Mastercard e outros,Vendedor,,,,0,0,0,0,0,0,0,"-6,75",0,"-6,75",Janeiro,2026
05/01/2026,25407411961,Serviços de Envio,701-1354142-9571432,,Estorno do frete pago pelo comprador,,Amazon.com.br,Crédito Mastercard e outros,Vendedor,,,,0,0,0,0,0,0,0,"-21,84",0,"-21,84",Janeiro,2026
05/01/2026,25407411961,Serviços de Envio,701-8201915-1233802,,Tarifa de manuseio com base no peso Delivery by Amazon,,Amazon.com.br,Crédito Mastercard e outros,Vendedor,,,,0,0,0,0,0,0,0,"-6,75",0,"-6,75",Janeiro,2026
05/01/2026,25407411961,Serviços de Envio,701-8201915-1233802,,Estorno do frete pago pelo comprador,,Amazon.com.br,Crédito Mastercard e outros,Vendedor,,,,0,0,0,0,0,0,0,0,0,0,Janeiro,2026
05/01/2026,25407411961,Serviços de Envio,702-1632268-6660222,,Tarifa de manuseio com base no peso Delivery by Amazon,,Amazon.com.br,Crédito Mastercard e outros,Vendedor,,,,0,0,0,0,0,0,0,"-6,75",0,"-6,75",Janeiro,2026
05/01/2026,25407411961,Serviços de Envio,702-1632268-6660222,,Estorno do frete pago pelo comprador,,Amazon.com.br,Crédito Mastercard e outros,Vendedor,,,,0,0,0,0,0,0,0,0,0,0,Janeiro,2026
05/01/2026,25407411961,Serviços de Envio,702-4893466-7101026,,Tarifa de manuseio com base no peso Delivery by Amazon,,Amazon.com.br,Crédito Mastercard e outros,Vendedor,,,,0,0,0,0,0,0,0,"-6,75",0,"-6,75",Janeiro,2026
05/01/2026,25407411961,Serviços de Envio,702-4893466-7101026,,Estorno do frete pago pelo comprador,,Amazon.com.br,Crédito Mastercard e outros,Vendedor,,,,0,0,0,0,0,0,0,0,0,0,Janeiro,2026
05/01/2026,25407411961,Serviços de Envio,701-4935818-3817023,,Tarifa de manuseio com base no peso Delivery by Amazon,,Amazon.com.br,Crédito Mastercard e outros,Vendedor,,,,0,0,0,0,0,0,0,"-6,75",0,"-6,75",Janeiro,2026
05/01/2026,25407411961,Serviços de Envio,701-4935818-3817023,,Estorno do frete pago pelo comprador,,Amazon.com.br,Crédito Mastercard e outros,Vendedor,,,,0,0,0,0,0,0,0,0,0,0,Janeiro,2026
05/01/2026,25407411961,Serviços de Envio,702-3797263-5616248,,Tarifa de manuseio com base no peso Delivery by Amazon,,Amazon.com.br,Crédito Mastercard e outros,Vendedor,,,,0,0,0,0,0,0,0,"-6,75",0,"-6,75",Janeiro,2026
05/01/2026,25407411961,Serviços de Envio,702-3797263-5616248,,Estorno do frete pago pelo comprador,,Amazon.com.br,Crédito Mastercard e outros,Vendedor,,,,0,0,0,0,0,0,0,0,0,0,Janeiro,2026
05/01/2026,25407411961,Serviços de Envio,701-1443568-5261011,,Tarifa de manuseio com base no peso Delivery by Amazon,,Amazon.com.br,Crédito Mastercard e outros,Vendedor,,,,0,0,0,0,0,0,0,"-6,75",0,"-6,75",Janeiro,2026
05/01/2026,25407411961,Serviços de Envio,701-1443568-5261011,,Estorno do frete pago pelo comprador,,Amazon.com.br,Crédito Mastercard e outros,Vendedor,,,,0,0,0,0,0,0,0,0,0,0,Janeiro,2026
05/01/2026,25407411961,Serviços de Envio,701-6454862-6581037,,Tarifa de manuseio com base no peso Delivery by Amazon,,Amazon.com.br,Crédito Mastercard e outros,Vendedor,,,,0,0,0,0,0,0,0,"-6,75",0,"-6,75",Janeiro,2026
05/01/2026,25407411961,Serviços de Envio,701-6454862-6581037,,Estorno do frete pago pelo comprador,,Amazon.com.br,Crédito Mastercard e outros,Vendedor,,,,0,0,0,0,0,0,0,0,0,0,Janeiro,2026
05/01/2026,25407411961,Serviços de Envio,702-9265901-1874666,,Tarifa de manuseio com base no peso Delivery by Amazon,,Amazon.com.br,Crédito Mastercard e outros,Vendedor,,,,0,0,0,0,0,0,0,"-6,75",0,"-6,75",Janeiro,2026
05/01/2026,25407411961,Serviços de Envio,702-9265901-1874666,,Estorno do frete pago pelo comprador,,Amazon.com.br,Crédito Mastercard e outros,Vendedor,,,,0,0,0,0,0,0,0,0,0,0,Janeiro,2026
05/01/2026,25407411961,Serviços de Envio,702-2822738-5357868,,Tarifa de manuseio com base no peso Delivery by Amazon,,Amazon.com.br,Crédito Mastercard e outros,Vendedor,,,,0,0,0,0,0,0,0,"-6,75",0,"-6,75",Janeiro,2026
05/01/2026,25407411961,Serviços de Envio,702-2822738-5357868,,Estorno do frete pago pelo comprador,,Amazon.com.br,Crédito Mastercard e outros,Vendedor,,,,0,0,0,0,0,0,0,0,0,0,Janeiro,2026
05/01/2026,25407411961,Serviços de Envio,701-3769825-3830634,,Tarifa de manuseio com base no peso Delivery by Amazon,,Amazon.com.br,Crédito Mastercard e outros,Vendedor,,,,0,0,0,0,0,0,0,"-6,75",0,"-6,75",Janeiro,2026
05/01/2026,25407411961,Serviços de Envio,701-3769825-3830634,,Estorno do frete pago pelo comprador,,Amazon.com.br,Crédito Mastercard e outros,Vendedor,,,,0,0,0,0,0,0,0,0,0,0,Janeiro,2026
05/01/2026,25407411961,Serviços de Envio,701-1314681-2141841,,Tarifa de manuseio com base no peso Delivery by Amazon,,Amazon.com.br,Crédito Mastercard e outros,Vendedor,,,,0,0,0,0,0,0,0,"-6,75",0,"-6,75",Janeiro,2026
05/01/2026,25407411961,Serviços de Envio,701-1314681-2141841,,Estorno do frete pago pelo comprador,,Amazon.com.br,Crédito Mastercard e outros,Vendedor,,,,0,0,0,0,0,0,0,0,0,0,Janeiro,2026
05/01/2026,25407411961,Serviços de Envio,702-3319577-6133860,,Tarifa de manuseio com base no peso Delivery by Amazon,,Amazon.com.br,Crédito Mastercard e outros,Vendedor,,,,0,0,0,0,0,0,0,"-6,75",0,"-6,75",Janeiro,2026
05/01/2026,25407411961,Serviços de Envio,702-3319577-6133860,,Estorno do frete pago pelo comprador,,Amazon.com.br,Crédito Mastercard e outros,Vendedor,,,,0,0,0,0,0,0,0,"-22,02",0,"-22,02",Janeiro,2026
05/01/2026,25407411961,Serviços de Envio,701-5022583-3321012,,Tarifa de manuseio com base no peso Delivery by Amazon,,Amazon.com.br,Crédito Mastercard e outros,Vendedor,,,,0,0,0,0,0,0,0,"-6,75",0,"-6,75",Janeiro,2026
05/01/2026,25407411961,Serviços de Envio,701-5022583-3321012,,Estorno do frete pago pelo comprador,,Amazon.com.br,Crédito Mastercard e outros,Vendedor,,,,0,0,0,0,0,0,0,0,0,0,Janeiro,2026
05/01/2026,25407411961,Serviços de Envio,702-9908369-1193016,,Tarifa de manuseio com base no peso Delivery by Amazon,,Amazon.com.br,Crédito Mastercard e outros,Vendedor,,,,0,0,0,0,0,0,0,"-6,75",0,"-6,75",Janeiro,2026
05/01/2026,25407411961,Serviços de Envio,702-9908369-1193016,,Estorno do frete pago pelo comprador,,Amazon.com.br,Crédito Mastercard e outros,Vendedor,,,,0,0,0,0,0,0,0,0,0,0,Janeiro,2026
05/01/2026,25407411961,Serviços de Envio,702-2519610-6670641,,Tarifa de manuseio com base no peso Delivery by Amazon,,Amazon.com.br,Crédito Mastercard e outros,Vendedor,,,,0,0,0,0,0,0,0,"-6,75",0,"-6,75",Janeiro,2026
05/01/2026,25407411961,Serviços de Envio,702-2519610-6670641,,Estorno do frete pago pelo comprador,,Amazon.com.br,Crédito Mastercard e outros,Vendedor,,,,0,0,0,0,0,0,0,0,0,0,Janeiro,2026
05/01/2026,25407411961,Serviços de Envio,702-7502992-3403427,,Tarifa de manuseio com base no peso Delivery by Amazon,,Amazon.com.br,Crédito Mastercard e outros,Vendedor,,,,0,0,0,0,0,0,0,"-6,75",0,"-6,75",Janeiro,2026
05/01/2026,25407411961,Serviços de Envio,702-7502992-3403427,,Estorno do frete pago pelo comprador,,Amazon.com.br,Crédito Mastercard e outros,Vendedor,,,,0,0,0,0,0,0,0,0,0,0,Janeiro,2026
05/01/2026,25407411961,Serviços de Envio,701-6183367-7852204,,Tarifa de manuseio com base no peso Delivery by Amazon,,Amazon.com.br,Crédito Mastercard e outros,Vendedor,,,,0,0,0,0,0,0,0,"-6,75",0,"-6,75",Janeiro,2026
05/01/2026,25407411961,Serviços de Envio,701-6183367-7852204,,Estorno do frete pago pelo comprador,,Amazon.com.br,Crédito Mastercard e outros,Vendedor,,,,0,0,0,0,0,0,0,0,0,0,Janeiro,2026
05/01/2026,25407411961,Serviços de Envio,701-6448977-5629849,,Tarifa de manuseio com base no peso Delivery by Amazon,,Amazon.com.br,Crédito Mastercard e outros,Vendedor,,,,0,0,0,0,0,0,0,"-6,75",0,"-6,75",Janeiro,2026
05/01/2026,25407411961,Serviços de Envio,701-6448977-5629849,,Estorno do frete pago pelo comprador,,Amazon.com.br,Crédito Mastercard e outros,Vendedor,,,,0,0,0,0,0,0,0,0,0,0,Janeiro,2026
05/01/2026,25407411961,Serviços de Envio,702-6202927-6229052,,Tarifa de manuseio com base no peso Delivery by Amazon,,Amazon.com.br,Crédito Mastercard e outros,Vendedor,,,,0,0,0,0,0,0,0,"-6,75",0,"-6,75",Janeiro,2026
05/01/2026,25407411961,Serviços de Envio,702-6202927-6229052,,Estorno do frete pago pelo comprador,,Amazon.com.br,Crédito Mastercard e outros,Vendedor,,,,0,0,0,0,0,0,0,"-21,57",0,"-21,57",Janeiro,2026
05/01/2026,25407411961,Serviços de Envio,701-9732586-1497060,,Tarifa de manuseio com base no peso Delivery by Amazon,,Amazon.com.br,Crédito Mastercard e outros,Vendedor,,,,0,0,0,0,0,0,0,"-6,75",0,"-6,75",Janeiro,2026
05/01/2026,25407411961,Serviços de Envio,701-9732586-1497060,,Estorno do frete pago pelo comprador,,Amazon.com.br,Crédito Mastercard e outros,Vendedor,,,,0,0,0,0,0,0,0,"-21,84",0,"-21,84",Janeiro,2026
05/01/2026,25407411961,Serviços de Envio,702-4241680-1699466,,Tarifa de manuseio com base no peso Delivery by Amazon,,Amazon.com.br,Crédito Mastercard e outros,Vendedor,,,,0,0,0,0,0,0,0,"-6,75",0,"-6,75",Janeiro,2026
05/01/2026,25407411961,Serviços de Envio,702-4241680-1699466,,Estorno do frete pago pelo comprador,,Amazon.com.br,Crédito Mastercard e outros,Vendedor,,,,0,0,0,0,0,0,0,0,0,0,Janeiro,2026
05/01/2026,25407411961,Serviços de Envio,702-0455864-7997024,,Tarifa de manuseio com base no peso Delivery by Amazon,,Amazon.com.br,Crédito Mastercard e outros,Vendedor,,,,0,0,0,0,0,0,0,"-6,75",0,"-6,75",Janeiro,2026
05/01/2026,25407411961,Serviços de Envio,702-0455864-7997024,,Estorno do frete pago pelo comprador,,Amazon.com.br,Crédito Mastercard e outros,Vendedor,,,,0,0,0,0,0,0,0,0,0,0,Janeiro,2026
05/01/2026,25407411961,Serviços de Envio,701-6929670-3229052,,Tarifa de manuseio com base no peso Delivery by Amazon,,Amazon.com.br,Crédito Mastercard e outros,Vendedor,,,,0,0,0,0,0,0,0,"-6,75",0,"-6,75",Janeiro,2026
05/01/2026,25407411961,Serviços de Envio,701-6929670-3229052,,Estorno do frete pago pelo comprador,,Amazon.com.br,Crédito Mastercard e outros,Vendedor,,,,0,0,0,0,0,0,0,0,0,0,Janeiro,2026
05/01/2026,25407411961,Serviços de Envio,701-2813062-4509861,,Tarifa de manuseio com base no peso Delivery by Amazon,,Amazon.com.br,Crédito Mastercard e outros,Vendedor,,,,0,0,0,0,0,0,0,"-6,75",0,"-6,75",Janeiro,2026
05/01/2026,25407411961,Serviços de Envio,701-2813062-4509861,,Estorno do frete pago pelo comprador,,Amazon.com.br,Crédito Mastercard e outros,Vendedor,,,,0,0,0,0,0,0,0,0,0,0,Janeiro,2026
05/01/2026,25407411961,Serviços de Envio,701-6716195-9281011,,Tarifa de manuseio com base no peso Delivery by Amazon,,Amazon.com.br,Crédito Mastercard e outros,Vendedor,,,,0,0,0,0,0,0,0,"-6,75",0,"-6,75",Janeiro,2026
05/01/2026,25407411961,Serviços de Envio,701-6716195-9281011,,Estorno do frete pago pelo comprador,,Amazon.com.br,Crédito Mastercard e outros,Vendedor,,,,0,0,0,0,0,0,0,0,0,0,Janeiro,2026
05/01/2026,25407411961,Serviços de Envio,701-3886191-0225056,,Tarifa de manuseio com base no peso Delivery by Amazon,,Amazon.com.br,Crédito Mastercard e outros,Vendedor,,,,0,0,0,0,0,0,0,"-6,75",0,"-6,75",Janeiro,2026
05/01/2026,25407411961,Serviços de Envio,701-3886191-0225056,,Estorno do frete pago pelo comprador,,Amazon.com.br,Crédito Mastercard e outros,Vendedor,,,,0,0,0,0,0,0,0,0,0,0,Janeiro,2026
05/01/2026,25407411961,Serviços de Envio,701-5053891-0911424,,Tarifa de manuseio com base no peso Delivery by Amazon,,Amazon.com.br,Crédito Mastercard e outros,Vendedor,,,,0,0,0,0,0,0,0,"-6,75",0,"-6,75",Janeiro,2026
05/01/2026,25407411961,Serviços de Envio,701-5053891-0911424,,Estorno do frete pago pelo comprador,,Amazon.com.br,Crédito Mastercard e outros,Vendedor,,,,0,0,0,0,0,0,0,0,0,0,Janeiro,2026
05/01/2026,25407411961,Taxa de serviço,,,Custo de Publicidade,,,Crédito Mastercard e outros,,,,,0,0,0,0,0,0,0,"-2.580,22",0,"-2.580,22",Janeiro,2026
05/01/2026,25407224741,Transferir,,,Conta bancária com final: 192,,,Elo,,,,,0,0,0,0,0,0,0,0,"-327,46","-327,46",Janeiro,2026
05/01/2026,25407650401,Transferir,,,Conta bancária com final: 192,,,Visa Crédito,,,,,0,0,0,0,0,0,0,0,"-3.801,83","-3.801,83",Janeiro,2026
05/01/2026,25407411961,Transferir,,,Conta bancária com final: 192,,,Crédito Mastercard e outros,,,,,0,0,0,0,0,0,0,0,"-4.810,71","-4.810,71",Janeiro,2026
05/01/2026,25380583021,Transferir,,,Conta bancária com final: 192,,,Amex,,,,,0,0,0,0,0,0,0,0,"-60,63","-60,63",Janeiro,2026
05/01/2026,25407650401,Transferir,,,Conta bancária com final: 192,,,Visa Crédito,,,,,0,0,0,0,0,0,0,0,"-2.267,64","-2.267,64",Janeiro,2026
05/01/2026,25407224741,Transferir,,,Conta bancária com final: 192,,,Elo,,,,,0,0,0,0,0,0,0,0,"-137,28","-137,28",Janeiro,2026
05/01/2026,25407411961,Transferir,,,Conta bancária com final: 192,,,Crédito Mastercard e outros,,,,,0,0,0,0,0,0,0,0,"-117,36","-117,36",Janeiro,2026
05/01/2026,25407411961,Pedido,702-5450672-7564231,N3-Y3CG-4CQP,Planner 2026 - Floresça que inspira leveza e organização!,1.0,amazon.com.br,Crédito Mastercard e outros,Amazon,Serra,ES,29175.0,"78,90",0,"3,90",0,0,"-10,26","-3,90",0,0,"68,64",Janeiro,2026
05/01/2026,25407411961,Pedido,701-7520204-5267414,H2-QF9W-3BSI,Planner 2026 - Cada flor no seu tempo: planeje o ano com calma e propósito.,1.0,amazon.com.br,Crédito Mastercard e outros,Amazon,São Paulo,SP,4342.0,"78,90","10,90",0,0,0,"-10,26","-10,90",0,0,"68,64",Janeiro,2026
05/01/2026,25407650401,Pedido,701-0566379-5629066,LZ-XCCB-5AVH,"Controle Financeiro Flork: ""Linda, Forte e Corajosa"" (Roxo)",1.0,amazon.com.br,Visa Crédito,Amazon,São Paulo,SP,3712.0,"59,90",0,0,0,0,"-7,79",0,0,0,"52,11",Janeiro,2026
05/01/2026,25407411961,Ajuste,702-1437508-0521814,0D-3OVY-QX9W,Reembolso de Estoque FBA - Devolução do cliente,1.0,,Crédito Mastercard e outros,,,,,0,0,0,0,0,0,0,0,"48,63","48,63",Janeiro,2026
05/01/2026,25407650401,Pedido,701-3936084-0873846,CV-BL1K-YYFH,Planner 2026 - Seu novo começo começa aqui - o planner que floresce com você.,1.0,amazon.com.br,Visa Crédito,Amazon,Muriaé,MG,36883.0,"78,90",0,0,0,0,"-10,26",0,0,0,"68,64",Janeiro,2026
05/01/2026,25407411961,Pedido,701-8284335-2776232,CY-8NXE-ZK04,"Planner Premium 2026 - Planejamento Anual com Roda da Vida A5, Gestão Financeira, Organização Pessoal, Metas e Saúde, Capa Dura Laminada, Agenda S",1.0,amazon.com.br,Crédito Mastercard e outros,Amazon,Salvador,BA,41740.0,"59,90","8,90",0,"-8,90",0,"-7,79",0,0,0,"52,11",Janeiro,2026
06/01/2026,25407411961,Pedido,701-9013996-0707403,H2-QF9W-3BSI,Planner 2026 - Cada flor no seu tempo: planeje o ano com calma e propósito.,1.0,amazon.com.br,Crédito Mastercard e outros,Amazon,Manaus,Amazonas,69060.0,"78,90",0,0,0,0,"-10,26",0,0,0,"68,64",Janeiro,2026
06/01/2026,25407411961,Pedido,702-3039512-2655424,OI-WF8T-IXUA,Planner 2026 - Transforme seus dias com o planner que une beleza e funcionalidade Azul,1.0,amazon.com.br,Crédito Mastercard e outros,Amazon,Manaus,AM,69086.0,"78,90",0,0,0,0,"-10,26",0,0,0,"68,64",Janeiro,2026
06/01/2026,25406929241,Pedido,701-1358228-5897009,CV-BL1K-YYFH,Planner 2026 - Seu novo começo começa aqui - o planner que floresce com você.,1.0,amazon.com.br,Boleto,Amazon,Itabira,MG,35901.0,"78,90","8,90",0,"-8,90",0,"-10,26",0,0,0,"68,64",Janeiro,2026
06/01/2026,25407411961,Pedido,702-5752896-2488240,A9-81RP-O347,"Planner Financeiro Mensal 2026, Roda Da Vida A5 -Planejamento anual, Organização pessoal Metas e objetivos, Gestão financeira Monitoramento de saú",1.0,amazon.com.br,Crédito Mastercard e outros,Vendedor,Várzea Alegre,CE,63540.0,"78,90","22,02",0,0,0,"-10,26",0,0,0,"90,66",Janeiro,2026
06/01/2026,25407411961,Pedido,702-8708140-4488238,MY-P05M-MBEP,"Caderno Quadriculado 1x1cm, Capa dura, diversas capas, 80 folhas, 24x15cm",1.0,amazon.com.br,Crédito Mastercard e outros,Vendedor,São Paulo,SP,4206.0,"38,90",0,0,0,0,"-5,06",0,0,0,"33,84",Janeiro,2026
06/01/2026,25407411961,Pedido,702-1763366-6549041,H2-QF9W-3BSI,Planner 2026 - Cada flor no seu tempo: planeje o ano com calma e propósito.,1.0,amazon.com.br,Crédito Mastercard e outros,Amazon,Tremembé,SP,12122.0,"78,90",0,0,0,0,"-10,26",0,0,0,"68,64",Janeiro,2026
06/01/2026,25407411961,Pedido,702-6322380-7339424,CV-BL1K-YYFH,Planner 2026 - Seu novo começo começa aqui - o planner que floresce com você.,1.0,amazon.com.br,Crédito Mastercard e outros,Amazon,Brasília,DF,70680.0,"78,90",0,0,0,0,"-10,26",0,0,0,"68,64",Janeiro,2026
06/01/2026,25407411961,Pedido,702-6322380-7339424,N3-Y3CG-4CQP,Planner 2026 - Floresça que inspira leveza e organização!,1.0,amazon.com.br,Crédito Mastercard e outros,Amazon,Brasília,DF,70680.0,"78,90",0,0,0,0,"-10,26",0,0,0,"68,64",Janeiro,2026
06/01/2026,25406929241,Pedido,701-5094604-2534668,D3-VGD4-YDTV,"Planner Premium 2026 - Planejamento Anual com Roda da Vida A5, Gestão Financeira, Organização Pessoal, Metas e Saúde, Capa Dura Laminada, Agenda S",1.0,amazon.com.br,Boleto,Amazon,Guaramirim,SC,89270.0,"78,90",0,0,0,0,"-10,26",0,0,0,"68,64",Janeiro,2026
06/01/2026,25407650401,Pedido,702-0040218-1622656,V1-M81P-IY8O,Planner Pessoal Permanente - Comece Quando Quiser!,1.0,amazon.com.br,Visa Crédito,Vendedor,Fortaleza,CE,60521.0,"78,90","21,35",0,0,0,"-10,26",0,0,0,"89,99",Janeiro,2026
06/01/2026,25407411961,Pedido,701-4467266-0797861,JC-LA79-2HC8,"Caderno Espiral Capa Dura, A5 210x150mm, 80 Folhas, Van gogh, Frases estoicas (Capa 2)",1.0,amazon.com.br,Crédito Mastercard e outros,Amazon,Campos dos Goytacazes,RJ,28027.0,"35,90",0,0,0,0,"-4,67",0,0,0,"31,23",Janeiro,2026
06/01/2026,25407650401,Pedido,702-2481583-9940256,LF-OUR3-ZUIX,"Planner Financeiro Mensal Datado 2026, Roda Da Vida A5 -Planejamento anual, Organização pessoal Metas e objetivos, Gestão financeira Monitoramento",1.0,amazon.com.br,Visa Crédito,Vendedor,Jaguarari,Bahia,48967.0,"78,90","21,84",0,0,0,"-10,26",0,0,0,"90,48",Janeiro,2026
06/01/2026,25407411961,Pedido,702-4817411-9544224,7I-1FLT-DOZ6,Planner 2026 - Transforme seus dias com o planner que une beleza e funcionalidade,1.0,amazon.com.br,Crédito Mastercard e outros,Amazon,Lorena,SP,12609.0,"78,90",0,0,0,0,"-10,26",0,0,0,"68,64",Janeiro,2026
06/01/2026,25407650401,Pedido,702-8689320-4450653,9X-HUC9-I83L,"Planner 2026 - Respire, floresça, torne-se - um planner para sua melhor versão!",1.0,amazon.com.br,Visa Crédito,Vendedor,Bom Despacho,MG,35632.0,"78,90",0,0,0,0,"-10,26",0,0,0,"68,64",Janeiro,2026
06/01/2026,25406929241,Pedido,701-7361501-0339443,0D-3OVY-QX9W,Planner 2026 - Life Capa Dura com Controle Financeiro e Roda da Vida (Capa 01),1.0,amazon.com.br,Boleto,Amazon,Goiânia,GO,74533.0,"59,90","3,02",0,"-3,02",0,"-7,79",0,0,0,"52,11",Janeiro,2026
06/01/2026,25407411961,Pedido,702-2760251-0119429,CV-BL1K-YYFH,Planner 2026 - Seu novo começo começa aqui - o planner que floresce com você.,1.0,amazon.com.br,Crédito Mastercard e outros,Amazon,Brasília,DF,72322.0,"78,90",0,0,0,0,"-10,26",0,0,0,"68,64",Janeiro,2026
06/01/2026,25407411961,Pedido,701-5459466-6403412,HE-SAFO-BF3P,Agenda 2026 1 Dia Por Folha Com Horario Coleção Inspire,1.0,amazon.com.br,Crédito Mastercard e outros,Amazon,Cajamar,SP,7791.0,"58,90",0,0,0,0,"-7,66",0,0,0,"51,24",Janeiro,2026
06/01/2026,25406929241,Pedido,701-9475660-6224201,ON-V5Q7-KFQN,"Planner 2026 - Um planner para viver com mais cor, equilíbrio e inspiração.",1.0,amazon.com.br,Boleto,Amazon,São Paulo,SP,3015.0,"78,90",0,0,0,0,"-10,26",0,0,0,"68,64",Janeiro,2026
06/01/2026,25406929241,Pedido,702-2491095-9319414,XH-KNXQ-DP76,"Planner 2026 - Um planner para viver com mais cor, equilíbrio e inspiração.",1.0,amazon.com.br,Boleto,Vendedor,Teofilândia,BA,48770.0,"78,90","21,71",0,0,0,"-10,26",0,0,0,"90,35",Janeiro,2026
06/01/2026,25407411961,Pedido,702-2077086-8754662,Q5-ZAFB-NUEF,"Planner 2026 - Respire, floresça, torne-se - um planner para sua melhor versão!",1.0,amazon.com.br,Crédito Mastercard e outros,Amazon,Porto Alegre,RS,90680.0,"78,90",0,0,0,0,"-10,26",0,0,0,"68,64",Janeiro,2026
06/01/2026,25407411961,Pedido,702-3786665-6309032,ON-V5Q7-KFQN,"Planner 2026 - Um planner para viver com mais cor, equilíbrio e inspiração.",1.0,amazon.com.br,Crédito Mastercard e outros,Amazon,Aracaju,SE,49027.0,"78,90",0,0,0,0,"-10,26",0,0,0,"68,64",Janeiro,2026
06/01/2026,25407411961,Pedido,702-2885689-1298637,RA-KICF-0Q47,"Caderno Preto 20x20cm - Scrapbook Álbum De Fotos Preto 20 Folhas / 40 Páginas - Gramatura 200, Folhas Grossas",1.0,amazon.com.br,Crédito Mastercard e outros,Vendedor,São Paulo,SP,5089.0,"58,90",0,0,0,0,"-7,07",0,0,0,"51,83",Janeiro,2026
06/01/2026,25407411961,Pedido,701-5056810-0366652,YL-NANJ-F7TC,"Caderno Preto 20x20cm - Scrapbook Álbum De Fotos Preto 20 Folhas / 40 Páginas - Gramatura 200, Folhas Grossas",1.0,amazon.com.br,Crédito Mastercard e outros,Amazon,Cidade Ocidental,GO,72896.0,"68,90","8,90",0,"-8,90",0,"-8,27",0,0,0,"60,63",Janeiro,2026
06/01/2026,25406929241,Pedido,702-4185228-9617007,H2-QF9W-3BSI,Planner 2026 - Cada flor no seu tempo: planeje o ano com calma e propósito.,1.0,amazon.com.br,Boleto,Amazon,Sorocaba,SP,18071.0,"78,90",0,0,0,0,"-10,26",0,0,0,"68,64",Janeiro,2026
06/01/2026,25407411961,Pedido,702-6528976-7296222,2M-II9L-1YU1,"Caderno A5 SEM PAUTA, 21x14cm, 80 Folhas, 90G",1.0,amazon.com.br,Crédito Mastercard e outros,Amazon,Brasília,DF,71070.0,"35,90",0,0,0,0,"-4,67",0,0,0,"31,23",Janeiro,2026
06/01/2026,25406929241,Pedido,701-6707680-0989013,WC-0G0K-5CCC,"Planner Financeiro Mensal Datado 2026, Roda Da Vida A5 -Planejamento anual, Organização pessoal Metas e objetivos, Gestão financeira Monitoramento",1.0,amazon.com.br,Boleto,Vendedor,São Paulo,SP,4548.0,"75,90",0,0,0,0,"-9,87",0,0,0,"66,03",Janeiro,2026
06/01/2026,25406929241,Pedido,701-3278279-9605041,4K-3HFM-I3A1,Planner 2026 - Transforme seus dias com o planner que une beleza e funcionalidade Rosa,1.0,amazon.com.br,Boleto,Amazon,Ribeirão Pires,SP,9400.0,"54,90",0,0,0,0,"-7,14",0,0,0,"47,76",Janeiro,2026
06/01/2026,25407650401,Pedido,702-3136923-8465010,RA-KICF-0Q47,"Caderno Preto 20x20cm - Scrapbook Álbum De Fotos Preto 20 Folhas / 40 Páginas - Gramatura 200, Folhas Grossas",1.0,amazon.com.br,Visa Crédito,Vendedor,São Paulo,SP,2422.0,"58,90",0,0,0,0,"-7,07",0,0,0,"51,83",Janeiro,2026
06/01/2026,25407650401,Pedido,701-0032675-6330657,7I-1FLT-DOZ6,Planner 2026 - Transforme seus dias com o planner que une beleza e funcionalidade,1.0,amazon.com.br,Visa Crédito,Amazon,São Paulo,SP,4445.0,"78,90",0,0,0,0,"-10,26",0,0,0,"68,64",Janeiro,2026
06/01/2026,25407411961,Pedido,702-8164137-7391408,Q5-ZAFB-NUEF,"Planner 2026 - Respire, floresça, torne-se - um planner para sua melhor versão!",1.0,amazon.com.br,Crédito Mastercard e outros,Amazon,Curitiba,PR,82810.0,"78,90","8,90",0,"-8,90",0,"-10,26",0,0,0,"68,64",Janeiro,2026
06/01/2026,25406929241,Pedido,701-2330721-5494624,Q5-ZAFB-NUEF,"Planner 2026 - Respire, floresça, torne-se - um planner para sua melhor versão!",1.0,amazon.com.br,Boleto,Amazon,Curitiba,PR,81850.0,"78,90",0,0,0,0,"-10,26",0,0,0,"68,64",Janeiro,2026
06/01/2026,25407411961,Pedido,702-4786448-5468256,MQ-STXD-11EM,"Planner Premium 2026 - Planejamento Anual com Roda da Vida A5, Gestão Financeira, Organização Pessoal, Metas e Saúde, Capa Dura Laminada, Agenda S",1.0,amazon.com.br,Crédito Mastercard e outros,Vendedor,São Paulo,SP,5410.0,"68,90",0,0,0,0,"-8,96",0,0,0,"59,94",Janeiro,2026
06/01/2026,25407411961,Pedido,701-4531060-0571448,9X-HUC9-I83L,"Planner 2026 - Respire, floresça, torne-se - um planner para sua melhor versão!",1.0,amazon.com.br,Crédito Mastercard e outros,Vendedor,Goiânia,GO,74373.0,"78,90","22,51",0,0,0,"-10,26",0,0,0,"91,15",Janeiro,2026
06/01/2026,25407411961,Pedido,702-7254230-7643420,CV-BL1K-YYFH,Planner 2026 - Seu novo começo começa aqui - o planner que floresce com você.,1.0,amazon.com.br,Crédito Mastercard e outros,Amazon,Natal,RN,59104.0,"78,90",0,0,0,0,"-10,26",0,0,0,"68,64",Janeiro,2026
06/01/2026,25407650401,Pedido,701-8407401-0753066,22-5ATG-S6FS,Planner Semanal Permanente com Capa Dura - Visual Clean,1.0,amazon.com.br,Visa Crédito,Amazon,santos,SP,11065.0,"78,90","8,90",0,"-8,90",0,"-10,26",0,0,0,"68,64",Janeiro,2026
06/01/2026,25407411961,Pedido,702-6571618-6822639,MY-P05M-MBEP,"Caderno Quadriculado 1x1cm, Capa dura, diversas capas, 80 folhas, 24x15cm",1.0,amazon.com.br,Crédito Mastercard e outros,Vendedor,sao paulo,sp,3728.0,"38,90",0,0,0,0,"-5,06",0,0,0,"33,84",Janeiro,2026
06/01/2026,25407650401,Pedido,701-2597135-6511406,J7-1RCD-8P3P,Scrapbook Kraft 20x20: Crie Seu Álbum Artesanal Único,1.0,amazon.com.br,Visa Crédito,Amazon,Curitiba,PR,80420.0,"68,90",0,0,0,0,"-8,27",0,0,0,"60,63",Janeiro,2026
06/01/2026,25406929241,Pedido,702-7304100-3109810,H2-QF9W-3BSI,Planner 2026 - Cada flor no seu tempo: planeje o ano com calma e propósito.,1.0,amazon.com.br,Boleto,Amazon,Campinas,SP,13087.0,"78,90","8,90",0,"-8,90",0,"-10,26",0,0,0,"68,64",Janeiro,2026
06/01/2026,25406929241,Pedido,702-5761010-4723407,Q5-ZAFB-NUEF,"Planner 2026 - Respire, floresça, torne-se - um planner para sua melhor versão!",1.0,amazon.com.br,Boleto,Amazon,Araxá,MG,38183.0,"78,90","8,90",0,"-8,90",0,"-10,26",0,0,0,"68,64",Janeiro,2026
06/01/2026,25407411961,Pedido,701-9739648-9655460,ON-V5Q7-KFQN,"Planner 2026 - Um planner para viver com mais cor, equilíbrio e inspiração.",1.0,amazon.com.br,Crédito Mastercard e outros,Amazon,Cataguases,MG,36773.0,"78,90",0,0,0,0,"-10,26",0,0,0,"68,64",Janeiro,2026
06/01/2026,25407650401,Pedido,701-6139526-0725809,HE-SAFO-BF3P,Agenda 2026 1 Dia Por Folha Com Horario Coleção Inspire,1.0,amazon.com.br,Visa Crédito,Amazon,Americana,SP,13472.0,"58,90",0,0,0,0,"-7,66",0,0,0,"51,24",Janeiro,2026
06/01/2026,25407650401,Pedido,702-7588179-2959465,4K-3HFM-I3A1,Planner 2026 - Transforme seus dias com o planner que une beleza e funcionalidade Rosa,1.0,amazon.com.br,Visa Crédito,Amazon,Brasília,DF,73340.0,"78,90",0,0,0,0,"-10,26",0,0,0,"68,64",Janeiro,2026
06/01/2026,25407650401,Pedido,702-6035546-6687409,Q5-ZAFB-NUEF,"Planner 2026 - Respire, floresça, torne-se - um planner para sua melhor versão!",1.0,amazon.com.br,Visa Crédito,Amazon,Brasília,DF,73340.0,"78,90",0,0,0,0,"-10,26",0,0,0,"68,64",Janeiro,2026
06/01/2026,25407650401,Pedido,701-5930290-8355441,4K-3HFM-I3A1,Planner 2026 - Transforme seus dias com o planner que une beleza e funcionalidade Rosa,1.0,amazon.com.br,Visa Crédito,Amazon,São Paulo,SP,4194.0,"54,90",0,0,0,0,"-7,14",0,0,0,"47,76",Janeiro,2026
06/01/2026,25407411961,Pedido,701-4843262-4458603,VW-M9WL-7RY7,Caderno Scrapbook - Kraft - 20 Folhas - 20x20cm - Bege - Sem Pauta - Folhas Grossas - Album de Fotos - Album de fotos artesanal - Scrapbook colagem de,1.0,amazon.com.br,Crédito Mastercard e outros,Vendedor,Campinas,SP,13098.0,"58,90",0,0,0,0,"-7,07",0,0,0,"51,83",Janeiro,2026
06/01/2026,25406929241,Pedido,702-1464236-8064263,YL-NANJ-F7TC,"Caderno Preto 20x20cm - Scrapbook Álbum De Fotos Preto 20 Folhas / 40 Páginas - Gramatura 200, Folhas Grossas",2.0,amazon.com.br,Boleto,Amazon,Natal,RN,59054.0,"137,80","8,90",0,"-8,90",0,"-16,54",0,0,0,"121,26",Janeiro,2026
06/01/2026,25407650401,Pedido,702-6987052-5234669,DV-9MDQ-YD9E,Scrapbook Álbum De Fotos Preto 20 Folhas / 40 Páginas,1.0,amazon.com.br,Visa Crédito,Amazon,Camaçari,BA,42822.0,"78,90","1,39",0,"-1,39",0,"-9,47",0,0,0,"69,43",Janeiro,2026
06/01/2026,25407650401,Pedido,702-9910924-8256265,4S-C6M7-1NCT,Planner 2026 Amarelo - Life Capa Dura com Controle Financeiro e Roda da Vida,1.0,amazon.com.br,Visa Crédito,Vendedor,sao paulo,SP,4620.0,"78,90",0,0,0,0,"-10,26",0,0,0,"68,64",Janeiro,2026
06/01/2026,25407650401,Pedido,702-1620535-6217006,RA-KICF-0Q47,"Caderno Preto 20x20cm - Scrapbook Álbum De Fotos Preto 20 Folhas / 40 Páginas - Gramatura 200, Folhas Grossas",1.0,amazon.com.br,Visa Crédito,Vendedor,Rio de Janeiro,RJ,22441.0,"58,90",0,0,0,0,"-7,07",0,0,0,"51,83",Janeiro,2026
06/01/2026,25406929241,Pedido,702-6375699-9385832,Q5-ZAFB-NUEF,"Planner 2026 - Respire, floresça, torne-se - um planner para sua melhor versão!",1.0,amazon.com.br,Boleto,Amazon,Itatiba,SP,13255.0,"78,90","8,90",0,"-8,90",0,"-10,26",0,0,0,"68,64",Janeiro,2026
06/01/2026,25407411961,Pedido,701-7181390-8865053,BT-HCTV-ZOJY,"Planner 2026 Napolitano - Planejamento Anual com Roda da Vida A5, Gestão Financeira, Organização Pessoal, Metas e Saúde, Capa Dura Laminada, Agend",1.0,amazon.com.br,Crédito Mastercard e outros,Vendedor,Ipatinga,MG,35160.0,"78,90",0,0,0,0,"-10,26",0,0,0,"68,64",Janeiro,2026
06/01/2026,25407650401,Pedido,702-1416976-0263416,Q5-ZAFB-NUEF,"Planner 2026 - Respire, floresça, torne-se - um planner para sua melhor versão!",1.0,amazon.com.br,Visa Crédito,Amazon,Maceió,AL,57036.0,"78,90",0,0,0,0,"-10,26",0,0,0,"68,64",Janeiro,2026
06/01/2026,25407224741,Pedido,702-0472574-2258604,WC-0G0K-5CCC,"Planner Financeiro Mensal Datado 2026, Roda Da Vida A5 -Planejamento anual, Organização pessoal Metas e objetivos, Gestão financeira Monitoramento",2.0,amazon.com.br,Elo,Vendedor,Paulo Frontin,PR,84635.0,"151,80",0,0,0,0,"-19,74",0,0,0,"132,06",Janeiro,2026
06/01/2026,25407411961,Pedido,702-0578459-8428236,14-02SK-RART,Caderno De Anotações - 200 Pag - Flores Naturais,1.0,amazon.com.br,Crédito Mastercard e outros,Amazon,Brasília,DF,71907.0,"68,90",0,0,0,0,"-8,96",0,0,0,"59,94",Janeiro,2026
06/01/2026,25407650401,Pedido,702-8883100-5964221,H2-QF9W-3BSI,Planner 2026 - Cada flor no seu tempo: planeje o ano com calma e propósito.,1.0,amazon.com.br,Visa Crédito,Amazon,Indaiatuba,SP,13331.0,"78,90",0,"3,90",0,0,"-10,26","-3,90",0,0,"68,64",Janeiro,2026
06/01/2026,25407411961,Serviços de Envio,702-6467239-3331408,,Tarifa de manuseio com base no peso Delivery by Amazon,,Amazon.com.br,Crédito Mastercard e outros,Vendedor,,,,0,0,0,0,0,0,0,"-6,75",0,"-6,75",Janeiro,2026
06/01/2026,25407411961,Serviços de Envio,702-6467239-3331408,,Estorno do frete pago pelo comprador,,Amazon.com.br,Crédito Mastercard e outros,Vendedor,,,,0,0,0,0,0,0,0,"-35,58",0,"-35,58",Janeiro,2026
06/01/2026,25407411961,Serviços de Envio,701-7596351-6654604,,Tarifa de manuseio com base no peso Delivery by Amazon,,Amazon.com.br,Crédito Mastercard e outros,Vendedor,,,,0,0,0,0,0,0,0,"-6,75",0,"-6,75",Janeiro,2026
06/01/2026,25407411961,Serviços de Envio,701-7596351-6654604,,Estorno do frete pago pelo comprador,,Amazon.com.br,Crédito Mastercard e outros,Vendedor,,,,0,0,0,0,0,0,0,0,0,0,Janeiro,2026
06/01/2026,25407411961,Serviços de Envio,701-0943546-4493052,,Tarifa de manuseio com base no peso Delivery by Amazon,,Amazon.com.br,Crédito Mastercard e outros,Vendedor,,,,0,0,0,0,0,0,0,"-6,75",0,"-6,75",Janeiro,2026
06/01/2026,25407411961,Serviços de Envio,701-0943546-4493052,,Estorno do frete pago pelo comprador,,Amazon.com.br,Crédito Mastercard e outros,Vendedor,,,,0,0,0,0,0,0,0,"-22,51",0,"-22,51",Janeiro,2026
06/01/2026,25407411961,Serviços de Envio,701-4738182-0595467,,Tarifa de manuseio com base no peso Delivery by Amazon,,Amazon.com.br,Crédito Mastercard e outros,Vendedor,,,,0,0,0,0,0,0,0,"-6,75",0,"-6,75",Janeiro,2026
06/01/2026,25407411961,Serviços de Envio,701-4738182-0595467,,Estorno do frete pago pelo comprador,,Amazon.com.br,Crédito Mastercard e outros,Vendedor,,,,0,0,0,0,0,0,0,0,0,0,Janeiro,2026
06/01/2026,25407411961,Serviços de Envio,702-7551825-7070643,,Tarifa de manuseio com base no peso Delivery by Amazon,,Amazon.com.br,Crédito Mastercard e outros,Vendedor,,,,0,0,0,0,0,0,0,"-6,75",0,"-6,75",Janeiro,2026
06/01/2026,25407411961,Serviços de Envio,702-7551825-7070643,,Estorno do frete pago pelo comprador,,Amazon.com.br,Crédito Mastercard e outros,Vendedor,,,,0,0,0,0,0,0,0,"-21,08",0,"-21,08",Janeiro,2026
06/01/2026,25407411961,Serviços de Envio,702-2619710-6757026,,Tarifa de manuseio com base no peso Delivery by Amazon,,Amazon.com.br,Crédito Mastercard e outros,Vendedor,,,,0,0,0,0,0,0,0,"-6,75",0,"-6,75",Janeiro,2026
06/01/2026,25407411961,Serviços de Envio,702-2619710-6757026,,Estorno do frete pago pelo comprador,,Amazon.com.br,Crédito Mastercard e outros,Vendedor,,,,0,0,0,0,0,0,0,"-21,00",0,"-21,00",Janeiro,2026
06/01/2026,25407411961,Serviços de Envio,701-4297217-4557810,,Tarifa de manuseio com base no peso Delivery by Amazon,,Amazon.com.br,Crédito Mastercard e outros,Vendedor,,,,0,0,0,0,0,0,0,"-6,75",0,"-6,75",Janeiro,2026
06/01/2026,25407411961,Serviços de Envio,701-4297217-4557810,,Estorno do frete pago pelo comprador,,Amazon.com.br,Crédito Mastercard e outros,Vendedor,,,,0,0,0,0,0,0,0,0,0,0,Janeiro,2026
06/01/2026,25407411961,Serviços de Envio,701-6415372-7075461,,Tarifa de manuseio com base no peso Delivery by Amazon,,Amazon.com.br,Crédito Mastercard e outros,Vendedor,,,,0,0,0,0,0,0,0,"-6,75",0,"-6,75",Janeiro,2026
06/01/2026,25407411961,Serviços de Envio,701-6415372-7075461,,Estorno do frete pago pelo comprador,,Amazon.com.br,Crédito Mastercard e outros,Vendedor,,,,0,0,0,0,0,0,0,0,0,0,Janeiro,2026
06/01/2026,25407411961,Serviços de Envio,701-6005719-4681853,,Tarifa de manuseio com base no peso Delivery by Amazon,,Amazon.com.br,Crédito Mastercard e outros,Vendedor,,,,0,0,0,0,0,0,0,"-6,75",0,"-6,75",Janeiro,2026
06/01/2026,25407411961,Serviços de Envio,701-6005719-4681853,,Estorno do frete pago pelo comprador,,Amazon.com.br,Crédito Mastercard e outros,Vendedor,,,,0,0,0,0,0,0,0,0,0,0,Janeiro,2026
06/01/2026,25407411961,Serviços de Envio,702-2301491-8181823,,Tarifa de manuseio com base no peso Delivery by Amazon,,Amazon.com.br,Crédito Mastercard e outros,Vendedor,,,,0,0,0,0,0,0,0,"-6,75",0,"-6,75",Janeiro,2026
06/01/2026,25407411961,Serviços de Envio,702-2301491-8181823,,Estorno do frete pago pelo comprador,,Amazon.com.br,Crédito Mastercard e outros,Vendedor,,,,0,0,0,0,0,0,0,0,0,0,Janeiro,2026
06/01/2026,25407411961,Serviços de Envio,701-1202633-9109066,,Tarifa de manuseio com base no peso Delivery by Amazon,,Amazon.com.br,Crédito Mastercard e outros,Vendedor,,,,0,0,0,0,0,0,0,"-6,75",0,"-6,75",Janeiro,2026
06/01/2026,25407411961,Serviços de Envio,701-1202633-9109066,,Estorno do frete pago pelo comprador,,Amazon.com.br,Crédito Mastercard e outros,Vendedor,,,,0,0,0,0,0,0,0,0,0,0,Janeiro,2026
06/01/2026,25407411961,Serviços de Envio,702-9718483-3949003,,Tarifa de manuseio com base no peso Delivery by Amazon,,Amazon.com.br,Crédito Mastercard e outros,Vendedor,,,,0,0,0,0,0,0,0,"-6,75",0,"-6,75",Janeiro,2026
06/01/2026,25407411961,Serviços de Envio,702-9718483-3949003,,Estorno do frete pago pelo comprador,,Amazon.com.br,Crédito Mastercard e outros,Vendedor,,,,0,0,0,0,0,0,0,"-21,80",0,"-21,80",Janeiro,2026
06/01/2026,25407411961,Serviços de Envio,702-8520893-6614601,,Tarifa de manuseio com base no peso Delivery by Amazon,,Amazon.com.br,Crédito Mastercard e outros,Vendedor,,,,0,0,0,0,0,0,0,"-6,75",0,"-6,75",Janeiro,2026
06/01/2026,25407411961,Serviços de Envio,702-8520893-6614601,,Estorno do frete pago pelo comprador,,Amazon.com.br,Crédito Mastercard e outros,Vendedor,,,,0,0,0,0,0,0,0,0,0,0,Janeiro,2026
06/01/2026,25407411961,Serviços de Envio,701-2121553-5745850,,Tarifa de manuseio com base no peso Delivery by Amazon,,Amazon.com.br,Crédito Mastercard e outros,Vendedor,,,,0,0,0,0,0,0,0,"-6,75",0,"-6,75",Janeiro,2026
06/01/2026,25407411961,Serviços de Envio,701-2121553-5745850,,Estorno do frete pago pelo comprador,,Amazon.com.br,Crédito Mastercard e outros,Vendedor,,,,0,0,0,0,0,0,0,0,0,0,Janeiro,2026
06/01/2026,25407411961,Serviços de Envio,702-4735934-4464248,,Tarifa de manuseio com base no peso Delivery by Amazon,,Amazon.com.br,Crédito Mastercard e outros,Vendedor,,,,0,0,0,0,0,0,0,"-13,50",0,"-13,50",Janeiro,2026
06/01/2026,25407411961,Serviços de Envio,702-4735934-4464248,,Estorno do frete pago pelo comprador,,Amazon.com.br,Crédito Mastercard e outros,Vendedor,,,,0,0,0,0,0,0,0,0,0,0,Janeiro,2026
06/01/2026,25407411961,Serviços de Envio,702-3459873-4686623,,Tarifa de manuseio com base no peso Delivery by Amazon,,Amazon.com.br,Crédito Mastercard e outros,Vendedor,,,,0,0,0,0,0,0,0,"-6,75",0,"-6,75",Janeiro,2026
06/01/2026,25407411961,Serviços de Envio,702-3459873-4686623,,Estorno do frete pago pelo comprador,,Amazon.com.br,Crédito Mastercard e outros,Vendedor,,,,0,0,0,0,0,0,0,0,0,0,Janeiro,2026
06/01/2026,25407411961,Serviços de Envio,702-5295803-8693804,,Tarifa de manuseio com base no peso Delivery by Amazon,,Amazon.com.br,Crédito Mastercard e outros,Vendedor,,,,0,0,0,0,0,0,0,"-6,75",0,"-6,75",Janeiro,2026
06/01/2026,25407411961,Serviços de Envio,702-5295803-8693804,,Estorno do frete pago pelo comprador,,Amazon.com.br,Crédito Mastercard e outros,Vendedor,,,,0,0,0,0,0,0,0,"-21,90",0,"-21,90",Janeiro,2026
06/01/2026,25407411961,Serviços de Envio,701-1594861-5132225,,Tarifa de manuseio com base no peso Delivery by Amazon,,Amazon.com.br,Crédito Mastercard e outros,Vendedor,,,,0,0,0,0,0,0,0,"-6,75",0,"-6,75",Janeiro,2026
06/01/2026,25407411961,Serviços de Envio,701-1594861-5132225,,Estorno do frete pago pelo comprador,,Amazon.com.br,Crédito Mastercard e outros,Vendedor,,,,0,0,0,0,0,0,0,0,0,0,Janeiro,2026
06/01/2026,25407411961,Serviços de Envio,701-0248175-3367405,,Tarifa de manuseio com base no peso Delivery by Amazon,,Amazon.com.br,Crédito Mastercard e outros,Vendedor,,,,0,0,0,0,0,0,0,"-6,75",0,"-6,75",Janeiro,2026
06/01/2026,25407411961,Serviços de Envio,701-0248175-3367405,,Estorno do frete pago pelo comprador,,Amazon.com.br,Crédito Mastercard e outros,Vendedor,,,,0,0,0,0,0,0,0,0,0,0,Janeiro,2026
06/01/2026,25407411961,Serviços de Envio,701-0873441-3212202,,Tarifa de manuseio com base no peso Delivery by Amazon,,Amazon.com.br,Crédito Mastercard e outros,Vendedor,,,,0,0,0,0,0,0,0,"-6,75",0,"-6,75",Janeiro,2026
06/01/2026,25407411961,Serviços de Envio,701-0873441-3212202,,Estorno do frete pago pelo comprador,,Amazon.com.br,Crédito Mastercard e outros,Vendedor,,,,0,0,0,0,0,0,0,0,0,0,Janeiro,2026
06/01/2026,25407411961,Serviços de Envio,702-7545758-4573061,,Tarifa de manuseio com base no peso Delivery by Amazon,,Amazon.com.br,Crédito Mastercard e outros,Vendedor,,,,0,0,0,0,0,0,0,"-6,75",0,"-6,75",Janeiro,2026
06/01/2026,25407411961,Serviços de Envio,702-7545758-4573061,,Estorno do frete pago pelo comprador,,Amazon.com.br,Crédito Mastercard e outros,Vendedor,,,,0,0,0,0,0,0,0,0,0,0,Janeiro,2026
06/01/2026,25407411961,Serviços de Envio,702-0467327-7042663,,Tarifa de manuseio com base no peso Delivery by Amazon,,Amazon.com.br,Crédito Mastercard e outros,Vendedor,,,,0,0,0,0,0,0,0,"-6,75",0,"-6,75",Janeiro,2026
06/01/2026,25407411961,Serviços de Envio,702-0467327-7042663,,Estorno do frete pago pelo comprador,,Amazon.com.br,Crédito Mastercard e outros,Vendedor,,,,0,0,0,0,0,0,0,0,0,0,Janeiro,2026
06/01/2026,25407411961,Serviços de Envio,701-8470517-1759411,,Tarifa de manuseio com base no peso Delivery by Amazon,,Amazon.com.br,Crédito Mastercard e outros,Vendedor,,,,0,0,0,0,0,0,0,"-6,75",0,"-6,75",Janeiro,2026
06/01/2026,25407411961,Serviços de Envio,701-8470517-1759411,,Estorno do frete pago pelo comprador,,Amazon.com.br,Crédito Mastercard e outros,Vendedor,,,,0,0,0,0,0,0,0,0,0,0,Janeiro,2026
06/01/2026,25407411961,Serviços de Envio,701-3538387-9525842,,Tarifa de manuseio com base no peso Delivery by Amazon,,Amazon.com.br,Crédito Mastercard e outros,Vendedor,,,,0,0,0,0,0,0,0,"-6,75",0,"-6,75",Janeiro,2026
06/01/2026,25407411961,Serviços de Envio,701-3538387-9525842,,Estorno do frete pago pelo comprador,,Amazon.com.br,Crédito Mastercard e outros,Vendedor,,,,0,0,0,0,0,0,0,0,0,0,Janeiro,2026
06/01/2026,25407411961,Serviços de Envio,701-6820790-6329064,,Tarifa de manuseio com base no peso Delivery by Amazon,,Amazon.com.br,Crédito Mastercard e outros,Vendedor,,,,0,0,0,0,0,0,0,"-6,75",0,"-6,75",Janeiro,2026
06/01/2026,25407411961,Serviços de Envio,701-6820790-6329064,,Estorno do frete pago pelo comprador,,Amazon.com.br,Crédito Mastercard e outros,Vendedor,,,,0,0,0,0,0,0,0,0,0,0,Janeiro,2026
06/01/2026,25407411961,Serviços de Envio,701-7042315-5405807,,Tarifa de manuseio com base no peso Delivery by Amazon,,Amazon.com.br,Crédito Mastercard e outros,Vendedor,,,,0,0,0,0,0,0,0,"-6,75",0,"-6,75",Janeiro,2026
06/01/2026,25407411961,Serviços de Envio,701-7042315-5405807,,Estorno do frete pago pelo comprador,,Amazon.com.br,Crédito Mastercard e outros,Vendedor,,,,0,0,0,0,0,0,0,"-21,84",0,"-21,84",Janeiro,2026
06/01/2026,25407411961,Serviços de Envio,702-3297178-6733819,,Tarifa de manuseio com base no peso Delivery by Amazon,,Amazon.com.br,Crédito Mastercard e outros,Vendedor,,,,0,0,0,0,0,0,0,"-6,75",0,"-6,75",Janeiro,2026
06/01/2026,25407411961,Serviços de Envio,702-3297178-6733819,,Estorno do frete pago pelo comprador,,Amazon.com.br,Crédito Mastercard e outros,Vendedor,,,,0,0,0,0,0,0,0,0,0,0,Janeiro,2026
06/01/2026,25407411961,Serviços de Envio,701-5058652-3224245,,Tarifa de manuseio com base no peso Delivery by Amazon,,Amazon.com.br,Crédito Mastercard e outros,Vendedor,,,,0,0,0,0,0,0,0,"-6,75",0,"-6,75",Janeiro,2026
06/01/2026,25407411961,Serviços de Envio,701-5058652-3224245,,Estorno do frete pago pelo comprador,,Amazon.com.br,Crédito Mastercard e outros,Vendedor,,,,0,0,0,0,0,0,0,0,0,0,Janeiro,2026
06/01/2026,25407411961,Serviços de Envio,702-6338786-2530654,,Tarifa de manuseio com base no peso Delivery by Amazon,,Amazon.com.br,Crédito Mastercard e outros,Vendedor,,,,0,0,0,0,0,0,0,"-6,75",0,"-6,75",Janeiro,2026
06/01/2026,25407411961,Serviços de Envio,702-6338786-2530654,,Estorno do frete pago pelo comprador,,Amazon.com.br,Crédito Mastercard e outros,Vendedor,,,,0,0,0,0,0,0,0,0,0,0,Janeiro,2026
06/01/2026,25407411961,Serviços de Envio,701-2734490-9742631,,Tarifa de manuseio com base no peso Delivery by Amazon,,Amazon.com.br,Crédito Mastercard e outros,Vendedor,,,,0,0,0,0,0,0,0,"-6,75",0,"-6,75",Janeiro,2026
06/01/2026,25407411961,Serviços de Envio,701-2734490-9742631,,Estorno do frete pago pelo comprador,,Amazon.com.br,Crédito Mastercard e outros,Vendedor,,,,0,0,0,0,0,0,0,0,0,0,Janeiro,2026
06/01/2026,25407411961,Serviços de Envio,702-1226291-4675425,,Tarifa de manuseio com base no peso Delivery by Amazon,,Amazon.com.br,Crédito Mastercard e outros,Vendedor,,,,0,0,0,0,0,0,0,"-6,75",0,"-6,75",Janeiro,2026
06/01/2026,25407411961,Serviços de Envio,702-1226291-4675425,,Estorno do frete pago pelo comprador,,Amazon.com.br,Crédito Mastercard e outros,Vendedor,,,,0,0,0,0,0,0,0,0,0,0,Janeiro,2026
06/01/2026,25407411961,Serviços de Envio,702-4126501-4793002,,Tarifa de manuseio com base no peso Delivery by Amazon,,Amazon.com.br,Crédito Mastercard e outros,Vendedor,,,,0,0,0,0,0,0,0,"-6,75",0,"-6,75",Janeiro,2026
06/01/2026,25407411961,Serviços de Envio,702-4126501-4793002,,Estorno do frete pago pelo comprador,,Amazon.com.br,Crédito Mastercard e outros,Vendedor,,,,0,0,0,0,0,0,0,0,0,0,Janeiro,2026
06/01/2026,25407411961,Serviços de Envio,701-8769642-0752258,,Tarifa de manuseio com base no peso Delivery by Amazon,,Amazon.com.br,Crédito Mastercard e outros,Vendedor,,,,0,0,0,0,0,0,0,"-6,75",0,"-6,75",Janeiro,2026
06/01/2026,25407411961,Serviços de Envio,701-8769642-0752258,,Estorno do frete pago pelo comprador,,Amazon.com.br,Crédito Mastercard e outros,Vendedor,,,,0,0,0,0,0,0,0,0,0,0,Janeiro,2026
06/01/2026,25407411961,Serviços de Envio,702-2396095-2777003,,Tarifa de manuseio com base no peso Delivery by Amazon,,Amazon.com.br,Crédito Mastercard e outros,Vendedor,,,,0,0,0,0,0,0,0,"-6,75",0,"-6,75",Janeiro,2026
06/01/2026,25407411961,Serviços de Envio,702-2396095-2777003,,Estorno do frete pago pelo comprador,,Amazon.com.br,Crédito Mastercard e outros,Vendedor,,,,0,0,0,0,0,0,0,0,0,0,Janeiro,2026
06/01/2026,25407411961,Serviços de Envio,702-7591162-4314665,,Tarifa de manuseio com base no peso Delivery by Amazon,,Amazon.com.br,Crédito Mastercard e outros,Vendedor,,,,0,0,0,0,0,0,0,"-6,75",0,"-6,75",Janeiro,2026
06/01/2026,25407411961,Serviços de Envio,702-7591162-4314665,,Estorno do frete pago pelo comprador,,Amazon.com.br,Crédito Mastercard e outros,Vendedor,,,,0,0,0,0,0,0,0,0,0,0,Janeiro,2026
06/01/2026,25407411961,Serviços de Envio,702-5020594-0231404,,Tarifa de manuseio com base no peso Delivery by Amazon,,Amazon.com.br,Crédito Mastercard e outros,Vendedor,,,,0,0,0,0,0,0,0,"-6,75",0,"-6,75",Janeiro,2026
06/01/2026,25407411961,Serviços de Envio,702-5020594-0231404,,Estorno do frete pago pelo comprador,,Amazon.com.br,Crédito Mastercard e outros,Vendedor,,,,0,0,0,0,0,0,0,0,0,0,Janeiro,2026
06/01/2026,25407411961,Serviços de Envio,702-0492102-3071416,,Tarifa de manuseio com base no peso Delivery by Amazon,,Amazon.com.br,Crédito Mastercard e outros,Vendedor,,,,0,0,0,0,0,0,0,"-6,75",0,"-6,75",Janeiro,2026
06/01/2026,25407411961,Serviços de Envio,702-0492102-3071416,,Estorno do frete pago pelo comprador,,Amazon.com.br,Crédito Mastercard e outros,Vendedor,,,,0,0,0,0,0,0,0,0,0,0,Janeiro,2026
06/01/2026,25407411961,Serviços de Envio,702-4918731-9872262,,Tarifa de manuseio com base no peso Delivery by Amazon,,Amazon.com.br,Crédito Mastercard e outros,Vendedor,,,,0,0,0,0,0,0,0,"-6,75",0,"-6,75",Janeiro,2026
06/01/2026,25407411961,Serviços de Envio,702-4918731-9872262,,Estorno do frete pago pelo comprador,,Amazon.com.br,Crédito Mastercard e outros,Vendedor,,,,0,0,0,0,0,0,0,0,0,0,Janeiro,2026
06/01/2026,25407411961,Serviços de Envio,702-5744166-8777864,,Tarifa de manuseio com base no peso Delivery by Amazon,,Amazon.com.br,Crédito Mastercard e outros,Vendedor,,,,0,0,0,0,0,0,0,"-6,75",0,"-6,75",Janeiro,2026
06/01/2026,25407411961,Serviços de Envio,702-5744166-8777864,,Estorno do frete pago pelo comprador,,Amazon.com.br,Crédito Mastercard e outros,Vendedor,,,,0,0,0,0,0,0,0,0,0,0,Janeiro,2026
06/01/2026,25407411961,Serviços de Envio,701-2044704-3140225,,Tarifa de manuseio com base no peso Delivery by Amazon,,Amazon.com.br,Crédito Mastercard e outros,Vendedor,,,,0,0,0,0,0,0,0,"-6,75",0,"-6,75",Janeiro,2026
06/01/2026,25407411961,Serviços de Envio,701-2044704-3140225,,Estorno do frete pago pelo comprador,,Amazon.com.br,Crédito Mastercard e outros,Vendedor,,,,0,0,0,0,0,0,0,0,0,0,Janeiro,2026
06/01/2026,25407411961,Serviços de Envio,702-2709743-1031455,,Tarifa de manuseio com base no peso Delivery by Amazon,,Amazon.com.br,Crédito Mastercard e outros,Vendedor,,,,0,0,0,0,0,0,0,"-6,75",0,"-6,75",Janeiro,2026
06/01/2026,25407411961,Serviços de Envio,702-2709743-1031455,,Estorno do frete pago pelo comprador,,Amazon.com.br,Crédito Mastercard e outros,Vendedor,,,,0,0,0,0,0,0,0,0,0,0,Janeiro,2026
06/01/2026,25407411961,Serviços de Envio,701-5198514-9229802,,Tarifa de manuseio com base no peso Delivery by Amazon,,Amazon.com.br,Crédito Mastercard e outros,Vendedor,,,,0,0,0,0,0,0,0,"-6,75",0,"-6,75",Janeiro,2026
06/01/2026,25407411961,Serviços de Envio,701-5198514-9229802,,Estorno do frete pago pelo comprador,,Amazon.com.br,Crédito Mastercard e outros,Vendedor,,,,0,0,0,0,0,0,0,0,0,0,Janeiro,2026
06/01/2026,25407411961,Serviços de Envio,701-6817907-4528217,,Tarifa de manuseio com base no peso Delivery by Amazon,,Amazon.com.br,Crédito Mastercard e outros,Vendedor,,,,0,0,0,0,0,0,0,"-6,75",0,"-6,75",Janeiro,2026
06/01/2026,25407411961,Serviços de Envio,701-6817907-4528217,,Estorno do frete pago pelo comprador,,Amazon.com.br,Crédito Mastercard e outros,Vendedor,,,,0,0,0,0,0,0,0,0,0,0,Janeiro,2026
06/01/2026,25407411961,Serviços de Envio,701-4681578-1335439,,Tarifa de manuseio com base no peso Delivery by Amazon,,Amazon.com.br,Crédito Mastercard e outros,Vendedor,,,,0,0,0,0,0,0,0,"-6,75",0,"-6,75",Janeiro,2026
06/01/2026,25407411961,Serviços de Envio,701-4681578-1335439,,Estorno do frete pago pelo comprador,,Amazon.com.br,Crédito Mastercard e outros,Vendedor,,,,0,0,0,0,0,0,0,0,0,0,Janeiro,2026
06/01/2026,25407411961,Serviços de Envio,702-9601289-5203454,,Tarifa de manuseio com base no peso Delivery by Amazon,,Amazon.com.br,Crédito Mastercard e outros,Vendedor,,,,0,0,0,0,0,0,0,"-6,75",0,"-6,75",Janeiro,2026
06/01/2026,25407411961,Serviços de Envio,702-9601289-5203454,,Estorno do frete pago pelo comprador,,Amazon.com.br,Crédito Mastercard e outros,Vendedor,,,,0,0,0,0,0,0,0,0,0,0,Janeiro,2026
06/01/2026,25407411961,Serviços de Envio,701-0084563-8594629,,Tarifa de manuseio com base no peso Delivery by Amazon,,Amazon.com.br,Crédito Mastercard e outros,Vendedor,,,,0,0,0,0,0,0,0,"-6,75",0,"-6,75",Janeiro,2026
06/01/2026,25407411961,Serviços de Envio,701-0084563-8594629,,Estorno do frete pago pelo comprador,,Amazon.com.br,Crédito Mastercard e outros,Vendedor,,,,0,0,0,0,0,0,0,"-22,02",0,"-22,02",Janeiro,2026
06/01/2026,25407411961,Serviços de Envio,701-9347376-3917851,,Tarifa de manuseio com base no peso Delivery by Amazon,,Amazon.com.br,Crédito Mastercard e outros,Vendedor,,,,0,0,0,0,0,0,0,"-6,75",0,"-6,75",Janeiro,2026
06/01/2026,25407411961,Serviços de Envio,701-9347376-3917851,,Estorno do frete pago pelo comprador,,Amazon.com.br,Crédito Mastercard e outros,Vendedor,,,,0,0,0,0,0,0,0,0,0,0,Janeiro,2026
06/01/2026,25407411961,Serviços de Envio,701-3364276-7009037,,Tarifa de manuseio com base no peso Delivery by Amazon,,Amazon.com.br,Crédito Mastercard e outros,Vendedor,,,,0,0,0,0,0,0,0,"-6,75",0,"-6,75",Janeiro,2026
06/01/2026,25407411961,Serviços de Envio,701-3364276-7009037,,Estorno do frete pago pelo comprador,,Amazon.com.br,Crédito Mastercard e outros,Vendedor,,,,0,0,0,0,0,0,0,0,0,0,Janeiro,2026
06/01/2026,25407411961,Serviços de Envio,701-5058037-7873058,,Tarifa de manuseio com base no peso Delivery by Amazon,,Amazon.com.br,Crédito Mastercard e outros,Vendedor,,,,0,0,0,0,0,0,0,"-6,75",0,"-6,75",Janeiro,2026
06/01/2026,25407411961,Serviços de Envio,701-5058037-7873058,,Estorno do frete pago pelo comprador,,Amazon.com.br,Crédito Mastercard e outros,Vendedor,,,,0,0,0,0,0,0,0,"-35,99",0,"-35,99",Janeiro,2026
06/01/2026,25407411961,Serviços de Envio,701-7612370-1771450,,Tarifa de manuseio com base no peso Delivery by Amazon,,Amazon.com.br,Crédito Mastercard e outros,Vendedor,,,,0,0,0,0,0,0,0,"-6,75",0,"-6,75",Janeiro,2026
06/01/2026,25407411961,Serviços de Envio,701-7612370-1771450,,Estorno do frete pago pelo comprador,,Amazon.com.br,Crédito Mastercard e outros,Vendedor,,,,0,0,0,0,0,0,0,0,0,0,Janeiro,2026
06/01/2026,25407411961,Serviços de Envio,701-7413550-2544210,,Tarifa de manuseio com base no peso Delivery by Amazon,,Amazon.com.br,Crédito Mastercard e outros,Vendedor,,,,0,0,0,0,0,0,0,"-6,75",0,"-6,75",Janeiro,2026
06/01/2026,25407411961,Serviços de Envio,701-7413550-2544210,,Estorno do frete pago pelo comprador,,Amazon.com.br,Crédito Mastercard e outros,Vendedor,,,,0,0,0,0,0,0,0,0,0,0,Janeiro,2026
06/01/2026,25407411961,Serviços de Envio,702-5985681-4628200,,Tarifa de manuseio com base no peso Delivery by Amazon,,Amazon.com.br,Crédito Mastercard e outros,Vendedor,,,,0,0,0,0,0,0,0,"-6,75",0,"-6,75",Janeiro,2026
06/01/2026,25407411961,Serviços de Envio,702-5985681-4628200,,Estorno do frete pago pelo comprador,,Amazon.com.br,Crédito Mastercard e outros,Vendedor,,,,0,0,0,0,0,0,0,0,0,0,Janeiro,2026
06/01/2026,25407411961,Serviços de Envio,701-7037018-7249012,,Tarifa de manuseio com base no peso Delivery by Amazon,,Amazon.com.br,Crédito Mastercard e outros,Vendedor,,,,0,0,0,0,0,0,0,"-6,50",0,"-6,50",Janeiro,2026
06/01/2026,25407411961,Serviços de Envio,701-7037018-7249012,,Estorno do frete pago pelo comprador,,Amazon.com.br,Crédito Mastercard e outros,Vendedor,,,,0,0,0,0,0,0,0,0,0,0,Janeiro,2026
06/01/2026,25407411961,Serviços de Envio,701-4310254-7297028,,Tarifa de manuseio com base no peso Delivery by Amazon,,Amazon.com.br,Crédito Mastercard e outros,Vendedor,,,,0,0,0,0,0,0,0,"-6,75",0,"-6,75",Janeiro,2026
06/01/2026,25407411961,Serviços de Envio,701-4310254-7297028,,Estorno do frete pago pelo comprador,,Amazon.com.br,Crédito Mastercard e outros,Vendedor,,,,0,0,0,0,0,0,0,0,0,0,Janeiro,2026
06/01/2026,25407411961,Serviços de Envio,702-5138982-1054628,,Tarifa de manuseio com base no peso Delivery by Amazon,,Amazon.com.br,Crédito Mastercard e outros,Vendedor,,,,0,0,0,0,0,0,0,"-6,75",0,"-6,75",Janeiro,2026
06/01/2026,25407411961,Serviços de Envio,702-5138982-1054628,,Estorno do frete pago pelo comprador,,Amazon.com.br,Crédito Mastercard e outros,Vendedor,,,,0,0,0,0,0,0,0,0,0,0,Janeiro,2026
06/01/2026,25407411961,Serviços de Envio,701-4056937-3937851,,Tarifa de manuseio com base no peso Delivery by Amazon,,Amazon.com.br,Crédito Mastercard e outros,Vendedor,,,,0,0,0,0,0,0,0,"-6,75",0,"-6,75",Janeiro,2026
06/01/2026,25407411961,Serviços de Envio,701-4056937-3937851,,Estorno do frete pago pelo comprador,,Amazon.com.br,Crédito Mastercard e outros,Vendedor,,,,0,0,0,0,0,0,0,0,0,0,Janeiro,2026
06/01/2026,25407411961,Serviços de Envio,701-6882270-5582664,,Tarifa de manuseio com base no peso Delivery by Amazon,,Amazon.com.br,Crédito Mastercard e outros,Vendedor,,,,0,0,0,0,0,0,0,"-6,75",0,"-6,75",Janeiro,2026
06/01/2026,25407411961,Serviços de Envio,701-6882270-5582664,,Estorno do frete pago pelo comprador,,Amazon.com.br,Crédito Mastercard e outros,Vendedor,,,,0,0,0,0,0,0,0,0,0,0,Janeiro,2026
06/01/2026,25407411961,Serviços de Envio,701-6301915-6681808,,Tarifa de manuseio com base no peso Delivery by Amazon,,Amazon.com.br,Crédito Mastercard e outros,Vendedor,,,,0,0,0,0,0,0,0,"-6,75",0,"-6,75",Janeiro,2026
06/01/2026,25407411961,Serviços de Envio,701-6301915-6681808,,Estorno do frete pago pelo comprador,,Amazon.com.br,Crédito Mastercard e outros,Vendedor,,,,0,0,0,0,0,0,0,0,0,0,Janeiro,2026
06/01/2026,25407411961,Serviços de Envio,701-2068683-2322663,,Tarifa de manuseio com base no peso Delivery by Amazon,,Amazon.com.br,Crédito Mastercard e outros,Vendedor,,,,0,0,0,0,0,0,0,"-6,75",0,"-6,75",Janeiro,2026
06/01/2026,25407411961,Serviços de Envio,701-2068683-2322663,,Estorno do frete pago pelo comprador,,Amazon.com.br,Crédito Mastercard e outros,Vendedor,,,,0,0,0,0,0,0,0,0,0,0,Janeiro,2026
06/01/2026,25407411961,Serviços de Envio,701-6790139-0322609,,Tarifa de manuseio com base no peso Delivery by Amazon,,Amazon.com.br,Crédito Mastercard e outros,Vendedor,,,,0,0,0,0,0,0,0,"-6,75",0,"-6,75",Janeiro,2026
06/01/2026,25407411961,Serviços de Envio,701-6790139-0322609,,Estorno do frete pago pelo comprador,,Amazon.com.br,Crédito Mastercard e outros,Vendedor,,,,0,0,0,0,0,0,0,0,0,0,Janeiro,2026
06/01/2026,25407411961,Serviços de Envio,702-5014971-6345843,,Tarifa de manuseio com base no peso Delivery by Amazon,,Amazon.com.br,Crédito Mastercard e outros,Vendedor,,,,0,0,0,0,0,0,0,"-6,75",0,"-6,75",Janeiro,2026
06/01/2026,25407411961,Serviços de Envio,702-5014971-6345843,,Estorno do frete pago pelo comprador,,Amazon.com.br,Crédito Mastercard e outros,Vendedor,,,,0,0,0,0,0,0,0,0,0,0,Janeiro,2026
06/01/2026,25407411961,Serviços de Envio,701-1636944-3155433,,Tarifa de manuseio com base no peso Delivery by Amazon,,Amazon.com.br,Crédito Mastercard e outros,Vendedor,,,,0,0,0,0,0,0,0,"-6,75",0,"-6,75",Janeiro,2026
06/01/2026,25407411961,Serviços de Envio,701-1636944-3155433,,Estorno do frete pago pelo comprador,,Amazon.com.br,Crédito Mastercard e outros,Vendedor,,,,0,0,0,0,0,0,0,0,0,0,Janeiro,2026
06/01/2026,25407411961,Serviços de Envio,701-0359214-6371458,,Tarifa de manuseio com base no peso Delivery by Amazon,,Amazon.com.br,Crédito Mastercard e outros,Vendedor,,,,0,0,0,0,0,0,0,"-6,75",0,"-6,75",Janeiro,2026
06/01/2026,25407411961,Serviços de Envio,701-0359214-6371458,,Estorno do frete pago pelo comprador,,Amazon.com.br,Crédito Mastercard e outros,Vendedor,,,,0,0,0,0,0,0,0,"-21,57",0,"-21,57",Janeiro,2026
06/01/2026,25407411961,Serviços de Envio,701-2397069-4694655,,Tarifa de manuseio com base no peso Delivery by Amazon,,Amazon.com.br,Crédito Mastercard e outros,Vendedor,,,,0,0,0,0,0,0,0,"-6,75",0,"-6,75",Janeiro,2026
06/01/2026,25407411961,Serviços de Envio,701-2397069-4694655,,Estorno do frete pago pelo comprador,,Amazon.com.br,Crédito Mastercard e outros,Vendedor,,,,0,0,0,0,0,0,0,0,0,0,Janeiro,2026
06/01/2026,25407411961,Serviços de Envio,702-8181009-4949015,,Tarifa de manuseio com base no peso Delivery by Amazon,,Amazon.com.br,Crédito Mastercard e outros,Vendedor,,,,0,0,0,0,0,0,0,"-6,75",0,"-6,75",Janeiro,2026
06/01/2026,25407411961,Serviços de Envio,702-8181009-4949015,,Estorno do frete pago pelo comprador,,Amazon.com.br,Crédito Mastercard e outros,Vendedor,,,,0,0,0,0,0,0,0,0,0,0,Janeiro,2026
06/01/2026,25407411961,Serviços de Envio,702-9270306-1069046,,Tarifa de manuseio com base no peso Delivery by Amazon,,Amazon.com.br,Crédito Mastercard e outros,Vendedor,,,,0,0,0,0,0,0,0,"-6,75",0,"-6,75",Janeiro,2026
06/01/2026,25407411961,Serviços de Envio,702-9270306-1069046,,Estorno do frete pago pelo comprador,,Amazon.com.br,Crédito Mastercard e outros,Vendedor,,,,0,0,0,0,0,0,0,0,0,0,Janeiro,2026
06/01/2026,25407411961,Serviços de Envio,701-3514080-5830617,,Tarifa de manuseio com base no peso Delivery by Amazon,,Amazon.com.br,Crédito Mastercard e outros,Vendedor,,,,0,0,0,0,0,0,0,"-6,75",0,"-6,75",Janeiro,2026
06/01/2026,25407411961,Serviços de Envio,701-3514080-5830617,,Estorno do frete pago pelo comprador,,Amazon.com.br,Crédito Mastercard e outros,Vendedor,,,,0,0,0,0,0,0,0,0,0,0,Janeiro,2026
06/01/2026,25407411961,Serviços de Envio,701-9213216-3491462,,Tarifa de manuseio com base no peso Delivery by Amazon,,Amazon.com.br,Crédito Mastercard e outros,Vendedor,,,,0,0,0,0,0,0,0,"-6,75",0,"-6,75",Janeiro,2026
06/01/2026,25407411961,Serviços de Envio,701-9213216-3491462,,Estorno do frete pago pelo comprador,,Amazon.com.br,Crédito Mastercard e outros,Vendedor,,,,0,0,0,0,0,0,0,0,0,0,Janeiro,2026
06/01/2026,25407411961,Serviços de Envio,701-6341122-4263453,,Tarifa de manuseio com base no peso Delivery by Amazon,,Amazon.com.br,Crédito Mastercard e outros,Vendedor,,,,0,0,0,0,0,0,0,"-6,75",0,"-6,75",Janeiro,2026
06/01/2026,25407411961,Serviços de Envio,701-6341122-4263453,,Estorno do frete pago pelo comprador,,Amazon.com.br,Crédito Mastercard e outros,Vendedor,,,,0,0,0,0,0,0,0,0,0,0,Janeiro,2026
06/01/2026,25407411961,Serviços de Envio,701-6715467-2489010,,Tarifa de manuseio com base no peso Delivery by Amazon,,Amazon.com.br,Crédito Mastercard e outros,Vendedor,,,,0,0,0,0,0,0,0,"-6,75",0,"-6,75",Janeiro,2026
06/01/2026,25407411961,Serviços de Envio,701-6715467-2489010,,Estorno do frete pago pelo comprador,,Amazon.com.br,Crédito Mastercard e outros,Vendedor,,,,0,0,0,0,0,0,0,0,0,0,Janeiro,2026
06/01/2026,25407411961,Serviços de Envio,702-9390317-0070613,,Tarifa de manuseio com base no peso Delivery by Amazon,,Amazon.com.br,Crédito Mastercard e outros,Vendedor,,,,0,0,0,0,0,0,0,"-6,75",0,"-6,75",Janeiro,2026
06/01/2026,25407411961,Serviços de Envio,702-9390317-0070613,,Estorno do frete pago pelo comprador,,Amazon.com.br,Crédito Mastercard e outros,Vendedor,,,,0,0,0,0,0,0,0,0,0,0,Janeiro,2026
06/01/2026,25407411961,Serviços de Envio,702-0679740-9679430,,Tarifa de manuseio com base no peso Delivery by Amazon,,Amazon.com.br,Crédito Mastercard e outros,Vendedor,,,,0,0,0,0,0,0,0,"-6,75",0,"-6,75",Janeiro,2026
06/01/2026,25407411961,Serviços de Envio,702-0679740-9679430,,Estorno do frete pago pelo comprador,,Amazon.com.br,Crédito Mastercard e outros,Vendedor,,,,0,0,0,0,0,0,0,0,0,0,Janeiro,2026
06/01/2026,25407411961,Serviços de Envio,702-9435247-9572260,,Tarifa de manuseio com base no peso Delivery by Amazon,,Amazon.com.br,Crédito Mastercard e outros,Vendedor,,,,0,0,0,0,0,0,0,"-6,75",0,"-6,75",Janeiro,2026
06/01/2026,25407411961,Serviços de Envio,702-9435247-9572260,,Estorno do frete pago pelo comprador,,Amazon.com.br,Crédito Mastercard e outros,Vendedor,,,,0,0,0,0,0,0,0,0,0,0,Janeiro,2026
06/01/2026,25407411961,Serviços de Envio,702-4605949-9469017,,Tarifa de manuseio com base no peso Delivery by Amazon,,Amazon.com.br,Crédito Mastercard e outros,Vendedor,,,,0,0,0,0,0,0,0,"-6,75",0,"-6,75",Janeiro,2026
06/01/2026,25407411961,Serviços de Envio,702-4605949-9469017,,Estorno do frete pago pelo comprador,,Amazon.com.br,Crédito Mastercard e outros,Vendedor,,,,0,0,0,0,0,0,0,0,0,0,Janeiro,2026
06/01/2026,25407411961,Serviços de Envio,701-1236122-1869017,,Tarifa de manuseio com base no peso Delivery by Amazon,,Amazon.com.br,Crédito Mastercard e outros,Vendedor,,,,0,0,0,0,0,0,0,"-6,75",0,"-6,75",Janeiro,2026
06/01/2026,25407411961,Serviços de Envio,701-1236122-1869017,,Estorno do frete pago pelo comprador,,Amazon.com.br,Crédito Mastercard e outros,Vendedor,,,,0,0,0,0,0,0,0,0,0,0,Janeiro,2026
06/01/2026,25407411961,Serviços de Envio,702-6804644-4816234,,Tarifa de manuseio com base no peso Delivery by Amazon,,Amazon.com.br,Crédito Mastercard e outros,Vendedor,,,,0,0,0,0,0,0,0,"-6,75",0,"-6,75",Janeiro,2026
06/01/2026,25407411961,Serviços de Envio,702-6804644-4816234,,Estorno do frete pago pelo comprador,,Amazon.com.br,Crédito Mastercard e outros,Vendedor,,,,0,0,0,0,0,0,0,0,0,0,Janeiro,2026
06/01/2026,25407411961,Serviços de Envio,701-6416554-0617805,,Tarifa de manuseio com base no peso Delivery by Amazon,,Amazon.com.br,Crédito Mastercard e outros,Vendedor,,,,0,0,0,0,0,0,0,"-6,75",0,"-6,75",Janeiro,2026
06/01/2026,25407411961,Serviços de Envio,701-6416554-0617805,,Estorno do frete pago pelo comprador,,Amazon.com.br,Crédito Mastercard e outros,Vendedor,,,,0,0,0,0,0,0,0,0,0,0,Janeiro,2026
06/01/2026,25407411961,Serviços de Envio,701-5708059-2889838,,Tarifa de manuseio com base no peso Delivery by Amazon,,Amazon.com.br,Crédito Mastercard e outros,Vendedor,,,,0,0,0,0,0,0,0,"-6,75",0,"-6,75",Janeiro,2026
06/01/2026,25407411961,Serviços de Envio,701-5708059-2889838,,Estorno do frete pago pelo comprador,,Amazon.com.br,Crédito Mastercard e outros,Vendedor,,,,0,0,0,0,0,0,0,0,0,0,Janeiro,2026
06/01/2026,25407411961,Serviços de Envio,702-5869375-4476251,,Tarifa de manuseio com base no peso Delivery by Amazon,,Amazon.com.br,Crédito Mastercard e outros,Vendedor,,,,0,0,0,0,0,0,0,"-6,75",0,"-6,75",Janeiro,2026
06/01/2026,25407411961,Serviços de Envio,702-5869375-4476251,,Estorno do frete pago pelo comprador,,Amazon.com.br,Crédito Mastercard e outros,Vendedor,,,,0,0,0,0,0,0,0,0,0,0,Janeiro,2026
06/01/2026,25407411961,Serviços de Envio,701-0095812-5810604,,Tarifa de manuseio com base no peso Delivery by Amazon,,Amazon.com.br,Crédito Mastercard e outros,Vendedor,,,,0,0,0,0,0,0,0,"-6,75",0,"-6,75",Janeiro,2026
06/01/2026,25407411961,Serviços de Envio,701-0095812-5810604,,Estorno do frete pago pelo comprador,,Amazon.com.br,Crédito Mastercard e outros,Vendedor,,,,0,0,0,0,0,0,0,0,0,0,Janeiro,2026
06/01/2026,25407411961,Pedido,702-3012073-1600204,Q5-ZAFB-NUEF,"Planner 2026 - Respire, floresça, torne-se - um planner para sua melhor versão!",1.0,amazon.com.br,Crédito Mastercard e outros,Amazon,Umuarama,PR,87502.0,"78,90","8,90",0,"-8,90",0,"-10,26",0,0,0,"68,64",Janeiro,2026
06/01/2026,25406929241,Pedido,702-0517777-5022642,JC-LA79-2HC8,"Caderno Espiral Capa Dura, A5 210x150mm, 80 Folhas, Van gogh, Frases estoicas (Capa 2)",1.0,amazon.com.br,Boleto,Amazon,Campinas,São Paulo,13045.0,"35,90","8,90",0,"-8,90",0,"-4,67",0,0,0,"31,23",Janeiro,2026
06/01/2026,25407411961,Pedido,702-5481824-2914625,Q5-ZAFB-NUEF,"Planner 2026 - Respire, floresça, torne-se - um planner para sua melhor versão!",1.0,amazon.com.br,Crédito Mastercard e outros,Amazon,Araruama,RJ,28979.0,"78,90","8,90",0,"-8,90",0,"-10,26",0,0,0,"68,64",Janeiro,2026
06/01/2026,25407411961,Pedido,702-8031778-0127454,D3-VGD4-YDTV,"Planner Premium 2026 - Planejamento Anual com Roda da Vida A5, Gestão Financeira, Organização Pessoal, Metas e Saúde, Capa Dura Laminada, Agenda S",1.0,amazon.com.br,Crédito Mastercard e outros,Amazon,Campo Grande,MS,79020.0,"78,90",0,0,0,0,"-10,26",0,0,0,"68,64",Janeiro,2026
06/01/2026,25407411961,Pedido,701-4506759-0922640,D3-VGD4-YDTV,"Planner Premium 2026 - Planejamento Anual com Roda da Vida A5, Gestão Financeira, Organização Pessoal, Metas e Saúde, Capa Dura Laminada, Agenda S",1.0,amazon.com.br,Crédito Mastercard e outros,Amazon,Brasília,DF,71684.0,"78,90",0,0,0,0,"-10,26",0,0,0,"68,64",Janeiro,2026
06/01/2026,25407411961,Pedido,701-2662237-7073001,2M-II9L-1YU1,"Caderno A5 SEM PAUTA, 21x14cm, 80 Folhas, 90G",1.0,amazon.com.br,Crédito Mastercard e outros,Amazon,Rio Branco,Acre,69907.0,"35,90",0,0,0,0,"-4,67",0,0,0,"31,23",Janeiro,2026
06/01/2026,25407650401,Pedido,702-3537186-0965068,H2-QF9W-3BSI,Planner 2026 - Cada flor no seu tempo: planeje o ano com calma e propósito.,1.0,amazon.com.br,Visa Crédito,Amazon,São Paulo,SP,2418.0,"78,90",0,0,0,0,"-10,26",0,0,0,"68,64",Janeiro,2026
06/01/2026,25407411961,Pedido,701-8523736-4932235,N3-Y3CG-4CQP,Planner 2026 - Floresça que inspira leveza e organização!,1.0,amazon.com.br,Crédito Mastercard e outros,Amazon,São Luís,MA,65066.0,"78,90",0,0,0,0,"-10,26",0,0,0,"68,64",Janeiro,2026
06/01/2026,25407411961,Pedido,702-4022459-3163452,Q5-ZAFB-NUEF,"Planner 2026 - Respire, floresça, torne-se - um planner para sua melhor versão!",1.0,amazon.com.br,Crédito Mastercard e outros,Amazon,Ponte Nova,MG,35430.0,"78,90",0,0,0,0,"-10,26",0,0,0,"68,64",Janeiro,2026
06/01/2026,25406929241,Pedido,701-7079612-0781823,4K-3HFM-I3A1,Planner 2026 - Transforme seus dias com o planner que une beleza e funcionalidade Rosa,1.0,amazon.com.br,Boleto,Amazon,Natal,RN,59022.0,"78,90",0,0,0,0,"-10,26",0,0,0,"68,64",Janeiro,2026
06/01/2026,25407411961,Pedido,702-3986275-6900253,14-02SK-RART,Caderno De Anotações - 200 Pag - Flores Naturais,1.0,amazon.com.br,Crédito Mastercard e outros,Amazon,santos,sao paulo,11025.0,"68,90",0,0,0,0,"-8,96",0,0,0,"59,94",Janeiro,2026
07/01/2026,25406929241,Pedido,702-9689898-0964265,Q5-ZAFB-NUEF,"Planner 2026 - Respire, floresça, torne-se - um planner para sua melhor versão!",1.0,amazon.com.br,Boleto,Amazon,Pedro Leopoldo,MG,33250.0,"78,90","8,90",0,"-8,90",0,"-10,26",0,0,0,"68,64",Janeiro,2026
07/01/2026,25407650401,Pedido,701-9028829-6225869,JC-LA79-2HC8,"Caderno Espiral Capa Dura, A5 210x150mm, 80 Folhas, Van gogh, Frases estoicas (Capa 2)",1.0,amazon.com.br,Visa Crédito,Amazon,João Pessoa,PB,58046.0,"35,90",0,0,0,0,"-4,67",0,0,0,"31,23",Janeiro,2026
07/01/2026,25406929241,Pedido,701-4151032-0241045,JO-NX0D-7SWU,"Planner 2026 - Delicado por fora, poderoso por dentro - organize-se com encanto!",1.0,amazon.com.br,Boleto,Amazon,Novo Repartimento,PA,68473.0,"65,90","8,90",0,"-8,90",0,"-8,57",0,0,0,"57,33",Janeiro,2026
07/01/2026,25406929241,Pedido,701-6615938-2337865,4K-3HFM-I3A1,Planner 2026 - Transforme seus dias com o planner que une beleza e funcionalidade Rosa,1.0,amazon.com.br,Boleto,Amazon,São Paulo,SP,2250.0,"54,90","10,90",0,0,0,"-7,14","-10,90",0,0,"47,76",Janeiro,2026
07/01/2026,25406929241,Pedido,702-2772694-1559430,J7-1RCD-8P3P,Scrapbook Kraft 20x20: Crie Seu Álbum Artesanal Único,1.0,amazon.com.br,Boleto,Amazon,Natal,RN,59080.0,"68,90",0,0,0,0,"-8,27",0,0,0,"60,63",Janeiro,2026
07/01/2026,25406929241,Pedido,701-8280500-7092214,MQ-STXD-11EM,"Planner Premium 2026 - Planejamento Anual com Roda da Vida A5, Gestão Financeira, Organização Pessoal, Metas e Saúde, Capa Dura Laminada, Agenda S",1.0,amazon.com.br,Boleto,Vendedor,Guarulhos,São Paulo,7171.0,"68,90",0,0,0,0,"-8,96",0,0,0,"59,94",Janeiro,2026
07/01/2026,25407650401,Pedido,702-1198806-9558630,JC-LA79-2HC8,"Caderno Espiral Capa Dura, A5 210x150mm, 80 Folhas, Van gogh, Frases estoicas (Capa 2)",2.0,amazon.com.br,Visa Crédito,Amazon,Vitória,ES,29052.0,"71,80",0,0,0,0,"-9,34",0,0,0,"62,46",Janeiro,2026
07/01/2026,25407650401,Pedido,701-1487944-9205060,Q5-ZAFB-NUEF,"Planner 2026 - Respire, floresça, torne-se - um planner para sua melhor versão!",1.0,amazon.com.br,Visa Crédito,Amazon,Juazeiro do Norte,CE,63047.0,"78,90",0,0,0,0,"-10,26",0,0,0,"68,64",Janeiro,2026
07/01/2026,25407650401,Pedido,702-1030045-7305860,J7-1RCD-8P3P,Scrapbook Kraft 20x20: Crie Seu Álbum Artesanal Único,2.0,amazon.com.br,Visa Crédito,Amazon,Porto Alegre,RS,90430.0,"137,80",0,0,0,0,"-16,54",0,0,0,"121,26",Janeiro,2026
07/01/2026,25406929241,Pedido,701-5501830-5682653,V7-N8TP-MCL5,Album fotografico scrapbook - Coleção Corações (Vermelho),1.0,amazon.com.br,Boleto,Vendedor,Belo Horizonte,MG,30150.0,"78,90",0,0,0,0,"-10,26",0,0,0,"68,64",Janeiro,2026
07/01/2026,25406929241,Reembolso,701-5501830-5682653,V7-N8TP-MCL5,Album fotografico scrapbook - Coleção Corações (Vermelho),1.0,amazon.com.br,Boleto,Vendedor,Belo Horizonte,MG,30150.0,"-78,90",0,0,0,0,"8,21",0,0,0,"-70,69",Janeiro,2026
07/01/2026,25407411961,Pedido,702-4458816-6265007,MQ-STXD-11EM,"Planner Premium 2026 - Planejamento Anual com Roda da Vida A5, Gestão Financeira, Organização Pessoal, Metas e Saúde, Capa Dura Laminada, Agenda S",1.0,amazon.com.br,Crédito Mastercard e outros,Vendedor,Mauá,SP,9310.0,"68,90",0,0,0,0,"-8,96",0,0,0,"59,94",Janeiro,2026
07/01/2026,25407650401,Pedido,702-7896905-0099430,Q5-ZAFB-NUEF,"Planner 2026 - Respire, floresça, torne-se - um planner para sua melhor versão!",1.0,amazon.com.br,Visa Crédito,Amazon,São Paulo,SP,3978.0,"78,90",0,0,0,0,"-10,26",0,0,0,"68,64",Janeiro,2026
07/01/2026,25407411961,Reembolso,702-3822873-8934607,RA-KICF-0Q47,"Caderno Preto 20x20cm - Scrapbook Álbum De Fotos Preto 20 Folhas / 40 Páginas - Gramatura 200, Folhas Grossas",1.0,amazon.com.br,Crédito Mastercard e outros,Vendedor,Presidente Prudente,SP,19050.0,"-58,90",0,0,0,0,"5,66",0,0,0,"-53,24",Janeiro,2026
07/01/2026,25407411961,Pedido,702-3822873-8934607,RA-KICF-0Q47,"Caderno Preto 20x20cm - Scrapbook Álbum De Fotos Preto 20 Folhas / 40 Páginas - Gramatura 200, Folhas Grossas",1.0,amazon.com.br,Crédito Mastercard e outros,Vendedor,Presidente Prudente,SP,19050.0,"58,90",0,0,0,0,"-7,07",0,0,0,"51,83",Janeiro,2026
07/01/2026,25406929241,Pedido,702-5806339-1364238,H2-QF9W-3BSI,Planner 2026 - Cada flor no seu tempo: planeje o ano com calma e propósito.,1.0,amazon.com.br,Boleto,Amazon,São Cristóvão,SE,49107.0,"78,90",0,0,0,0,"-10,26",0,0,0,"68,64",Janeiro,2026
07/01/2026,25407650401,Pedido,701-5422559-6221027,HJ-GKXE-8FVO,Agenda 2026 Cristã 1 Dia por Folha com Versículos Bíblicos 2026,1.0,amazon.com.br,Visa Crédito,Amazon,Brasília,DF,71070.0,"78,90",0,0,0,0,"-10,26",0,0,0,"68,64",Janeiro,2026
07/01/2026,25406929241,Pedido,701-4160650-8873803,RA-KICF-0Q47,"Caderno Preto 20x20cm - Scrapbook Álbum De Fotos Preto 20 Folhas / 40 Páginas - Gramatura 200, Folhas Grossas",1.0,amazon.com.br,Boleto,Vendedor,Belo Horizonte,MG,31030.0,"58,90",0,0,0,0,"-7,07",0,0,0,"51,83",Janeiro,2026
07/01/2026,25406929241,Pedido,701-2970983-8947401,IS-UA22-XKCF,Planner 2026 - Cada flor no seu tempo: planeje o ano com calma e propósito.,1.0,amazon.com.br,Boleto,Vendedor,Araucária,PR,83704.0,"78,90",0,0,0,0,"-10,26",0,0,0,"68,64",Janeiro,2026
07/01/2026,25407650401,Pedido,701-9160020-2469002,AA-2SEI-HBU9,"Planner 2026 - Delicado por fora, poderoso por dentro - organize-se com encanto!",1.0,amazon.com.br,Visa Crédito,Vendedor,Uberlândia,MG,38411.0,"78,90",0,0,0,0,"-10,26",0,0,0,"68,64",Janeiro,2026
07/01/2026,25406929241,Pedido,702-4666280-6266610,Q5-ZAFB-NUEF,"Planner 2026 - Respire, floresça, torne-se - um planner para sua melhor versão!",1.0,amazon.com.br,Boleto,Amazon,Salvador,BA,41810.0,"78,90",0,0,0,0,"-10,26",0,0,0,"68,64",Janeiro,2026
07/01/2026,25406929241,Pedido,702-9833285-2476253,J7-1RCD-8P3P,Scrapbook Kraft 20x20: Crie Seu Álbum Artesanal Único,1.0,amazon.com.br,Boleto,Amazon,Recife,Pernambuco,51150.0,"68,90","8,90",0,"-8,90",0,"-8,27",0,0,0,"60,63",Janeiro,2026
07/01/2026,25406929241,Pedido,701-9079904-6504206,WC-0G0K-5CCC,"Planner Financeiro Mensal Datado 2026, Roda Da Vida A5 -Planejamento anual, Organização pessoal Metas e objetivos, Gestão financeira Monitoramento",1.0,amazon.com.br,Boleto,Vendedor,São Paulo,SP,3170.0,"75,90",0,0,0,0,"-9,87",0,0,0,"66,03",Janeiro,2026
07/01/2026,25380583021,Pedido,702-2423233-2961863,V7-N8TP-MCL5,Album fotografico scrapbook - Coleção Corações (Vermelho),1.0,amazon.com.br,Amex,Vendedor,Belo Horizonte,MG,30150.0,"78,90",0,0,0,0,"-10,26",0,0,0,"68,64",Janeiro,2026
07/01/2026,25407411961,Pedido,702-7002598-0158635,OI-WF8T-IXUA,Planner 2026 - Transforme seus dias com o planner que une beleza e funcionalidade Azul,1.0,amazon.com.br,Crédito Mastercard e outros,Amazon,Rio de Janeiro,RJ,20940.0,"58,90",0,0,0,0,"-7,66",0,0,0,"51,24",Janeiro,2026
07/01/2026,25407650401,Pedido,702-6492492-4623411,7I-1FLT-DOZ6,Planner 2026 - Transforme seus dias com o planner que une beleza e funcionalidade,1.0,amazon.com.br,Visa Crédito,Amazon,Porto Alegre,RS,90050.0,"78,90","8,90",0,"-8,90",0,"-10,26",0,0,0,"68,64",Janeiro,2026
07/01/2026,25407411961,Pedido,701-2197189-6553066,AA-2SEI-HBU9,"Planner 2026 - Delicado por fora, poderoso por dentro - organize-se com encanto!",1.0,amazon.com.br,Crédito Mastercard e outros,Vendedor,São João da Boa Vista,SP,13876.0,"78,90",0,0,0,0,"-10,26",0,0,0,"68,64",Janeiro,2026
07/01/2026,25407650401,Pedido,702-3758461-2377066,AA-2SEI-HBU9,"Planner 2026 - Delicado por fora, poderoso por dentro - organize-se com encanto!",1.0,amazon.com.br,Visa Crédito,Vendedor,Belo Horizonte,MG,30140.0,"78,90",0,0,0,0,"-10,26",0,0,0,"68,64",Janeiro,2026
07/01/2026,25407411961,Pedido,701-5357351-1263401,VW-M9WL-7RY7,Caderno Scrapbook - Kraft - 20 Folhas - 20x20cm - Bege - Sem Pauta - Folhas Grossas - Album de Fotos - Album de fotos artesanal - Scrapbook colagem de,1.0,amazon.com.br,Crédito Mastercard e outros,Vendedor,São Paulo,SP,2218.0,"58,90",0,0,0,0,"-7,07",0,0,0,"51,83",Janeiro,2026
07/01/2026,25407650401,Pedido,701-4246104-8210636,MQ-STXD-11EM,"Planner Premium 2026 - Planejamento Anual com Roda da Vida A5, Gestão Financeira, Organização Pessoal, Metas e Saúde, Capa Dura Laminada, Agenda S",1.0,amazon.com.br,Visa Crédito,Vendedor,Guarulhos,SP,7240.0,"68,90",0,0,0,0,"-8,96",0,0,0,"59,94",Janeiro,2026
07/01/2026,25407650401,Pedido,701-4362112-3343432,RA-KICF-0Q47,"Caderno Preto 20x20cm - Scrapbook Álbum De Fotos Preto 20 Folhas / 40 Páginas - Gramatura 200, Folhas Grossas",1.0,amazon.com.br,Visa Crédito,Vendedor,São Paulo,São Paulo,2878.0,"58,90",0,0,0,0,"-7,07",0,0,0,"51,83",Janeiro,2026
07/01/2026,25407411961,Reembolso,701-2310706-9608206,LF-OUR3-ZUIX,"Planner Financeiro Mensal Datado 2026, Roda Da Vida A5 -Planejamento anual, Organização pessoal Metas e objetivos, Gestão financeira Monitoramento",1.0,amazon.com.br,Crédito Mastercard e outros,Vendedor,Brasília,DF,70346.0,"-78,90",0,0,0,0,"8,21",0,0,0,"-70,69",Janeiro,2026
07/01/2026,25407650401,Pedido,702-3265435-3457861,RA-KICF-0Q47,"Caderno Preto 20x20cm - Scrapbook Álbum De Fotos Preto 20 Folhas / 40 Páginas - Gramatura 200, Folhas Grossas",1.0,amazon.com.br,Visa Crédito,Vendedor,Jacareí,SP,12322.0,"58,90",0,0,0,0,"-7,07",0,0,0,"51,83",Janeiro,2026
07/01/2026,25406929241,Pedido,702-7582061-6936234,ON-V5Q7-KFQN,"Planner 2026 - Um planner para viver com mais cor, equilíbrio e inspiração.",1.0,amazon.com.br,Boleto,Amazon,Manaus,AM,69058.0,"78,90",0,0,0,0,"-10,26",0,0,0,"68,64",Janeiro,2026
07/01/2026,25407411961,Pedido,701-2193127-9454627,14-02SK-RART,Caderno De Anotações - 200 Pag - Flores Naturais,1.0,amazon.com.br,Crédito Mastercard e outros,Amazon,Porto Alegre,RS,90130.0,"68,90",0,0,0,0,"-8,96",0,0,0,"59,94",Janeiro,2026
07/01/2026,25406929241,Pedido,701-2461246-1632228,MQ-STXD-11EM,"Planner Premium 2026 - Planejamento Anual com Roda da Vida A5, Gestão Financeira, Organização Pessoal, Metas e Saúde, Capa Dura Laminada, Agenda S",1.0,amazon.com.br,Boleto,Vendedor,Catanduva,SP,15807.0,"68,90",0,0,0,0,"-8,96",0,0,0,"59,94",Janeiro,2026
07/01/2026,25407650401,Pedido,702-9512936-0739434,AA-2SEI-HBU9,"Planner 2026 - Delicado por fora, poderoso por dentro - organize-se com encanto!",1.0,amazon.com.br,Visa Crédito,Vendedor,Rio de Janeiro,RJ,20271.0,"78,90",0,0,0,0,"-10,26",0,0,0,"68,64",Janeiro,2026
07/01/2026,25407411961,Pedido,701-8053472-0623454,MQ-STXD-11EM,"Planner Premium 2026 - Planejamento Anual com Roda da Vida A5, Gestão Financeira, Organização Pessoal, Metas e Saúde, Capa Dura Laminada, Agenda S",1.0,amazon.com.br,Crédito Mastercard e outros,Vendedor,São Paulo,SP,4246.0,"68,90",0,0,0,0,"-8,96",0,0,0,"59,94",Janeiro,2026
07/01/2026,25407411961,Pedido,701-6636984-6625809,OB-4RHT-YARW,"Planner 2026 Napolitano - Planejamento Anual com Roda da Vida A5, Gestão Financeira, Organização Pessoal, Metas e Saúde, Capa Dura Laminada, Agend",1.0,amazon.com.br,Crédito Mastercard e outros,Amazon,Ajuricaba,RS,98750.0,"78,90","8,90",0,"-8,90",0,"-10,26",0,0,0,"68,64",Janeiro,2026
07/01/2026,25407650401,Pedido,702-8553997-2297850,MQ-STXD-11EM,"Planner Premium 2026 - Planejamento Anual com Roda da Vida A5, Gestão Financeira, Organização Pessoal, Metas e Saúde, Capa Dura Laminada, Agenda S",1.0,amazon.com.br,Visa Crédito,Vendedor,Rio de Janeiro,RJ,20071.0,"68,90",0,0,0,0,"-8,96",0,0,0,"59,94",Janeiro,2026
07/01/2026,25407411961,Pedido,701-2855545-5254618,CV-BL1K-YYFH,Planner 2026 - Seu novo começo começa aqui - o planner que floresce com você.,1.0,amazon.com.br,Crédito Mastercard e outros,Amazon,Barbacena,MG,36201.0,"78,90",0,0,0,0,"-10,26",0,0,0,"68,64",Janeiro,2026
07/01/2026,25407411961,Pedido,701-2857750-5457020,6O-N0LL-EHW0,Meu Planner Permanente Elegante - Organizador Planner Mensal Wire-O,1.0,amazon.com.br,Crédito Mastercard e outros,Amazon,Girau do Ponciano,AL,57360.0,"78,90","8,90",0,"-8,90",0,"-10,26",0,0,0,"68,64",Janeiro,2026
07/01/2026,25407650401,Pedido,702-5964684-9881018,H2-QF9W-3BSI,Planner 2026 - Cada flor no seu tempo: planeje o ano com calma e propósito.,1.0,amazon.com.br,Visa Crédito,Amazon,Belo Horizonte,MG,31320.0,"78,90","8,90",0,"-8,90",0,"-10,26",0,0,0,"68,64",Janeiro,2026
07/01/2026,25407411961,Pedido,702-7900773-4425015,HE-SAFO-BF3P,Agenda 2026 1 Dia Por Folha Com Horario Coleção Inspire,1.0,amazon.com.br,Crédito Mastercard e outros,Amazon,Florianópolis,SC,88090.0,"58,90",0,0,0,0,"-7,66",0,0,0,"51,24",Janeiro,2026
07/01/2026,25407411961,Pedido,702-3399095-0900262,WC-0G0K-5CCC,"Planner Financeiro Mensal Datado 2026, Roda Da Vida A5 -Planejamento anual, Organização pessoal Metas e objetivos, Gestão financeira Monitoramento",1.0,amazon.com.br,Crédito Mastercard e outros,Vendedor,São Paulo,SP,3211.0,"75,90",0,0,0,0,"-9,87",0,0,0,"66,03",Janeiro,2026
07/01/2026,25407650401,Pedido,701-0767384-1189044,YL-NANJ-F7TC,"Caderno Preto 20x20cm - Scrapbook Álbum De Fotos Preto 20 Folhas / 40 Páginas - Gramatura 200, Folhas Grossas",1.0,amazon.com.br,Visa Crédito,Amazon,Manaus,AM,69037.0,"68,90",0,0,0,0,"-8,27",0,0,0,"60,63",Janeiro,2026
07/01/2026,25407411961,Pedido,702-3116410-0963429,IS-UA22-XKCF,Planner 2026 - Cada flor no seu tempo: planeje o ano com calma e propósito.,1.0,amazon.com.br,Crédito Mastercard e outros,Vendedor,Rio de Janeiro,RJ,22290.0,"78,90",0,0,0,0,"-10,26",0,0,0,"68,64",Janeiro,2026
07/01/2026,25407411961,Pedido,702-2457766-0402635,DV-9MDQ-YD9E,Scrapbook Álbum De Fotos Preto 20 Folhas / 40 Páginas,1.0,amazon.com.br,Crédito Mastercard e outros,Amazon,Maracanaú,CE,61925.0,"78,90","1,53",0,"-1,53",0,"-9,47",0,0,0,"69,43",Janeiro,2026
07/01/2026,25407411961,Pedido,702-5559084-9184203,Q5-ZAFB-NUEF,"Planner 2026 - Respire, floresça, torne-se - um planner para sua melhor versão!",1.0,amazon.com.br,Crédito Mastercard e outros,Amazon,Porto Alegre,RS,90880.0,"78,90",0,0,0,0,"-10,26",0,0,0,"68,64",Janeiro,2026
07/01/2026,25407411961,Pedido,702-3996820-5523427,RA-KICF-0Q47,"Caderno Preto 20x20cm - Scrapbook Álbum De Fotos Preto 20 Folhas / 40 Páginas - Gramatura 200, Folhas Grossas",1.0,amazon.com.br,Crédito Mastercard e outros,Vendedor,Uberlândia,MG,38411.0,"58,90",0,0,0,0,"-7,07",0,0,0,"51,83",Janeiro,2026
07/01/2026,25407650401,Pedido,702-5908650-3205065,H2-QF9W-3BSI,Planner 2026 - Cada flor no seu tempo: planeje o ano com calma e propósito.,1.0,amazon.com.br,Visa Crédito,Amazon,Maceió,AL,57045.0,"78,90",0,0,0,0,"-10,26",0,0,0,"68,64",Janeiro,2026
07/01/2026,25406929241,Pedido,702-4094832-0000253,92-CTAN-4AJQ,Caderno Scrapbook - 20 Folhas - Livro De Assinatura Folhas Pretas 20x19 Álbum De Fotos Scrapbook Preto 40 Páginas - 20x19,1.0,amazon.com.br,Boleto,Amazon,Belém,PA,66613.0,"78,90",0,0,0,0,"-9,47",0,0,0,"69,43",Janeiro,2026
07/01/2026,25407411961,Pedido,702-0799701-0737047,VW-M9WL-7RY7,Caderno Scrapbook - Kraft - 20 Folhas - 20x20cm - Bege - Sem Pauta - Folhas Grossas - Album de Fotos - Album de fotos artesanal - Scrapbook colagem de,1.0,amazon.com.br,Crédito Mastercard e outros,Vendedor,Belo Horizonte,MG,30260.0,"58,90",0,0,0,0,"-7,07",0,0,0,"51,83",Janeiro,2026
07/01/2026,25407411961,Pedido,702-0799701-0737047,RA-KICF-0Q47,"Caderno Preto 20x20cm - Scrapbook Álbum De Fotos Preto 20 Folhas / 40 Páginas - Gramatura 200, Folhas Grossas",1.0,amazon.com.br,Crédito Mastercard e outros,Vendedor,Belo Horizonte,MG,30260.0,"58,90",0,0,0,0,"-7,07",0,0,0,"51,83",Janeiro,2026
07/01/2026,25407411961,Pedido,702-3452791-2728211,MQ-STXD-11EM,"Planner Premium 2026 - Planejamento Anual com Roda da Vida A5, Gestão Financeira, Organização Pessoal, Metas e Saúde, Capa Dura Laminada, Agenda S",1.0,amazon.com.br,Crédito Mastercard e outros,Vendedor,Niterói,RJ,24230.0,"68,90",0,0,0,0,"-8,96",0,0,0,"59,94",Janeiro,2026
07/01/2026,25407411961,Pedido,702-7104393-4854639,N3-Y3CG-4CQP,Planner 2026 - Floresça que inspira leveza e organização!,1.0,amazon.com.br,Crédito Mastercard e outros,Amazon,João Pessoa,PB,58028.0,"78,90",0,0,0,0,"-10,26",0,0,0,"68,64",Janeiro,2026
07/01/2026,25407650401,Pedido,701-8892712-0888248,RA-KICF-0Q47,"Caderno Preto 20x20cm - Scrapbook Álbum De Fotos Preto 20 Folhas / 40 Páginas - Gramatura 200, Folhas Grossas",1.0,amazon.com.br,Visa Crédito,Vendedor,São Paulo,São Paulo,5078.0,"58,90",0,0,0,0,"-7,07",0,0,0,"51,83",Janeiro,2026
07/01/2026,25407411961,Pedido,702-8470900-6581069,J7-1RCD-8P3P,Scrapbook Kraft 20x20: Crie Seu Álbum Artesanal Único,1.0,amazon.com.br,Crédito Mastercard e outros,Amazon,Brasília,DF,71655.0,"68,90",0,0,0,0,"-8,27",0,0,0,"60,63",Janeiro,2026
07/01/2026,25407411961,Pedido,701-2494048-3547443,XH-KNXQ-DP76,"Planner 2026 - Um planner para viver com mais cor, equilíbrio e inspiração.",1.0,amazon.com.br,Crédito Mastercard e outros,Vendedor,São Paulo,SP,5831.0,"78,90",0,0,0,0,"-10,26",0,0,0,"68,64",Janeiro,2026
07/01/2026,25407411961,Pedido,702-8968585-4584268,AA-2SEI-HBU9,"Planner 2026 - Delicado por fora, poderoso por dentro - organize-se com encanto!",1.0,amazon.com.br,Crédito Mastercard e outros,Vendedor,marilia,SP,17519.0,"78,90",0,0,0,0,"-10,26",0,0,0,"68,64",Janeiro,2026
07/01/2026,25406929241,Pedido,701-7818485-0089067,0Q-EK6Z-SV84,"Planner 2026 Floral - Planejamento Anual com Roda da Vida A5, Gestão Financeira, Organização Pessoal, Metas e Saúde, Capa Dura Laminada, Agenda Se",1.0,amazon.com.br,Boleto,Vendedor,Lorena,SP,12604.0,"78,90",0,0,0,0,"-10,26",0,0,0,"68,64",Janeiro,2026
07/01/2026,25407411961,Pedido,701-0935400-2042603,MY-P05M-MBEP,"Caderno Quadriculado 1x1cm, Capa dura, diversas capas, 80 folhas, 24x15cm",1.0,amazon.com.br,Crédito Mastercard e outros,Vendedor,São Paulo,SP,5537.0,"38,90",0,0,0,0,"-5,06",0,0,0,"33,84",Janeiro,2026
07/01/2026,25407411961,Pedido,702-3943140-0025851,0D-3OVY-QX9W,Planner 2026 - Life Capa Dura com Controle Financeiro e Roda da Vida (Capa 01),1.0,amazon.com.br,Crédito Mastercard e outros,Amazon,prata,paraiba,58550.0,"59,90",0,0,0,0,"-7,79",0,0,0,"52,11",Janeiro,2026
07/01/2026,25407411961,Pedido,701-5262229-6248218,H2-QF9W-3BSI,Planner 2026 - Cada flor no seu tempo: planeje o ano com calma e propósito.,1.0,amazon.com.br,Crédito Mastercard e outros,Amazon,Cruzeiro,SP,12721.0,"78,90",0,0,0,0,"-10,26",0,0,0,"68,64",Janeiro,2026
07/01/2026,25406929241,Pedido,701-4858737-3880210,MQ-STXD-11EM,"Planner Premium 2026 - Planejamento Anual com Roda da Vida A5, Gestão Financeira, Organização Pessoal, Metas e Saúde, Capa Dura Laminada, Agenda S",1.0,amazon.com.br,Boleto,Vendedor,Santana de Parnaíba,São Paulo,6535.0,"68,90",0,0,0,0,"-8,96",0,0,0,"59,94",Janeiro,2026
07/01/2026,25407650401,Pedido,701-7574445-0499429,YL-NANJ-F7TC,"Caderno Preto 20x20cm - Scrapbook Álbum De Fotos Preto 20 Folhas / 40 Páginas - Gramatura 200, Folhas Grossas",1.0,amazon.com.br,Visa Crédito,Amazon,Manaus,AM,69037.0,"68,90",0,0,0,0,"-8,27",0,0,0,"60,63",Janeiro,2026
07/01/2026,25406929241,Pedido,701-6690602-2329866,RA-KICF-0Q47,"Caderno Preto 20x20cm - Scrapbook Álbum De Fotos Preto 20 Folhas / 40 Páginas - Gramatura 200, Folhas Grossas",1.0,amazon.com.br,Boleto,Vendedor,Londrina,PR,86010.0,"58,90",0,0,0,0,"-7,07",0,0,0,"51,83",Janeiro,2026
07/01/2026,25407411961,Taxa de serviço,,,Custo de Publicidade,,,Crédito Mastercard e outros,,,,,0,0,0,0,0,0,0,"-2.518,46",0,"-2.518,46",Janeiro,2026
07/01/2026,25407411961,Serviços de Envio,702-9680672-8919448,,Tarifa de manuseio com base no peso Delivery by Amazon,,Amazon.com.br,Crédito Mastercard e outros,Vendedor,,,,0,0,0,0,0,0,0,"-6,75",0,"-6,75",Janeiro,2026
07/01/2026,25407411961,Serviços de Envio,702-9680672-8919448,,Estorno do frete pago pelo comprador,,Amazon.com.br,Crédito Mastercard e outros,Vendedor,,,,0,0,0,0,0,0,0,0,0,0,Janeiro,2026
07/01/2026,25407411961,Serviços de Envio,702-5681344-0599466,,Tarifa de manuseio com base no peso Delivery by Amazon,,Amazon.com.br,Crédito Mastercard e outros,Vendedor,,,,0,0,0,0,0,0,0,"-6,75",0,"-6,75",Janeiro,2026
07/01/2026,25407411961,Serviços de Envio,702-5681344-0599466,,Estorno do frete pago pelo comprador,,Amazon.com.br,Crédito Mastercard e outros,Vendedor,,,,0,0,0,0,0,0,0,0,0,0,Janeiro,2026
07/01/2026,25407411961,Serviços de Envio,701-9648523-5322657,,Tarifa de manuseio com base no peso Delivery by Amazon,,Amazon.com.br,Crédito Mastercard e outros,Vendedor,,,,0,0,0,0,0,0,0,"-6,75",0,"-6,75",Janeiro,2026
07/01/2026,25407411961,Serviços de Envio,701-9648523-5322657,,Estorno do frete pago pelo comprador,,Amazon.com.br,Crédito Mastercard e outros,Vendedor,,,,0,0,0,0,0,0,0,0,0,0,Janeiro,2026
07/01/2026,25407411961,Serviços de Envio,701-0451864-8065847,,Tarifa de manuseio com base no peso Delivery by Amazon,,Amazon.com.br,Crédito Mastercard e outros,Vendedor,,,,0,0,0,0,0,0,0,"-6,75",0,"-6,75",Janeiro,2026
07/01/2026,25407411961,Serviços de Envio,701-0451864-8065847,,Estorno do frete pago pelo comprador,,Amazon.com.br,Crédito Mastercard e outros,Vendedor,,,,0,0,0,0,0,0,0,0,0,0,Janeiro,2026
07/01/2026,25407411961,Serviços de Envio,702-3108157-7485032,,Tarifa de manuseio com base no peso Delivery by Amazon,,Amazon.com.br,Crédito Mastercard e outros,Vendedor,,,,0,0,0,0,0,0,0,"-6,75",0,"-6,75",Janeiro,2026
07/01/2026,25407411961,Serviços de Envio,702-3108157-7485032,,Estorno do frete pago pelo comprador,,Amazon.com.br,Crédito Mastercard e outros,Vendedor,,,,0,0,0,0,0,0,0,0,0,0,Janeiro,2026
07/01/2026,25407411961,Serviços de Envio,702-7701982-1525046,,Tarifa de manuseio com base no peso Delivery by Amazon,,Amazon.com.br,Crédito Mastercard e outros,Vendedor,,,,0,0,0,0,0,0,0,"-6,75",0,"-6,75",Janeiro,2026
07/01/2026,25407411961,Serviços de Envio,702-7701982-1525046,,Estorno do frete pago pelo comprador,,Amazon.com.br,Crédito Mastercard e outros,Vendedor,,,,0,0,0,0,0,0,0,0,0,0,Janeiro,2026
07/01/2026,25407411961,Serviços de Envio,701-9969889-5319415,,Tarifa de manuseio com base no peso Delivery by Amazon,,Amazon.com.br,Crédito Mastercard e outros,Vendedor,,,,0,0,0,0,0,0,0,"-6,75",0,"-6,75",Janeiro,2026
07/01/2026,25407411961,Serviços de Envio,701-9969889-5319415,,Estorno do frete pago pelo comprador,,Amazon.com.br,Crédito Mastercard e outros,Vendedor,,,,0,0,0,0,0,0,0,0,0,0,Janeiro,2026
07/01/2026,25407411961,Serviços de Envio,701-6865666-9022624,,Tarifa de manuseio com base no peso Delivery by Amazon,,Amazon.com.br,Crédito Mastercard e outros,Vendedor,,,,0,0,0,0,0,0,0,"-6,75",0,"-6,75",Janeiro,2026
07/01/2026,25407411961,Serviços de Envio,701-6865666-9022624,,Estorno do frete pago pelo comprador,,Amazon.com.br,Crédito Mastercard e outros,Vendedor,,,,0,0,0,0,0,0,0,0,0,0,Janeiro,2026
07/01/2026,25407411961,Serviços de Envio,701-6336753-1573066,,Tarifa de manuseio com base no peso Delivery by Amazon,,Amazon.com.br,Crédito Mastercard e outros,Vendedor,,,,0,0,0,0,0,0,0,"-6,75",0,"-6,75",Janeiro,2026
07/01/2026,25407411961,Serviços de Envio,701-6336753-1573066,,Estorno do frete pago pelo comprador,,Amazon.com.br,Crédito Mastercard e outros,Vendedor,,,,0,0,0,0,0,0,0,"-22,51",0,"-22,51",Janeiro,2026
07/01/2026,25407411961,Serviços de Envio,702-8096029-3635410,,Tarifa de manuseio com base no peso Delivery by Amazon,,Amazon.com.br,Crédito Mastercard e outros,Vendedor,,,,0,0,0,0,0,0,0,"-13,50",0,"-13,50",Janeiro,2026
07/01/2026,25407411961,Serviços de Envio,702-8096029-3635410,,Estorno do frete pago pelo comprador,,Amazon.com.br,Crédito Mastercard e outros,Vendedor,,,,0,0,0,0,0,0,0,0,0,0,Janeiro,2026
07/01/2026,25407411961,Serviços de Envio,702-5346246-7193068,,Tarifa de manuseio com base no peso Delivery by Amazon,,Amazon.com.br,Crédito Mastercard e outros,Vendedor,,,,0,0,0,0,0,0,0,"-6,75",0,"-6,75",Janeiro,2026
07/01/2026,25407411961,Serviços de Envio,702-5346246-7193068,,Estorno do frete pago pelo comprador,,Amazon.com.br,Crédito Mastercard e outros,Vendedor,,,,0,0,0,0,0,0,0,0,0,0,Janeiro,2026
07/01/2026,25407411961,Serviços de Envio,702-5464679-6677858,,Tarifa de manuseio com base no peso Delivery by Amazon,,Amazon.com.br,Crédito Mastercard e outros,Vendedor,,,,0,0,0,0,0,0,0,"-6,75",0,"-6,75",Janeiro,2026
07/01/2026,25407411961,Serviços de Envio,702-5464679-6677858,,Estorno do frete pago pelo comprador,,Amazon.com.br,Crédito Mastercard e outros,Vendedor,,,,0,0,0,0,0,0,0,0,0,0,Janeiro,2026
07/01/2026,25407411961,Serviços de Envio,701-3940799-4845044,,Tarifa de manuseio com base no peso Delivery by Amazon,,Amazon.com.br,Crédito Mastercard e outros,Vendedor,,,,0,0,0,0,0,0,0,"-6,75",0,"-6,75",Janeiro,2026
07/01/2026,25407411961,Serviços de Envio,701-3940799-4845044,,Estorno do frete pago pelo comprador,,Amazon.com.br,Crédito Mastercard e outros,Vendedor,,,,0,0,0,0,0,0,0,0,0,0,Janeiro,2026
07/01/2026,25407411961,Serviços de Envio,702-7834129-1490651,,Tarifa de manuseio com base no peso Delivery by Amazon,,Amazon.com.br,Crédito Mastercard e outros,Vendedor,,,,0,0,0,0,0,0,0,"-6,75",0,"-6,75",Janeiro,2026
07/01/2026,25407411961,Serviços de Envio,702-7834129-1490651,,Estorno do frete pago pelo comprador,,Amazon.com.br,Crédito Mastercard e outros,Vendedor,,,,0,0,0,0,0,0,0,0,0,0,Janeiro,2026
07/01/2026,25407411961,Serviços de Envio,702-2212827-6762667,,Tarifa de manuseio com base no peso Delivery by Amazon,,Amazon.com.br,Crédito Mastercard e outros,Vendedor,,,,0,0,0,0,0,0,0,"-6,75",0,"-6,75",Janeiro,2026
07/01/2026,25407411961,Serviços de Envio,702-2212827-6762667,,Estorno do frete pago pelo comprador,,Amazon.com.br,Crédito Mastercard e outros,Vendedor,,,,0,0,0,0,0,0,0,0,0,0,Janeiro,2026
07/01/2026,25407411961,Serviços de Envio,702-6171066-3213845,,Tarifa de manuseio com base no peso Delivery by Amazon,,Amazon.com.br,Crédito Mastercard e outros,Vendedor,,,,0,0,0,0,0,0,0,"-6,75",0,"-6,75",Janeiro,2026
07/01/2026,25407411961,Serviços de Envio,702-6171066-3213845,,Estorno do frete pago pelo comprador,,Amazon.com.br,Crédito Mastercard e outros,Vendedor,,,,0,0,0,0,0,0,0,0,0,0,Janeiro,2026
07/01/2026,25407411961,Serviços de Envio,702-8843591-8142647,,Tarifa de manuseio com base no peso Delivery by Amazon,,Amazon.com.br,Crédito Mastercard e outros,Vendedor,,,,0,0,0,0,0,0,0,"-6,75",0,"-6,75",Janeiro,2026
07/01/2026,25407411961,Serviços de Envio,702-8843591-8142647,,Estorno do frete pago pelo comprador,,Amazon.com.br,Crédito Mastercard e outros,Vendedor,,,,0,0,0,0,0,0,0,0,0,0,Janeiro,2026
07/01/2026,25407411961,Serviços de Envio,701-7443670-5469856,,Tarifa de manuseio com base no peso Delivery by Amazon,,Amazon.com.br,Crédito Mastercard e outros,Vendedor,,,,0,0,0,0,0,0,0,"-6,75",0,"-6,75",Janeiro,2026
07/01/2026,25407411961,Serviços de Envio,701-7443670-5469856,,Estorno do frete pago pelo comprador,,Amazon.com.br,Crédito Mastercard e outros,Vendedor,,,,0,0,0,0,0,0,0,0,0,0,Janeiro,2026
07/01/2026,25407411961,Serviços de Envio,701-6481364-9284214,,Tarifa de manuseio com base no peso Delivery by Amazon,,Amazon.com.br,Crédito Mastercard e outros,Vendedor,,,,0,0,0,0,0,0,0,"-6,75",0,"-6,75",Janeiro,2026
07/01/2026,25407411961,Serviços de Envio,701-6481364-9284214,,Estorno do frete pago pelo comprador,,Amazon.com.br,Crédito Mastercard e outros,Vendedor,,,,0,0,0,0,0,0,0,0,0,0,Janeiro,2026
07/01/2026,25407411961,Serviços de Envio,702-6309108-4475465,,Tarifa de manuseio com base no peso Delivery by Amazon,,Amazon.com.br,Crédito Mastercard e outros,Vendedor,,,,0,0,0,0,0,0,0,"-6,75",0,"-6,75",Janeiro,2026
07/01/2026,25407411961,Serviços de Envio,702-6309108-4475465,,Estorno do frete pago pelo comprador,,Amazon.com.br,Crédito Mastercard e outros,Vendedor,,,,0,0,0,0,0,0,0,0,0,0,Janeiro,2026
07/01/2026,25407411961,Serviços de Envio,702-3187294-0198633,,Tarifa de manuseio com base no peso Delivery by Amazon,,Amazon.com.br,Crédito Mastercard e outros,Vendedor,,,,0,0,0,0,0,0,0,"-6,75",0,"-6,75",Janeiro,2026
07/01/2026,25407411961,Serviços de Envio,702-3187294-0198633,,Estorno do frete pago pelo comprador,,Amazon.com.br,Crédito Mastercard e outros,Vendedor,,,,0,0,0,0,0,0,0,"-22,02",0,"-22,02",Janeiro,2026
07/01/2026,25407411961,Serviços de Envio,701-5731645-5594641,,Tarifa de manuseio com base no peso Delivery by Amazon,,Amazon.com.br,Crédito Mastercard e outros,Vendedor,,,,0,0,0,0,0,0,0,"-6,75",0,"-6,75",Janeiro,2026
07/01/2026,25407411961,Serviços de Envio,701-5731645-5594641,,Estorno do frete pago pelo comprador,,Amazon.com.br,Crédito Mastercard e outros,Vendedor,,,,0,0,0,0,0,0,0,0,0,0,Janeiro,2026
07/01/2026,25407411961,Serviços de Envio,702-4174915-1109059,,Tarifa de manuseio com base no peso Delivery by Amazon,,Amazon.com.br,Crédito Mastercard e outros,Vendedor,,,,0,0,0,0,0,0,0,"-6,75",0,"-6,75",Janeiro,2026
07/01/2026,25407411961,Serviços de Envio,702-4174915-1109059,,Estorno do frete pago pelo comprador,,Amazon.com.br,Crédito Mastercard e outros,Vendedor,,,,0,0,0,0,0,0,0,0,0,0,Janeiro,2026
07/01/2026,25407411961,Serviços de Envio,702-8862047-3519448,,Tarifa de manuseio com base no peso Delivery by Amazon,,Amazon.com.br,Crédito Mastercard e outros,Vendedor,,,,0,0,0,0,0,0,0,"-6,75",0,"-6,75",Janeiro,2026
07/01/2026,25407411961,Serviços de Envio,702-8862047-3519448,,Estorno do frete pago pelo comprador,,Amazon.com.br,Crédito Mastercard e outros,Vendedor,,,,0,0,0,0,0,0,0,0,0,0,Janeiro,2026
07/01/2026,25407411961,Serviços de Envio,702-0009290-5685038,,Tarifa de manuseio com base no peso Delivery by Amazon,,Amazon.com.br,Crédito Mastercard e outros,Vendedor,,,,0,0,0,0,0,0,0,"-6,75",0,"-6,75",Janeiro,2026
07/01/2026,25407411961,Serviços de Envio,702-0009290-5685038,,Estorno do frete pago pelo comprador,,Amazon.com.br,Crédito Mastercard e outros,Vendedor,,,,0,0,0,0,0,0,0,0,0,0,Janeiro,2026
07/01/2026,25407411961,Serviços de Envio,702-8525300-9946659,,Tarifa de manuseio com base no peso Delivery by Amazon,,Amazon.com.br,Crédito Mastercard e outros,Vendedor,,,,0,0,0,0,0,0,0,"-6,75",0,"-6,75",Janeiro,2026
07/01/2026,25407411961,Serviços de Envio,702-8525300-9946659,,Estorno do frete pago pelo comprador,,Amazon.com.br,Crédito Mastercard e outros,Vendedor,,,,0,0,0,0,0,0,0,0,0,0,Janeiro,2026
07/01/2026,25407411961,Serviços de Envio,701-3183692-0804225,,Tarifa de manuseio com base no peso Delivery by Amazon,,Amazon.com.br,Crédito Mastercard e outros,Vendedor,,,,0,0,0,0,0,0,0,"-6,75",0,"-6,75",Janeiro,2026
07/01/2026,25407411961,Serviços de Envio,701-3183692-0804225,,Estorno do frete pago pelo comprador,,Amazon.com.br,Crédito Mastercard e outros,Vendedor,,,,0,0,0,0,0,0,0,0,0,0,Janeiro,2026
07/01/2026,25407411961,Serviços de Envio,701-7882464-7761854,,Tarifa de manuseio com base no peso Delivery by Amazon,,Amazon.com.br,Crédito Mastercard e outros,Vendedor,,,,0,0,0,0,0,0,0,"-6,75",0,"-6,75",Janeiro,2026
07/01/2026,25407411961,Serviços de Envio,701-7882464-7761854,,Estorno do frete pago pelo comprador,,Amazon.com.br,Crédito Mastercard e outros,Vendedor,,,,0,0,0,0,0,0,0,0,0,0,Janeiro,2026
07/01/2026,25407411961,Serviços de Envio,702-0027725-3533075,,Tarifa de manuseio com base no peso Delivery by Amazon,,Amazon.com.br,Crédito Mastercard e outros,Vendedor,,,,0,0,0,0,0,0,0,"-6,75",0,"-6,75",Janeiro,2026
07/01/2026,25407411961,Serviços de Envio,702-0027725-3533075,,Estorno do frete pago pelo comprador,,Amazon.com.br,Crédito Mastercard e outros,Vendedor,,,,0,0,0,0,0,0,0,0,0,0,Janeiro,2026
07/01/2026,25407411961,Serviços de Envio,701-1500677-9539461,,Tarifa de manuseio com base no peso Delivery by Amazon,,Amazon.com.br,Crédito Mastercard e outros,Vendedor,,,,0,0,0,0,0,0,0,"-6,75",0,"-6,75",Janeiro,2026
07/01/2026,25407411961,Serviços de Envio,701-1500677-9539461,,Estorno do frete pago pelo comprador,,Amazon.com.br,Crédito Mastercard e outros,Vendedor,,,,0,0,0,0,0,0,0,0,0,0,Janeiro,2026
07/01/2026,25407411961,Serviços de Envio,702-4235797-8107462,,Tarifa de manuseio com base no peso Delivery by Amazon,,Amazon.com.br,Crédito Mastercard e outros,Vendedor,,,,0,0,0,0,0,0,0,"-6,75",0,"-6,75",Janeiro,2026
07/01/2026,25407411961,Serviços de Envio,702-4235797-8107462,,Estorno do frete pago pelo comprador,,Amazon.com.br,Crédito Mastercard e outros,Vendedor,,,,0,0,0,0,0,0,0,0,0,0,Janeiro,2026
07/01/2026,25407411961,Serviços de Envio,702-7366238-1607425,,Tarifa de manuseio com base no peso Delivery by Amazon,,Amazon.com.br,Crédito Mastercard e outros,Vendedor,,,,0,0,0,0,0,0,0,"-6,75",0,"-6,75",Janeiro,2026
07/01/2026,25407411961,Serviços de Envio,702-7366238-1607425,,Estorno do frete pago pelo comprador,,Amazon.com.br,Crédito Mastercard e outros,Vendedor,,,,0,0,0,0,0,0,0,0,0,0,Janeiro,2026
07/01/2026,25407411961,Serviços de Envio,701-0407291-9043446,,Tarifa de manuseio com base no peso Delivery by Amazon,,Amazon.com.br,Crédito Mastercard e outros,Vendedor,,,,0,0,0,0,0,0,0,"-6,75",0,"-6,75",Janeiro,2026
07/01/2026,25407411961,Serviços de Envio,701-0407291-9043446,,Estorno do frete pago pelo comprador,,Amazon.com.br,Crédito Mastercard e outros,Vendedor,,,,0,0,0,0,0,0,0,0,0,0,Janeiro,2026
07/01/2026,25407411961,Serviços de Envio,701-3084873-1341803,,Tarifa de manuseio com base no peso Delivery by Amazon,,Amazon.com.br,Crédito Mastercard e outros,Vendedor,,,,0,0,0,0,0,0,0,"-6,75",0,"-6,75",Janeiro,2026
07/01/2026,25407411961,Serviços de Envio,701-3084873-1341803,,Estorno do frete pago pelo comprador,,Amazon.com.br,Crédito Mastercard e outros,Vendedor,,,,0,0,0,0,0,0,0,0,0,0,Janeiro,2026
07/01/2026,25407411961,Serviços de Envio,702-6861157-1709066,,Tarifa de manuseio com base no peso Delivery by Amazon,,Amazon.com.br,Crédito Mastercard e outros,Vendedor,,,,0,0,0,0,0,0,0,"-6,75",0,"-6,75",Janeiro,2026
07/01/2026,25407411961,Serviços de Envio,702-6861157-1709066,,Estorno do frete pago pelo comprador,,Amazon.com.br,Crédito Mastercard e outros,Vendedor,,,,0,0,0,0,0,0,0,0,0,0,Janeiro,2026
07/01/2026,25407411961,Serviços de Envio,701-5283157-9065014,,Tarifa de manuseio com base no peso Delivery by Amazon,,Amazon.com.br,Crédito Mastercard e outros,Vendedor,,,,0,0,0,0,0,0,0,"-6,75",0,"-6,75",Janeiro,2026
07/01/2026,25407411961,Serviços de Envio,701-5283157-9065014,,Estorno do frete pago pelo comprador,,Amazon.com.br,Crédito Mastercard e outros,Vendedor,,,,0,0,0,0,0,0,0,0,0,0,Janeiro,2026
07/01/2026,25407411961,Serviços de Envio,702-9235979-1857067,,Tarifa de manuseio com base no peso Delivery by Amazon,,Amazon.com.br,Crédito Mastercard e outros,Vendedor,,,,0,0,0,0,0,0,0,"-6,75",0,"-6,75",Janeiro,2026
07/01/2026,25407411961,Serviços de Envio,702-9235979-1857067,,Estorno do frete pago pelo comprador,,Amazon.com.br,Crédito Mastercard e outros,Vendedor,,,,0,0,0,0,0,0,0,0,0,0,Janeiro,2026
07/01/2026,25407411961,Serviços de Envio,701-5861313-4341005,,Tarifa de manuseio com base no peso Delivery by Amazon,,Amazon.com.br,Crédito Mastercard e outros,Vendedor,,,,0,0,0,0,0,0,0,"-6,75",0,"-6,75",Janeiro,2026
07/01/2026,25407411961,Serviços de Envio,701-5861313-4341005,,Estorno do frete pago pelo comprador,,Amazon.com.br,Crédito Mastercard e outros,Vendedor,,,,0,0,0,0,0,0,0,0,0,0,Janeiro,2026
07/01/2026,25407411961,Serviços de Envio,701-3598342-1160248,,Tarifa de manuseio com base no peso Delivery by Amazon,,Amazon.com.br,Crédito Mastercard e outros,Vendedor,,,,0,0,0,0,0,0,0,"-6,75",0,"-6,75",Janeiro,2026
07/01/2026,25407411961,Serviços de Envio,701-3598342-1160248,,Estorno do frete pago pelo comprador,,Amazon.com.br,Crédito Mastercard e outros,Vendedor,,,,0,0,0,0,0,0,0,0,0,0,Janeiro,2026
07/01/2026,25407411961,Serviços de Envio,702-6096400-5415411,,Tarifa de manuseio com base no peso Delivery by Amazon,,Amazon.com.br,Crédito Mastercard e outros,Vendedor,,,,0,0,0,0,0,0,0,"-6,75",0,"-6,75",Janeiro,2026
07/01/2026,25407411961,Serviços de Envio,702-6096400-5415411,,Estorno do frete pago pelo comprador,,Amazon.com.br,Crédito Mastercard e outros,Vendedor,,,,0,0,0,0,0,0,0,0,0,0,Janeiro,2026
07/01/2026,25407411961,Serviços de Envio,702-4245502-8740215,,Tarifa de manuseio com base no peso Delivery by Amazon,,Amazon.com.br,Crédito Mastercard e outros,Vendedor,,,,0,0,0,0,0,0,0,"-6,75",0,"-6,75",Janeiro,2026
07/01/2026,25407411961,Serviços de Envio,702-4245502-8740215,,Estorno do frete pago pelo comprador,,Amazon.com.br,Crédito Mastercard e outros,Vendedor,,,,0,0,0,0,0,0,0,0,0,0,Janeiro,2026
07/01/2026,25407411961,Serviços de Envio,702-3804827-6387462,,Tarifa de manuseio com base no peso Delivery by Amazon,,Amazon.com.br,Crédito Mastercard e outros,Vendedor,,,,0,0,0,0,0,0,0,"-6,75",0,"-6,75",Janeiro,2026
07/01/2026,25407411961,Serviços de Envio,702-3804827-6387462,,Estorno do frete pago pelo comprador,,Amazon.com.br,Crédito Mastercard e outros,Vendedor,,,,0,0,0,0,0,0,0,0,0,0,Janeiro,2026
07/01/2026,25407411961,Serviços de Envio,702-4189628-1057015,,Tarifa de manuseio com base no peso Delivery by Amazon,,Amazon.com.br,Crédito Mastercard e outros,Vendedor,,,,0,0,0,0,0,0,0,"-6,75",0,"-6,75",Janeiro,2026
07/01/2026,25407411961,Serviços de Envio,702-4189628-1057015,,Estorno do frete pago pelo comprador,,Amazon.com.br,Crédito Mastercard e outros,Vendedor,,,,0,0,0,0,0,0,0,0,0,0,Janeiro,2026
07/01/2026,25407411961,Serviços de Envio,702-7669135-5081004,,Tarifa de manuseio com base no peso Delivery by Amazon,,Amazon.com.br,Crédito Mastercard e outros,Vendedor,,,,0,0,0,0,0,0,0,"-6,75",0,"-6,75",Janeiro,2026
07/01/2026,25407411961,Serviços de Envio,702-7669135-5081004,,Estorno do frete pago pelo comprador,,Amazon.com.br,Crédito Mastercard e outros,Vendedor,,,,0,0,0,0,0,0,0,0,0,0,Janeiro,2026
07/01/2026,25407411961,Serviços de Envio,701-9528032-1570612,,Tarifa de manuseio com base no peso Delivery by Amazon,,Amazon.com.br,Crédito Mastercard e outros,Vendedor,,,,0,0,0,0,0,0,0,"-6,75",0,"-6,75",Janeiro,2026
07/01/2026,25407411961,Serviços de Envio,701-9528032-1570612,,Estorno do frete pago pelo comprador,,Amazon.com.br,Crédito Mastercard e outros,Vendedor,,,,0,0,0,0,0,0,0,0,0,0,Janeiro,2026
07/01/2026,25407411961,Serviços de Envio,702-1305864-9610650,,Tarifa de manuseio com base no peso Delivery by Amazon,,Amazon.com.br,Crédito Mastercard e outros,Vendedor,,,,0,0,0,0,0,0,0,"-6,75",0,"-6,75",Janeiro,2026
07/01/2026,25407411961,Serviços de Envio,702-1305864-9610650,,Estorno do frete pago pelo comprador,,Amazon.com.br,Crédito Mastercard e outros,Vendedor,,,,0,0,0,0,0,0,0,0,0,0,Janeiro,2026
07/01/2026,25407411961,Serviços de Envio,701-7091941-0811430,,Tarifa de manuseio com base no peso Delivery by Amazon,,Amazon.com.br,Crédito Mastercard e outros,Vendedor,,,,0,0,0,0,0,0,0,"-6,75",0,"-6,75",Janeiro,2026
07/01/2026,25407411961,Serviços de Envio,701-7091941-0811430,,Estorno do frete pago pelo comprador,,Amazon.com.br,Crédito Mastercard e outros,Vendedor,,,,0,0,0,0,0,0,0,0,0,0,Janeiro,2026
07/01/2026,25407411961,Serviços de Envio,702-2023667-2159418,,Tarifa de manuseio com base no peso Delivery by Amazon,,Amazon.com.br,Crédito Mastercard e outros,Vendedor,,,,0,0,0,0,0,0,0,"-6,75",0,"-6,75",Janeiro,2026
07/01/2026,25407411961,Serviços de Envio,702-2023667-2159418,,Estorno do frete pago pelo comprador,,Amazon.com.br,Crédito Mastercard e outros,Vendedor,,,,0,0,0,0,0,0,0,0,0,0,Janeiro,2026
07/01/2026,25407411961,Serviços de Envio,702-5531050-7451449,,Tarifa de manuseio com base no peso Delivery by Amazon,,Amazon.com.br,Crédito Mastercard e outros,Vendedor,,,,0,0,0,0,0,0,0,"-6,75",0,"-6,75",Janeiro,2026
07/01/2026,25407411961,Serviços de Envio,702-5531050-7451449,,Estorno do frete pago pelo comprador,,Amazon.com.br,Crédito Mastercard e outros,Vendedor,,,,0,0,0,0,0,0,0,0,0,0,Janeiro,2026
07/01/2026,25407411961,Serviços de Envio,701-1370321-1485846,,Tarifa de manuseio com base no peso Delivery by Amazon,,Amazon.com.br,Crédito Mastercard e outros,Vendedor,,,,0,0,0,0,0,0,0,"-6,75",0,"-6,75",Janeiro,2026
07/01/2026,25407411961,Serviços de Envio,701-1370321-1485846,,Estorno do frete pago pelo comprador,,Amazon.com.br,Crédito Mastercard e outros,Vendedor,,,,0,0,0,0,0,0,0,0,0,0,Janeiro,2026
07/01/2026,25407411961,Serviços de Envio,701-8255975-7530601,,Tarifa de manuseio com base no peso Delivery by Amazon,,Amazon.com.br,Crédito Mastercard e outros,Vendedor,,,,0,0,0,0,0,0,0,"-6,75",0,"-6,75",Janeiro,2026
07/01/2026,25407411961,Serviços de Envio,701-8255975-7530601,,Estorno do frete pago pelo comprador,,Amazon.com.br,Crédito Mastercard e outros,Vendedor,,,,0,0,0,0,0,0,0,"-21,84",0,"-21,84",Janeiro,2026
07/01/2026,25407411961,Serviços de Envio,701-4154702-9809864,,Tarifa de manuseio com base no peso Delivery by Amazon,,Amazon.com.br,Crédito Mastercard e outros,Vendedor,,,,0,0,0,0,0,0,0,"-6,75",0,"-6,75",Janeiro,2026
07/01/2026,25407411961,Serviços de Envio,701-4154702-9809864,,Estorno do frete pago pelo comprador,,Amazon.com.br,Crédito Mastercard e outros,Vendedor,,,,0,0,0,0,0,0,0,0,0,0,Janeiro,2026
07/01/2026,25407411961,Serviços de Envio,702-1701721-1907406,,Tarifa de manuseio com base no peso Delivery by Amazon,,Amazon.com.br,Crédito Mastercard e outros,Vendedor,,,,0,0,0,0,0,0,0,"-6,75",0,"-6,75",Janeiro,2026
07/01/2026,25407411961,Serviços de Envio,702-1701721-1907406,,Estorno do frete pago pelo comprador,,Amazon.com.br,Crédito Mastercard e outros,Vendedor,,,,0,0,0,0,0,0,0,0,0,0,Janeiro,2026
07/01/2026,25407411961,Serviços de Envio,702-3630232-6246666,,Tarifa de manuseio com base no peso Delivery by Amazon,,Amazon.com.br,Crédito Mastercard e outros,Vendedor,,,,0,0,0,0,0,0,0,"-6,75",0,"-6,75",Janeiro,2026
07/01/2026,25407411961,Serviços de Envio,702-3630232-6246666,,Estorno do frete pago pelo comprador,,Amazon.com.br,Crédito Mastercard e outros,Vendedor,,,,0,0,0,0,0,0,0,0,0,0,Janeiro,2026
07/01/2026,25407411961,Serviços de Envio,701-9057514-6691451,,Tarifa de manuseio com base no peso Delivery by Amazon,,Amazon.com.br,Crédito Mastercard e outros,Vendedor,,,,0,0,0,0,0,0,0,"-6,75",0,"-6,75",Janeiro,2026
07/01/2026,25407411961,Serviços de Envio,701-9057514-6691451,,Estorno do frete pago pelo comprador,,Amazon.com.br,Crédito Mastercard e outros,Vendedor,,,,0,0,0,0,0,0,0,0,0,0,Janeiro,2026
07/01/2026,25407411961,Serviços de Envio,701-1166143-3678650,,Tarifa de manuseio com base no peso Delivery by Amazon,,Amazon.com.br,Crédito Mastercard e outros,Vendedor,,,,0,0,0,0,0,0,0,"-6,75",0,"-6,75",Janeiro,2026
07/01/2026,25407411961,Serviços de Envio,701-1166143-3678650,,Estorno do frete pago pelo comprador,,Amazon.com.br,Crédito Mastercard e outros,Vendedor,,,,0,0,0,0,0,0,0,0,0,0,Janeiro,2026
07/01/2026,25407411961,Serviços de Envio,701-0103638-1914663,,Tarifa de manuseio com base no peso Delivery by Amazon,,Amazon.com.br,Crédito Mastercard e outros,Vendedor,,,,0,0,0,0,0,0,0,"-6,75",0,"-6,75",Janeiro,2026
07/01/2026,25407411961,Serviços de Envio,701-0103638-1914663,,Estorno do frete pago pelo comprador,,Amazon.com.br,Crédito Mastercard e outros,Vendedor,,,,0,0,0,0,0,0,0,0,0,0,Janeiro,2026
07/01/2026,25407411961,Serviços de Envio,701-9277942-9441049,,Tarifa de manuseio com base no peso Delivery by Amazon,,Amazon.com.br,Crédito Mastercard e outros,Vendedor,,,,0,0,0,0,0,0,0,"-6,75",0,"-6,75",Janeiro,2026
07/01/2026,25407411961,Serviços de Envio,701-9277942-9441049,,Estorno do frete pago pelo comprador,,Amazon.com.br,Crédito Mastercard e outros,Vendedor,,,,0,0,0,0,0,0,0,0,0,0,Janeiro,2026
07/01/2026,25407411961,Serviços de Envio,701-5446959-4856251,,Tarifa de manuseio com base no peso Delivery by Amazon,,Amazon.com.br,Crédito Mastercard e outros,Vendedor,,,,0,0,0,0,0,0,0,"-6,75",0,"-6,75",Janeiro,2026
07/01/2026,25407411961,Serviços de Envio,701-5446959-4856251,,Estorno do frete pago pelo comprador,,Amazon.com.br,Crédito Mastercard e outros,Vendedor,,,,0,0,0,0,0,0,0,0,0,0,Janeiro,2026
07/01/2026,25407411961,Taxa de Estoque FBA,,,Tarifa de armazenagem do programa FBA - Logística da Amazon,,Amazon.com.br,Crédito Mastercard e outros,,,,,0,0,0,0,0,0,0,0,0,0,Janeiro,2026
07/01/2026,25407650401,Pedido,701-7909722-1507402,MQ-STXD-11EM,"Planner Premium 2026 - Planejamento Anual com Roda da Vida A5, Gestão Financeira, Organização Pessoal, Metas e Saúde, Capa Dura Laminada, Agenda S",1.0,amazon.com.br,Visa Crédito,Vendedor,Tabatinga,SP,14910.0,"68,90",0,0,0,0,"-8,96",0,0,0,"59,94",Janeiro,2026
07/01/2026,25407411961,Pedido,701-5621834-6929856,MQ-STXD-11EM,"Planner Premium 2026 - Planejamento Anual com Roda da Vida A5, Gestão Financeira, Organização Pessoal, Metas e Saúde, Capa Dura Laminada, Agenda S",1.0,amazon.com.br,Crédito Mastercard e outros,Vendedor,Bauru,SP,17055.0,"68,90",0,0,0,0,"-8,96",0,0,0,"59,94",Janeiro,2026
08/01/2026,25407411961,Pedido,702-9405128-1083402,Q5-ZAFB-NUEF,"Planner 2026 - Respire, floresça, torne-se - um planner para sua melhor versão!",1.0,amazon.com.br,Crédito Mastercard e outros,Amazon,Recife,PE,51240.0,"78,90",0,0,0,0,"-10,26",0,0,0,"68,64",Janeiro,2026
08/01/2026,25407650401,Pedido,701-6753768-5235444,CN-BSCD-6VWJ,"Caderno A5-1 Frase por pagina - 200 Paginas - Pautado - Estoicismo, filosofia",1.0,amazon.com.br,Visa Crédito,Amazon,Itamaraju,BA,45836.0,"78,90",0,0,0,0,"-10,26",0,0,0,"68,64",Janeiro,2026
08/01/2026,25406929241,Pedido,701-0327758-6089064,YL-NANJ-F7TC,"Caderno Preto 20x20cm - Scrapbook Álbum De Fotos Preto 20 Folhas / 40 Páginas - Gramatura 200, Folhas Grossas",1.0,amazon.com.br,Boleto,Amazon,Manaus,AM,69065.0,"63,90","8,90",0,"-8,90",0,"-7,67",0,0,0,"56,23",Janeiro,2026
08/01/2026,25407411961,Pedido,702-0013429-7607430,4O-0ACQ-A4CK,"Planner Financeiro Mensal 2026, Roda Da Vida A5 -Planejamento anual, Organização pessoal Metas e objetivos, Gestão financeira Monitoramento de saú",1.0,amazon.com.br,Crédito Mastercard e outros,Amazon,Feliz,Rs,95770.0,"78,90",0,0,0,0,"-10,26",0,0,0,"68,64",Janeiro,2026
08/01/2026,25407411961,Pedido,702-3747296-5238643,UN-GE1Q-635D,Planner 2026 - Life Capa Dura com Controle Financeiro e Roda da Vida (Capa 01),1.0,amazon.com.br,Crédito Mastercard e outros,Vendedor,Rio de Janeiro,RJ,22210.0,"78,90",0,0,0,0,"-10,26",0,0,0,"68,64",Janeiro,2026
08/01/2026,25406929241,Pedido,702-1345858-8974659,RA-KICF-0Q47,"Caderno Preto 20x20cm - Scrapbook Álbum De Fotos Preto 20 Folhas / 40 Páginas - Gramatura 200, Folhas Grossas",1.0,amazon.com.br,Boleto,Vendedor,São Paulo,SP,4830.0,"58,90",0,0,0,0,"-7,07",0,0,0,"51,83",Janeiro,2026
08/01/2026,25406929241,Pedido,702-4888143-1105063,OI-WF8T-IXUA,Planner 2026 - Transforme seus dias com o planner que une beleza e funcionalidade Azul,1.0,amazon.com.br,Boleto,Amazon,Brasilia,Distrito Federal,71920.0,"58,90",0,0,0,0,"-7,66",0,0,0,"51,24",Janeiro,2026
08/01/2026,25407411961,Pedido,701-5846033-7193843,MQ-STXD-11EM,"Planner Premium 2026 - Planejamento Anual com Roda da Vida A5, Gestão Financeira, Organização Pessoal, Metas e Saúde, Capa Dura Laminada, Agenda S",1.0,amazon.com.br,Crédito Mastercard e outros,Vendedor,Santo André,SP,9195.0,"68,90",0,0,0,0,"-8,96",0,0,0,"59,94",Janeiro,2026
08/01/2026,25407650401,Pedido,702-8605325-7186639,WC-0G0K-5CCC,"Planner Financeiro Mensal Datado 2026, Roda Da Vida A5 -Planejamento anual, Organização pessoal Metas e objetivos, Gestão financeira Monitoramento",1.0,amazon.com.br,Visa Crédito,Vendedor,São Pedro da Aldeia,RJ,28941.0,"75,90",0,0,0,0,"-9,87",0,0,0,"66,03",Janeiro,2026
08/01/2026,25407411961,Pedido,701-9771844-7616261,D3-VGD4-YDTV,"Planner Premium 2026 - Planejamento Anual com Roda da Vida A5, Gestão Financeira, Organização Pessoal, Metas e Saúde, Capa Dura Laminada, Agenda S",1.0,amazon.com.br,Crédito Mastercard e outros,Amazon,Francisco Santos,PI,64645.0,"78,90",0,0,0,0,"-10,26",0,0,0,"68,64",Janeiro,2026
08/01/2026,25407411961,Reembolsos,701-7880550-7086649,7U-MQT5-0IY4,Reembolso para pacotes extraviados,1.0,amazon.com.br,Crédito Mastercard e outros,Vendedor,,,,0,0,0,0,0,0,0,0,"65,90","65,90",Janeiro,2026
08/01/2026,25432528481,Serviços de Envio,701-5191420-3373846,,Tarifa de manuseio com base no peso Delivery by Amazon,,Amazon.com.br,Crédito Mastercard e outros,Vendedor,,,,0,0,0,0,0,0,0,"-6,75",0,"-6,75",Janeiro,2026
08/01/2026,25432528481,Serviços de Envio,701-5191420-3373846,,Estorno do frete pago pelo comprador,,Amazon.com.br,Crédito Mastercard e outros,Vendedor,,,,0,0,0,0,0,0,0,0,0,0,Janeiro,2026
08/01/2026,25432528481,Serviços de Envio,701-3314816-2857061,,Tarifa de manuseio com base no peso Delivery by Amazon,,Amazon.com.br,Crédito Mastercard e outros,Vendedor,,,,0,0,0,0,0,0,0,"-6,75",0,"-6,75",Janeiro,2026
08/01/2026,25432528481,Serviços de Envio,701-3314816-2857061,,Estorno do frete pago pelo comprador,,Amazon.com.br,Crédito Mastercard e outros,Vendedor,,,,0,0,0,0,0,0,0,0,0,0,Janeiro,2026
08/01/2026,25432528481,Serviços de Envio,702-8148193-4717843,,Tarifa de manuseio com base no peso Delivery by Amazon,,Amazon.com.br,Crédito Mastercard e outros,Vendedor,,,,0,0,0,0,0,0,0,"-6,75",0,"-6,75",Janeiro,2026
08/01/2026,25432528481,Serviços de Envio,702-8148193-4717843,,Estorno do frete pago pelo comprador,,Amazon.com.br,Crédito Mastercard e outros,Vendedor,,,,0,0,0,0,0,0,0,0,0,0,Janeiro,2026
08/01/2026,25432528481,Serviços de Envio,702-5394450-2067418,,Tarifa de manuseio com base no peso Delivery by Amazon,,Amazon.com.br,Crédito Mastercard e outros,Vendedor,,,,0,0,0,0,0,0,0,"-6,75",0,"-6,75",Janeiro,2026
08/01/2026,25432528481,Serviços de Envio,702-5394450-2067418,,Estorno do frete pago pelo comprador,,Amazon.com.br,Crédito Mastercard e outros,Vendedor,,,,0,0,0,0,0,0,0,"-21,84",0,"-21,84",Janeiro,2026
08/01/2026,25432528481,Serviços de Envio,702-3736187-4139411,,Tarifa de manuseio com base no peso Delivery by Amazon,,Amazon.com.br,Crédito Mastercard e outros,Vendedor,,,,0,0,0,0,0,0,0,"-6,75",0,"-6,75",Janeiro,2026
08/01/2026,25432528481,Serviços de Envio,702-3736187-4139411,,Estorno do frete pago pelo comprador,,Amazon.com.br,Crédito Mastercard e outros,Vendedor,,,,0,0,0,0,0,0,0,0,0,0,Janeiro,2026
08/01/2026,25432528481,Serviços de Envio,701-3289878-2689001,,Tarifa de manuseio com base no peso Delivery by Amazon,,Amazon.com.br,Crédito Mastercard e outros,Vendedor,,,,0,0,0,0,0,0,0,"-6,75",0,"-6,75",Janeiro,2026
08/01/2026,25432528481,Serviços de Envio,701-3289878-2689001,,Estorno do frete pago pelo comprador,,Amazon.com.br,Crédito Mastercard e outros,Vendedor,,,,0,0,0,0,0,0,0,0,0,0,Janeiro,2026
08/01/2026,25432528481,Serviços de Envio,701-3799100-4180246,,Tarifa de manuseio com base no peso Delivery by Amazon,,Amazon.com.br,Crédito Mastercard e outros,Vendedor,,,,0,0,0,0,0,0,0,"-6,75",0,"-6,75",Janeiro,2026
08/01/2026,25432528481,Serviços de Envio,701-3799100-4180246,,Estorno do frete pago pelo comprador,,Amazon.com.br,Crédito Mastercard e outros,Vendedor,,,,0,0,0,0,0,0,0,0,0,0,Janeiro,2026
08/01/2026,25432528481,Serviços de Envio,701-0871485-3549008,,Tarifa de manuseio com base no peso Delivery by Amazon,,Amazon.com.br,Crédito Mastercard e outros,Vendedor,,,,0,0,0,0,0,0,0,"-6,75",0,"-6,75",Janeiro,2026
08/01/2026,25432528481,Serviços de Envio,701-0871485-3549008,,Estorno do frete pago pelo comprador,,Amazon.com.br,Crédito Mastercard e outros,Vendedor,,,,0,0,0,0,0,0,0,0,0,0,Janeiro,2026
08/01/2026,25432528481,Serviços de Envio,702-8733015-0912256,,Tarifa de manuseio com base no peso Delivery by Amazon,,Amazon.com.br,Crédito Mastercard e outros,Vendedor,,,,0,0,0,0,0,0,0,"-6,75",0,"-6,75",Janeiro,2026
08/01/2026,25432528481,Serviços de Envio,702-8733015-0912256,,Estorno do frete pago pelo comprador,,Amazon.com.br,Crédito Mastercard e outros,Vendedor,,,,0,0,0,0,0,0,0,0,0,0,Janeiro,2026
08/01/2026,25432528481,Serviços de Envio,701-4652103-4509026,,Tarifa de manuseio com base no peso Delivery by Amazon,,Amazon.com.br,Crédito Mastercard e outros,Vendedor,,,,0,0,0,0,0,0,0,"-6,75",0,"-6,75",Janeiro,2026
08/01/2026,25432528481,Serviços de Envio,701-4652103-4509026,,Estorno do frete pago pelo comprador,,Amazon.com.br,Crédito Mastercard e outros,Vendedor,,,,0,0,0,0,0,0,0,0,0,0,Janeiro,2026
08/01/2026,25432528481,Serviços de Envio,702-7008914-7257858,,Tarifa de manuseio com base no peso Delivery by Amazon,,Amazon.com.br,Crédito Mastercard e outros,Vendedor,,,,0,0,0,0,0,0,0,"-6,75",0,"-6,75",Janeiro,2026
08/01/2026,25432528481,Serviços de Envio,702-7008914-7257858,,Estorno do frete pago pelo comprador,,Amazon.com.br,Crédito Mastercard e outros,Vendedor,,,,0,0,0,0,0,0,0,0,0,0,Janeiro,2026
08/01/2026,25432528481,Serviços de Envio,702-4767441-9001017,,Tarifa de manuseio com base no peso Delivery by Amazon,,Amazon.com.br,Crédito Mastercard e outros,Vendedor,,,,0,0,0,0,0,0,0,"-6,75",0,"-6,75",Janeiro,2026
08/01/2026,25432528481,Serviços de Envio,702-4767441-9001017,,Estorno do frete pago pelo comprador,,Amazon.com.br,Crédito Mastercard e outros,Vendedor,,,,0,0,0,0,0,0,0,0,0,0,Janeiro,2026
08/01/2026,25432528481,Serviços de Envio,702-9031678-8350657,,Tarifa de manuseio com base no peso Delivery by Amazon,,Amazon.com.br,Crédito Mastercard e outros,Vendedor,,,,0,0,0,0,0,0,0,"-6,75",0,"-6,75",Janeiro,2026
08/01/2026,25432528481,Serviços de Envio,702-9031678-8350657,,Estorno do frete pago pelo comprador,,Amazon.com.br,Crédito Mastercard e outros,Vendedor,,,,0,0,0,0,0,0,0,0,0,0,Janeiro,2026
08/01/2026,25432528481,Serviços de Envio,701-8070839-1472267,,Tarifa de manuseio com base no peso Delivery by Amazon,,Amazon.com.br,Crédito Mastercard e outros,Vendedor,,,,0,0,0,0,0,0,0,"-6,75",0,"-6,75",Janeiro,2026
08/01/2026,25432528481,Serviços de Envio,701-8070839-1472267,,Estorno do frete pago pelo comprador,,Amazon.com.br,Crédito Mastercard e outros,Vendedor,,,,0,0,0,0,0,0,0,0,0,0,Janeiro,2026
08/01/2026,25432528481,Serviços de Envio,701-1828617-9229051,,Tarifa de manuseio com base no peso Delivery by Amazon,,Amazon.com.br,Crédito Mastercard e outros,Vendedor,,,,0,0,0,0,0,0,0,"-6,75",0,"-6,75",Janeiro,2026
08/01/2026,25432528481,Serviços de Envio,701-1828617-9229051,,Estorno do frete pago pelo comprador,,Amazon.com.br,Crédito Mastercard e outros,Vendedor,,,,0,0,0,0,0,0,0,"-8,43",0,"-8,43",Janeiro,2026
08/01/2026,25432528481,Serviços de Envio,702-2809508-2924202,,Tarifa de manuseio com base no peso Delivery by Amazon,,Amazon.com.br,Crédito Mastercard e outros,Vendedor,,,,0,0,0,0,0,0,0,"-6,75",0,"-6,75",Janeiro,2026
08/01/2026,25432528481,Serviços de Envio,702-2809508-2924202,,Estorno do frete pago pelo comprador,,Amazon.com.br,Crédito Mastercard e outros,Vendedor,,,,0,0,0,0,0,0,0,0,0,0,Janeiro,2026
08/01/2026,25432528481,Serviços de Envio,702-7562459-5873825,,Tarifa de manuseio com base no peso Delivery by Amazon,,Amazon.com.br,Crédito Mastercard e outros,Vendedor,,,,0,0,0,0,0,0,0,"-6,75",0,"-6,75",Janeiro,2026
08/01/2026,25432528481,Serviços de Envio,702-7562459-5873825,,Estorno do frete pago pelo comprador,,Amazon.com.br,Crédito Mastercard e outros,Vendedor,,,,0,0,0,0,0,0,0,"-21,53",0,"-21,53",Janeiro,2026
08/01/2026,25432528481,Serviços de Envio,701-2698523-5276211,,Tarifa de manuseio com base no peso Delivery by Amazon,,Amazon.com.br,Crédito Mastercard e outros,Vendedor,,,,0,0,0,0,0,0,0,"-6,75",0,"-6,75",Janeiro,2026
08/01/2026,25432528481,Serviços de Envio,701-2698523-5276211,,Estorno do frete pago pelo comprador,,Amazon.com.br,Crédito Mastercard e outros,Vendedor,,,,0,0,0,0,0,0,0,0,0,0,Janeiro,2026
08/01/2026,25432528481,Serviços de Envio,702-3450692-3210662,,Tarifa de manuseio com base no peso Delivery by Amazon,,Amazon.com.br,Crédito Mastercard e outros,Vendedor,,,,0,0,0,0,0,0,0,"-6,75",0,"-6,75",Janeiro,2026
08/01/2026,25432528481,Serviços de Envio,702-3450692-3210662,,Estorno do frete pago pelo comprador,,Amazon.com.br,Crédito Mastercard e outros,Vendedor,,,,0,0,0,0,0,0,0,0,0,0,Janeiro,2026
08/01/2026,25432528481,Serviços de Envio,701-3022495-2880205,,Tarifa de manuseio com base no peso Delivery by Amazon,,Amazon.com.br,Crédito Mastercard e outros,Vendedor,,,,0,0,0,0,0,0,0,"-6,75",0,"-6,75",Janeiro,2026
08/01/2026,25432528481,Serviços de Envio,701-3022495-2880205,,Estorno do frete pago pelo comprador,,Amazon.com.br,Crédito Mastercard e outros,Vendedor,,,,0,0,0,0,0,0,0,0,0,0,Janeiro,2026
08/01/2026,25432528481,Serviços de Envio,702-2518995-6907402,,Tarifa de manuseio com base no peso Delivery by Amazon,,Amazon.com.br,Crédito Mastercard e outros,Vendedor,,,,0,0,0,0,0,0,0,"-6,75",0,"-6,75",Janeiro,2026
08/01/2026,25432528481,Serviços de Envio,702-2518995-6907402,,Estorno do frete pago pelo comprador,,Amazon.com.br,Crédito Mastercard e outros,Vendedor,,,,0,0,0,0,0,0,0,0,0,0,Janeiro,2026
08/01/2026,25432528481,Serviços de Envio,702-7039985-4020253,,Tarifa de manuseio com base no peso Delivery by Amazon,,Amazon.com.br,Crédito Mastercard e outros,Vendedor,,,,0,0,0,0,0,0,0,"-6,75",0,"-6,75",Janeiro,2026
08/01/2026,25432528481,Serviços de Envio,702-7039985-4020253,,Estorno do frete pago pelo comprador,,Amazon.com.br,Crédito Mastercard e outros,Vendedor,,,,0,0,0,0,0,0,0,0,0,0,Janeiro,2026
08/01/2026,25432528481,Serviços de Envio,702-4477752-5093068,,Tarifa de manuseio com base no peso Delivery by Amazon,,Amazon.com.br,Crédito Mastercard e outros,Vendedor,,,,0,0,0,0,0,0,0,"-6,75",0,"-6,75",Janeiro,2026
08/01/2026,25432528481,Serviços de Envio,702-4477752-5093068,,Estorno do frete pago pelo comprador,,Amazon.com.br,Crédito Mastercard e outros,Vendedor,,,,0,0,0,0,0,0,0,0,0,0,Janeiro,2026
08/01/2026,25432528481,Serviços de Envio,701-3892578-3871427,,Tarifa de manuseio com base no peso Delivery by Amazon,,Amazon.com.br,Crédito Mastercard e outros,Vendedor,,,,0,0,0,0,0,0,0,"-6,75",0,"-6,75",Janeiro,2026
08/01/2026,25432528481,Serviços de Envio,701-3892578-3871427,,Estorno do frete pago pelo comprador,,Amazon.com.br,Crédito Mastercard e outros,Vendedor,,,,0,0,0,0,0,0,0,0,0,0,Janeiro,2026
08/01/2026,25432528481,Serviços de Envio,701-5340649-2529868,,Tarifa de manuseio com base no peso Delivery by Amazon,,Amazon.com.br,Crédito Mastercard e outros,Vendedor,,,,0,0,0,0,0,0,0,"-6,75",0,"-6,75",Janeiro,2026
08/01/2026,25432528481,Serviços de Envio,701-5340649-2529868,,Estorno do frete pago pelo comprador,,Amazon.com.br,Crédito Mastercard e outros,Vendedor,,,,0,0,0,0,0,0,0,0,0,0,Janeiro,2026
08/01/2026,25432528481,Serviços de Envio,702-0523678-3084264,,Tarifa de manuseio com base no peso Delivery by Amazon,,Amazon.com.br,Crédito Mastercard e outros,Vendedor,,,,0,0,0,0,0,0,0,"-6,75",0,"-6,75",Janeiro,2026
08/01/2026,25432528481,Serviços de Envio,702-0523678-3084264,,Estorno do frete pago pelo comprador,,Amazon.com.br,Crédito Mastercard e outros,Vendedor,,,,0,0,0,0,0,0,0,0,0,0,Janeiro,2026
08/01/2026,25432528481,Serviços de Envio,702-1065421-4632248,,Tarifa de manuseio com base no peso Delivery by Amazon,,Amazon.com.br,Crédito Mastercard e outros,Vendedor,,,,0,0,0,0,0,0,0,"-6,75",0,"-6,75",Janeiro,2026
08/01/2026,25432528481,Serviços de Envio,702-1065421-4632248,,Estorno do frete pago pelo comprador,,Amazon.com.br,Crédito Mastercard e outros,Vendedor,,,,0,0,0,0,0,0,0,0,0,0,Janeiro,2026
08/01/2026,25432528481,Serviços de Envio,702-8554879-0533865,,Tarifa de manuseio com base no peso Delivery by Amazon,,Amazon.com.br,Crédito Mastercard e outros,Vendedor,,,,0,0,0,0,0,0,0,"-6,75",0,"-6,75",Janeiro,2026
08/01/2026,25432528481,Serviços de Envio,702-8554879-0533865,,Estorno do frete pago pelo comprador,,Amazon.com.br,Crédito Mastercard e outros,Vendedor,,,,0,0,0,0,0,0,0,0,0,0,Janeiro,2026
08/01/2026,25432528481,Serviços de Envio,701-7164368-0632246,,Tarifa de manuseio com base no peso Delivery by Amazon,,Amazon.com.br,Crédito Mastercard e outros,Vendedor,,,,0,0,0,0,0,0,0,"-6,75",0,"-6,75",Janeiro,2026
08/01/2026,25432528481,Serviços de Envio,701-7164368-0632246,,Estorno do frete pago pelo comprador,,Amazon.com.br,Crédito Mastercard e outros,Vendedor,,,,0,0,0,0,0,0,0,0,0,0,Janeiro,2026
08/01/2026,25432528481,Serviços de Envio,702-6407701-0683447,,Tarifa de manuseio com base no peso Delivery by Amazon,,Amazon.com.br,Crédito Mastercard e outros,Vendedor,,,,0,0,0,0,0,0,0,"-6,75",0,"-6,75",Janeiro,2026
08/01/2026,25432528481,Serviços de Envio,702-6407701-0683447,,Estorno do frete pago pelo comprador,,Amazon.com.br,Crédito Mastercard e outros,Vendedor,,,,0,0,0,0,0,0,0,0,0,0,Janeiro,2026
08/01/2026,25432528481,Serviços de Envio,702-9109302-3824229,,Tarifa de manuseio com base no peso Delivery by Amazon,,Amazon.com.br,Crédito Mastercard e outros,Vendedor,,,,0,0,0,0,0,0,0,"-6,75",0,"-6,75",Janeiro,2026
08/01/2026,25432528481,Serviços de Envio,702-9109302-3824229,,Estorno do frete pago pelo comprador,,Amazon.com.br,Crédito Mastercard e outros,Vendedor,,,,0,0,0,0,0,0,0,0,0,0,Janeiro,2026
08/01/2026,25432528481,Serviços de Envio,701-8494275-8178602,,Tarifa de manuseio com base no peso Delivery by Amazon,,Amazon.com.br,Crédito Mastercard e outros,Vendedor,,,,0,0,0,0,0,0,0,"-6,75",0,"-6,75",Janeiro,2026
08/01/2026,25432528481,Serviços de Envio,701-8494275-8178602,,Estorno do frete pago pelo comprador,,Amazon.com.br,Crédito Mastercard e outros,Vendedor,,,,0,0,0,0,0,0,0,0,0,0,Janeiro,2026
08/01/2026,25432528481,Serviços de Envio,701-8737116-2118668,,Tarifa de manuseio com base no peso Delivery by Amazon,,Amazon.com.br,Crédito Mastercard e outros,Vendedor,,,,0,0,0,0,0,0,0,"-6,75",0,"-6,75",Janeiro,2026
08/01/2026,25432528481,Serviços de Envio,701-8737116-2118668,,Estorno do frete pago pelo comprador,,Amazon.com.br,Crédito Mastercard e outros,Vendedor,,,,0,0,0,0,0,0,0,"-22,02",0,"-22,02",Janeiro,2026
08/01/2026,25432528481,Serviços de Envio,702-1729930-4605841,,Tarifa de manuseio com base no peso Delivery by Amazon,,Amazon.com.br,Crédito Mastercard e outros,Vendedor,,,,0,0,0,0,0,0,0,"-13,50",0,"-13,50",Janeiro,2026
08/01/2026,25432528481,Serviços de Envio,702-1729930-4605841,,Estorno do frete pago pelo comprador,,Amazon.com.br,Crédito Mastercard e outros,Vendedor,,,,0,0,0,0,0,0,0,0,0,0,Janeiro,2026
08/01/2026,25432528481,Serviços de Envio,701-1190285-7519448,,Tarifa de manuseio com base no peso Delivery by Amazon,,Amazon.com.br,Crédito Mastercard e outros,Vendedor,,,,0,0,0,0,0,0,0,"-6,75",0,"-6,75",Janeiro,2026
08/01/2026,25432528481,Serviços de Envio,701-1190285-7519448,,Estorno do frete pago pelo comprador,,Amazon.com.br,Crédito Mastercard e outros,Vendedor,,,,0,0,0,0,0,0,0,0,0,0,Janeiro,2026
08/01/2026,25432528481,Serviços de Envio,701-2704755-2956255,,Tarifa de manuseio com base no peso Delivery by Amazon,,Amazon.com.br,Crédito Mastercard e outros,Vendedor,,,,0,0,0,0,0,0,0,"-6,75",0,"-6,75",Janeiro,2026
08/01/2026,25432528481,Serviços de Envio,701-2704755-2956255,,Estorno do frete pago pelo comprador,,Amazon.com.br,Crédito Mastercard e outros,Vendedor,,,,0,0,0,0,0,0,0,0,0,0,Janeiro,2026
08/01/2026,25432528481,Serviços de Envio,702-9128631-8976244,,Tarifa de manuseio com base no peso Delivery by Amazon,,Amazon.com.br,Crédito Mastercard e outros,Vendedor,,,,0,0,0,0,0,0,0,"-6,75",0,"-6,75",Janeiro,2026
08/01/2026,25432528481,Serviços de Envio,702-9128631-8976244,,Estorno do frete pago pelo comprador,,Amazon.com.br,Crédito Mastercard e outros,Vendedor,,,,0,0,0,0,0,0,0,0,0,0,Janeiro,2026
08/01/2026,25432528481,Serviços de Envio,702-1250338-5985015,,Tarifa de manuseio com base no peso Delivery by Amazon,,Amazon.com.br,Crédito Mastercard e outros,Vendedor,,,,0,0,0,0,0,0,0,"-6,75",0,"-6,75",Janeiro,2026
08/01/2026,25432528481,Serviços de Envio,702-1250338-5985015,,Estorno do frete pago pelo comprador,,Amazon.com.br,Crédito Mastercard e outros,Vendedor,,,,0,0,0,0,0,0,0,0,0,0,Janeiro,2026
08/01/2026,25432528481,Serviços de Envio,701-9664273-6440256,,Tarifa de manuseio com base no peso Delivery by Amazon,,Amazon.com.br,Crédito Mastercard e outros,Vendedor,,,,0,0,0,0,0,0,0,"-6,75",0,"-6,75",Janeiro,2026
08/01/2026,25432528481,Serviços de Envio,701-9664273-6440256,,Estorno do frete pago pelo comprador,,Amazon.com.br,Crédito Mastercard e outros,Vendedor,,,,0,0,0,0,0,0,0,0,0,0,Janeiro,2026
08/01/2026,25432528481,Serviços de Envio,702-9986125-1005857,,Tarifa de manuseio com base no peso Delivery by Amazon,,Amazon.com.br,Crédito Mastercard e outros,Vendedor,,,,0,0,0,0,0,0,0,"-6,75",0,"-6,75",Janeiro,2026
08/01/2026,25432528481,Serviços de Envio,702-9986125-1005857,,Estorno do frete pago pelo comprador,,Amazon.com.br,Crédito Mastercard e outros,Vendedor,,,,0,0,0,0,0,0,0,0,0,0,Janeiro,2026
08/01/2026,25432528481,Serviços de Envio,702-1799372-6893862,,Tarifa de manuseio com base no peso Delivery by Amazon,,Amazon.com.br,Crédito Mastercard e outros,Vendedor,,,,0,0,0,0,0,0,0,"-6,75",0,"-6,75",Janeiro,2026
08/01/2026,25432528481,Serviços de Envio,702-1799372-6893862,,Estorno do frete pago pelo comprador,,Amazon.com.br,Crédito Mastercard e outros,Vendedor,,,,0,0,0,0,0,0,0,0,0,0,Janeiro,2026
08/01/2026,25432528481,Serviços de Envio,702-6346897-5471452,,Tarifa de manuseio com base no peso Delivery by Amazon,,Amazon.com.br,Crédito Mastercard e outros,Vendedor,,,,0,0,0,0,0,0,0,"-6,75",0,"-6,75",Janeiro,2026
08/01/2026,25432528481,Serviços de Envio,702-6346897-5471452,,Estorno do frete pago pelo comprador,,Amazon.com.br,Crédito Mastercard e outros,Vendedor,,,,0,0,0,0,0,0,0,0,0,0,Janeiro,2026
08/01/2026,25432528481,Serviços de Envio,701-1765738-0537833,,Tarifa de manuseio com base no peso Delivery by Amazon,,Amazon.com.br,Crédito Mastercard e outros,Vendedor,,,,0,0,0,0,0,0,0,"-6,75",0,"-6,75",Janeiro,2026
08/01/2026,25432528481,Serviços de Envio,701-1765738-0537833,,Estorno do frete pago pelo comprador,,Amazon.com.br,Crédito Mastercard e outros,Vendedor,,,,0,0,0,0,0,0,0,0,0,0,Janeiro,2026
08/01/2026,25432528481,Serviços de Envio,702-5983355-5410603,,Tarifa de manuseio com base no peso Delivery by Amazon,,Amazon.com.br,Crédito Mastercard e outros,Vendedor,,,,0,0,0,0,0,0,0,"-6,75",0,"-6,75",Janeiro,2026
08/01/2026,25432528481,Serviços de Envio,702-5983355-5410603,,Estorno do frete pago pelo comprador,,Amazon.com.br,Crédito Mastercard e outros,Vendedor,,,,0,0,0,0,0,0,0,0,0,0,Janeiro,2026
08/01/2026,25432528481,Serviços de Envio,702-7887048-0822613,,Tarifa de manuseio com base no peso Delivery by Amazon,,Amazon.com.br,Crédito Mastercard e outros,Vendedor,,,,0,0,0,0,0,0,0,"-6,75",0,"-6,75",Janeiro,2026
08/01/2026,25432528481,Serviços de Envio,702-7887048-0822613,,Estorno do frete pago pelo comprador,,Amazon.com.br,Crédito Mastercard e outros,Vendedor,,,,0,0,0,0,0,0,0,0,0,0,Janeiro,2026
08/01/2026,25432528481,Serviços de Envio,701-1294412-1454634,,Tarifa de manuseio com base no peso Delivery by Amazon,,Amazon.com.br,Crédito Mastercard e outros,Vendedor,,,,0,0,0,0,0,0,0,"-6,75",0,"-6,75",Janeiro,2026
08/01/2026,25432528481,Serviços de Envio,701-1294412-1454634,,Estorno do frete pago pelo comprador,,Amazon.com.br,Crédito Mastercard e outros,Vendedor,,,,0,0,0,0,0,0,0,0,0,0,Janeiro,2026
08/01/2026,25432528481,Serviços de Envio,702-9734119-8539406,,Tarifa de manuseio com base no peso Delivery by Amazon,,Amazon.com.br,Crédito Mastercard e outros,Vendedor,,,,0,0,0,0,0,0,0,"-6,75",0,"-6,75",Janeiro,2026
08/01/2026,25432528481,Serviços de Envio,702-9734119-8539406,,Estorno do frete pago pelo comprador,,Amazon.com.br,Crédito Mastercard e outros,Vendedor,,,,0,0,0,0,0,0,0,0,0,0,Janeiro,2026
08/01/2026,25432528481,Serviços de Envio,702-8122114-3968218,,Tarifa de manuseio com base no peso Delivery by Amazon,,Amazon.com.br,Crédito Mastercard e outros,Vendedor,,,,0,0,0,0,0,0,0,"-6,75",0,"-6,75",Janeiro,2026
08/01/2026,25432528481,Serviços de Envio,702-8122114-3968218,,Estorno do frete pago pelo comprador,,Amazon.com.br,Crédito Mastercard e outros,Vendedor,,,,0,0,0,0,0,0,0,0,0,0,Janeiro,2026
08/01/2026,25432528481,Serviços de Envio,701-0196235-7391420,,Tarifa de manuseio com base no peso Delivery by Amazon,,Amazon.com.br,Crédito Mastercard e outros,Vendedor,,,,0,0,0,0,0,0,0,"-6,75",0,"-6,75",Janeiro,2026
08/01/2026,25432528481,Serviços de Envio,701-0196235-7391420,,Estorno do frete pago pelo comprador,,Amazon.com.br,Crédito Mastercard e outros,Vendedor,,,,0,0,0,0,0,0,0,0,0,0,Janeiro,2026
08/01/2026,25432528481,Serviços de Envio,701-3828610-2981803,,Tarifa de manuseio com base no peso Delivery by Amazon,,Amazon.com.br,Crédito Mastercard e outros,Vendedor,,,,0,0,0,0,0,0,0,"-6,75",0,"-6,75",Janeiro,2026
08/01/2026,25432528481,Serviços de Envio,701-3828610-2981803,,Estorno do frete pago pelo comprador,,Amazon.com.br,Crédito Mastercard e outros,Vendedor,,,,0,0,0,0,0,0,0,0,0,0,Janeiro,2026
08/01/2026,25432528481,Serviços de Envio,701-1939790-6211464,,Tarifa de manuseio com base no peso Delivery by Amazon,,Amazon.com.br,Crédito Mastercard e outros,Vendedor,,,,0,0,0,0,0,0,0,"-6,75",0,"-6,75",Janeiro,2026
08/01/2026,25432528481,Serviços de Envio,701-1939790-6211464,,Estorno do frete pago pelo comprador,,Amazon.com.br,Crédito Mastercard e outros,Vendedor,,,,0,0,0,0,0,0,0,0,0,0,Janeiro,2026
08/01/2026,25432528481,Serviços de Envio,701-6940368-8523445,,Tarifa de manuseio com base no peso Delivery by Amazon,,Amazon.com.br,Crédito Mastercard e outros,Vendedor,,,,0,0,0,0,0,0,0,"-6,75",0,"-6,75",Janeiro,2026
08/01/2026,25432528481,Serviços de Envio,701-6940368-8523445,,Estorno do frete pago pelo comprador,,Amazon.com.br,Crédito Mastercard e outros,Vendedor,,,,0,0,0,0,0,0,0,"-21,84",0,"-21,84",Janeiro,2026
08/01/2026,25432528481,Serviços de Envio,701-0642508-5661848,,Tarifa de manuseio com base no peso Delivery by Amazon,,Amazon.com.br,Crédito Mastercard e outros,Vendedor,,,,0,0,0,0,0,0,0,"-6,75",0,"-6,75",Janeiro,2026
08/01/2026,25432528481,Serviços de Envio,701-0642508-5661848,,Estorno do frete pago pelo comprador,,Amazon.com.br,Crédito Mastercard e outros,Vendedor,,,,0,0,0,0,0,0,0,0,0,0,Janeiro,2026
08/01/2026,25432528481,Serviços de Envio,702-8839626-9065048,,Tarifa de manuseio com base no peso Delivery by Amazon,,Amazon.com.br,Crédito Mastercard e outros,Vendedor,,,,0,0,0,0,0,0,0,"-6,75",0,"-6,75",Janeiro,2026
08/01/2026,25432528481,Serviços de Envio,702-8839626-9065048,,Estorno do frete pago pelo comprador,,Amazon.com.br,Crédito Mastercard e outros,Vendedor,,,,0,0,0,0,0,0,0,"-22,02",0,"-22,02",Janeiro,2026
08/01/2026,25432528481,Serviços de Envio,702-3204205-2730625,,Tarifa de manuseio com base no peso Delivery by Amazon,,Amazon.com.br,Crédito Mastercard e outros,Vendedor,,,,0,0,0,0,0,0,0,"-6,75",0,"-6,75",Janeiro,2026
08/01/2026,25432528481,Serviços de Envio,702-3204205-2730625,,Estorno do frete pago pelo comprador,,Amazon.com.br,Crédito Mastercard e outros,Vendedor,,,,0,0,0,0,0,0,0,"-21,84",0,"-21,84",Janeiro,2026
08/01/2026,25432528481,Serviços de Envio,701-6663707-9136211,,Tarifa de manuseio com base no peso Delivery by Amazon,,Amazon.com.br,Crédito Mastercard e outros,Vendedor,,,,0,0,0,0,0,0,0,"-6,75",0,"-6,75",Janeiro,2026
08/01/2026,25432528481,Serviços de Envio,701-6663707-9136211,,Estorno do frete pago pelo comprador,,Amazon.com.br,Crédito Mastercard e outros,Vendedor,,,,0,0,0,0,0,0,0,0,0,0,Janeiro,2026
08/01/2026,25432528481,Serviços de Envio,702-9006700-5323453,,Tarifa de manuseio com base no peso Delivery by Amazon,,Amazon.com.br,Crédito Mastercard e outros,Vendedor,,,,0,0,0,0,0,0,0,"-6,75",0,"-6,75",Janeiro,2026
08/01/2026,25432528481,Serviços de Envio,702-9006700-5323453,,Estorno do frete pago pelo comprador,,Amazon.com.br,Crédito Mastercard e outros,Vendedor,,,,0,0,0,0,0,0,0,0,0,0,Janeiro,2026
08/01/2026,25432528481,Débito,,,amzn1.cam.v1.sgid.25407411961,,,Crédito Mastercard e outros,,,,,0,0,0,0,0,0,0,0,"4.800,91","4.800,91",Janeiro,2026
09/01/2026,25432011241,Pedido,702-7926813-5701844,0Q-EK6Z-SV84,"Planner 2026 Floral - Planejamento Anual com Roda da Vida A5, Gestão Financeira, Organização Pessoal, Metas e Saúde, Capa Dura Laminada, Agenda Se",1.0,amazon.com.br,Boleto,Vendedor,São Paulo,SP,5429.0,"78,90",0,0,0,0,"-10,26",0,0,0,"68,64",Janeiro,2026
09/01/2026,25432120141,Pedido,702-2229681-8869002,ON-V5Q7-KFQN,"Planner 2026 - Um planner para viver com mais cor, equilíbrio e inspiração.",1.0,amazon.com.br,Visa Crédito,Amazon,São Paulo,SP,4674.0,"78,90",0,0,0,0,"-10,26",0,0,0,"68,64",Janeiro,2026
09/01/2026,25432120141,Pedido,701-3823323-8902669,H2-QF9W-3BSI,Planner 2026 - Cada flor no seu tempo: planeje o ano com calma e propósito.,1.0,amazon.com.br,Visa Crédito,Amazon,Fortaleza,CE,60165.0,"78,90",0,0,0,0,"-10,26",0,0,0,"68,64",Janeiro,2026
09/01/2026,25432528481,Pedido,702-5621559-9180233,AA-2SEI-HBU9,"Planner 2026 - Delicado por fora, poderoso por dentro - organize-se com encanto!",1.0,amazon.com.br,Crédito Mastercard e outros,Vendedor,Belo Horizonte,MG,30441.0,"78,90",0,0,0,0,"-10,26",0,0,0,"68,64",Janeiro,2026
09/01/2026,25432011241,Pedido,702-7768404-8083412,H2-QF9W-3BSI,Planner 2026 - Cada flor no seu tempo: planeje o ano com calma e propósito.,1.0,amazon.com.br,Boleto,Amazon,Volta Redonda,RJ,27213.0,"78,90","8,90",0,"-8,90",0,"-10,26",0,0,0,"68,64",Janeiro,2026
09/01/2026,25432011241,Pedido,702-7381634-4673063,AA-2SEI-HBU9,"Planner 2026 - Delicado por fora, poderoso por dentro - organize-se com encanto!",1.0,amazon.com.br,Boleto,Vendedor,Campinas,São Paulo,13044.0,"78,90",0,0,0,0,"-10,26",0,0,0,"68,64",Janeiro,2026
09/01/2026,25432011241,Pedido,701-5920862-3128263,MQ-STXD-11EM,"Planner Premium 2026 - Planejamento Anual com Roda da Vida A5, Gestão Financeira, Organização Pessoal, Metas e Saúde, Capa Dura Laminada, Agenda S",1.0,amazon.com.br,Boleto,Vendedor,Belo Horizonte,MG,31160.0,"68,90",0,0,0,0,"-8,96",0,0,0,"59,94",Janeiro,2026
09/01/2026,25432528481,Pedido,702-3372493-9741850,MQ-STXD-11EM,"Planner Premium 2026 - Planejamento Anual com Roda da Vida A5, Gestão Financeira, Organização Pessoal, Metas e Saúde, Capa Dura Laminada, Agenda S",1.0,amazon.com.br,Crédito Mastercard e outros,Vendedor,Piracicaba,SP,13425.0,"68,90",0,0,0,0,"-8,96",0,0,0,"59,94",Janeiro,2026
09/01/2026,25432528481,Pedido,702-6287504-5637803,IS-UA22-XKCF,Planner 2026 - Cada flor no seu tempo: planeje o ano com calma e propósito.,1.0,amazon.com.br,Crédito Mastercard e outros,Vendedor,Piracicaba,SP,13403.0,"78,90",0,0,0,0,"-10,26",0,0,0,"68,64",Janeiro,2026
09/01/2026,25432011241,Pedido,702-5111829-8465860,MQ-STXD-11EM,"Planner Premium 2026 - Planejamento Anual com Roda da Vida A5, Gestão Financeira, Organização Pessoal, Metas e Saúde, Capa Dura Laminada, Agenda S",1.0,amazon.com.br,Boleto,Vendedor,Valinhos,SP,13275.0,"68,90",0,0,0,0,"-8,96",0,0,0,"59,94",Janeiro,2026
09/01/2026,25432120141,Pedido,702-3648708-5920229,92-CTAN-4AJQ,Caderno Scrapbook - 20 Folhas - Livro De Assinatura Folhas Pretas 20x19 Álbum De Fotos Scrapbook Preto 40 Páginas - 20x19,1.0,amazon.com.br,Visa Crédito,Amazon,Manaus,AM,69057.0,"78,90",0,0,0,0,"-9,47",0,0,0,"69,43",Janeiro,2026
09/01/2026,25432120141,Pedido,701-6928754-7432258,Q5-ZAFB-NUEF,"Planner 2026 - Respire, floresça, torne-se - um planner para sua melhor versão!",1.0,amazon.com.br,Visa Crédito,Amazon,Salvador,BA,41680.0,"78,90",0,0,0,0,"-10,26",0,0,0,"68,64",Janeiro,2026
09/01/2026,25432528481,Pedido,701-7521396-5571463,Q5-ZAFB-NUEF,"Planner 2026 - Respire, floresça, torne-se - um planner para sua melhor versão!",1.0,amazon.com.br,Crédito Mastercard e outros,Amazon,Fortaleza,CE,60834.0,"78,90",0,0,0,0,"-10,26",0,0,0,"68,64",Janeiro,2026
09/01/2026,25432011241,Pedido,701-4471165-3584202,AA-2SEI-HBU9,"Planner 2026 - Delicado por fora, poderoso por dentro - organize-se com encanto!",1.0,amazon.com.br,Boleto,Vendedor,Itu,SP,13306.0,"78,90",0,0,0,0,"-10,26",0,0,0,"68,64",Janeiro,2026
09/01/2026,25432528481,Pedido,702-6432828-2502651,S1-SAO6-CBNU,"Planner Financeiro Mensal Datado 2026, Roda Da Vida A5 - Planner premium Agenda 2026 Planejamento anual Organização pessoal Metas e objetivos Gestã",1.0,amazon.com.br,Crédito Mastercard e outros,Vendedor,Limeira,SP,13482.0,"78,90",0,0,0,0,"-10,26",0,0,0,"68,64",Janeiro,2026
09/01/2026,25432011241,Pedido,701-9647306-0049001,ON-V5Q7-KFQN,"Planner 2026 - Um planner para viver com mais cor, equilíbrio e inspiração.",1.0,amazon.com.br,Boleto,Amazon,João Pessoa,PB,58068.0,"78,90",0,0,0,0,"-10,26",0,0,0,"68,64",Janeiro,2026
09/01/2026,25432120141,Pedido,702-3241375-8877845,4K-3HFM-I3A1,Planner 2026 - Transforme seus dias com o planner que une beleza e funcionalidade Rosa,1.0,amazon.com.br,Visa Crédito,Amazon,Maceió,Alagoas,57042.0,"54,90",0,0,0,0,"-7,14",0,0,0,"47,76",Janeiro,2026
09/01/2026,25432528481,Serviços de Envio,702-1696529-3796233,,Tarifa de manuseio com base no peso Delivery by Amazon,,Amazon.com.br,Crédito Mastercard e outros,Vendedor,,,,0,0,0,0,0,0,0,"-6,75",0,"-6,75",Janeiro,2026
09/01/2026,25432528481,Serviços de Envio,702-1696529-3796233,,Estorno do frete pago pelo comprador,,Amazon.com.br,Crédito Mastercard e outros,Vendedor,,,,0,0,0,0,0,0,0,0,0,0,Janeiro,2026
09/01/2026,25432528481,Serviços de Envio,702-6408910-5944259,,Tarifa de manuseio com base no peso Delivery by Amazon,,Amazon.com.br,Crédito Mastercard e outros,Vendedor,,,,0,0,0,0,0,0,0,"-6,75",0,"-6,75",Janeiro,2026
09/01/2026,25432528481,Serviços de Envio,702-6408910-5944259,,Estorno do frete pago pelo comprador,,Amazon.com.br,Crédito Mastercard e outros,Vendedor,,,,0,0,0,0,0,0,0,0,0,0,Janeiro,2026
09/01/2026,25432528481,Serviços de Envio,701-5526975-7873812,,Tarifa de manuseio com base no peso Delivery by Amazon,,Amazon.com.br,Crédito Mastercard e outros,Vendedor,,,,0,0,0,0,0,0,0,"-6,75",0,"-6,75",Janeiro,2026
09/01/2026,25432528481,Serviços de Envio,701-5526975-7873812,,Estorno do frete pago pelo comprador,,Amazon.com.br,Crédito Mastercard e outros,Vendedor,,,,0,0,0,0,0,0,0,0,0,0,Janeiro,2026
09/01/2026,25432528481,Serviços de Envio,702-2766339-1102661,,Tarifa de manuseio com base no peso Delivery by Amazon,,Amazon.com.br,Crédito Mastercard e outros,Vendedor,,,,0,0,0,0,0,0,0,"-6,75",0,"-6,75",Janeiro,2026
09/01/2026,25432528481,Serviços de Envio,702-2766339-1102661,,Estorno do frete pago pelo comprador,,Amazon.com.br,Crédito Mastercard e outros,Vendedor,,,,0,0,0,0,0,0,0,0,0,0,Janeiro,2026
09/01/2026,25432528481,Serviços de Envio,702-1693508-0007425,,Tarifa de manuseio com base no peso Delivery by Amazon,,Amazon.com.br,Crédito Mastercard e outros,Vendedor,,,,0,0,0,0,0,0,0,"-6,75",0,"-6,75",Janeiro,2026
09/01/2026,25432528481,Serviços de Envio,702-1693508-0007425,,Estorno do frete pago pelo comprador,,Amazon.com.br,Crédito Mastercard e outros,Vendedor,,,,0,0,0,0,0,0,0,0,0,0,Janeiro,2026
09/01/2026,25432528481,Serviços de Envio,702-3370321-8757808,,Tarifa de manuseio com base no peso Delivery by Amazon,,Amazon.com.br,Crédito Mastercard e outros,Vendedor,,,,0,0,0,0,0,0,0,"-6,75",0,"-6,75",Janeiro,2026
09/01/2026,25432528481,Serviços de Envio,702-3370321-8757808,,Estorno do frete pago pelo comprador,,Amazon.com.br,Crédito Mastercard e outros,Vendedor,,,,0,0,0,0,0,0,0,0,0,0,Janeiro,2026
09/01/2026,25432528481,Serviços de Envio,701-5540682-5263468,,Tarifa de manuseio com base no peso Delivery by Amazon,,Amazon.com.br,Crédito Mastercard e outros,Vendedor,,,,0,0,0,0,0,0,0,"-6,75",0,"-6,75",Janeiro,2026
09/01/2026,25432528481,Serviços de Envio,701-5540682-5263468,,Estorno do frete pago pelo comprador,,Amazon.com.br,Crédito Mastercard e outros,Vendedor,,,,0,0,0,0,0,0,0,0,0,0,Janeiro,2026
09/01/2026,25432528481,Serviços de Envio,701-5032068-6594655,,Tarifa de manuseio com base no peso Delivery by Amazon,,Amazon.com.br,Crédito Mastercard e outros,Vendedor,,,,0,0,0,0,0,0,0,"-6,75",0,"-6,75",Janeiro,2026
09/01/2026,25432528481,Serviços de Envio,701-5032068-6594655,,Estorno do frete pago pelo comprador,,Amazon.com.br,Crédito Mastercard e outros,Vendedor,,,,0,0,0,0,0,0,0,"-22,02",0,"-22,02",Janeiro,2026
09/01/2026,25432528481,Serviços de Envio,701-7419280-4936209,,Tarifa de manuseio com base no peso Delivery by Amazon,,Amazon.com.br,Crédito Mastercard e outros,Vendedor,,,,0,0,0,0,0,0,0,"-6,75",0,"-6,75",Janeiro,2026
09/01/2026,25432528481,Serviços de Envio,701-7419280-4936209,,Estorno do frete pago pelo comprador,,Amazon.com.br,Crédito Mastercard e outros,Vendedor,,,,0,0,0,0,0,0,0,"-21,35",0,"-21,35",Janeiro,2026
09/01/2026,25432528481,Serviços de Envio,701-5995861-5321841,,Tarifa de manuseio com base no peso Delivery by Amazon,,Amazon.com.br,Crédito Mastercard e outros,Vendedor,,,,0,0,0,0,0,0,0,"-6,75",0,"-6,75",Janeiro,2026
09/01/2026,25432528481,Serviços de Envio,701-5995861-5321841,,Estorno do frete pago pelo comprador,,Amazon.com.br,Crédito Mastercard e outros,Vendedor,,,,0,0,0,0,0,0,0,0,0,0,Janeiro,2026
09/01/2026,25432528481,Serviços de Envio,702-8982374-7261825,,Tarifa de manuseio com base no peso Delivery by Amazon,,Amazon.com.br,Crédito Mastercard e outros,Vendedor,,,,0,0,0,0,0,0,0,"-6,75",0,"-6,75",Janeiro,2026
09/01/2026,25432528481,Serviços de Envio,702-8982374-7261825,,Estorno do frete pago pelo comprador,,Amazon.com.br,Crédito Mastercard e outros,Vendedor,,,,0,0,0,0,0,0,0,0,0,0,Janeiro,2026
09/01/2026,25432528481,Serviços de Envio,702-5501029-5464219,,Tarifa de manuseio com base no peso Delivery by Amazon,,Amazon.com.br,Crédito Mastercard e outros,Vendedor,,,,0,0,0,0,0,0,0,"-6,75",0,"-6,75",Janeiro,2026
09/01/2026,25432528481,Serviços de Envio,702-5501029-5464219,,Estorno do frete pago pelo comprador,,Amazon.com.br,Crédito Mastercard e outros,Vendedor,,,,0,0,0,0,0,0,0,0,0,0,Janeiro,2026
09/01/2026,25432528481,Serviços de Envio,702-7546417-9815449,,Tarifa de manuseio com base no peso Delivery by Amazon,,Amazon.com.br,Crédito Mastercard e outros,Vendedor,,,,0,0,0,0,0,0,0,"-6,75",0,"-6,75",Janeiro,2026
09/01/2026,25432528481,Serviços de Envio,702-7546417-9815449,,Estorno do frete pago pelo comprador,,Amazon.com.br,Crédito Mastercard e outros,Vendedor,,,,0,0,0,0,0,0,0,"-22,02",0,"-22,02",Janeiro,2026
09/01/2026,25432528481,Serviços de Envio,701-5232867-8780251,,Tarifa de manuseio com base no peso Delivery by Amazon,,Amazon.com.br,Crédito Mastercard e outros,Vendedor,,,,0,0,0,0,0,0,0,"-6,75",0,"-6,75",Janeiro,2026
09/01/2026,25432528481,Serviços de Envio,701-5232867-8780251,,Estorno do frete pago pelo comprador,,Amazon.com.br,Crédito Mastercard e outros,Vendedor,,,,0,0,0,0,0,0,0,0,0,0,Janeiro,2026
09/01/2026,25432528481,Serviços de Envio,702-7486115-2797854,,Tarifa de manuseio com base no peso Delivery by Amazon,,Amazon.com.br,Crédito Mastercard e outros,Vendedor,,,,0,0,0,0,0,0,0,"-6,75",0,"-6,75",Janeiro,2026
09/01/2026,25432528481,Serviços de Envio,702-7486115-2797854,,Estorno do frete pago pelo comprador,,Amazon.com.br,Crédito Mastercard e outros,Vendedor,,,,0,0,0,0,0,0,0,0,0,0,Janeiro,2026
09/01/2026,25432528481,Serviços de Envio,701-0297736-6124224,,Tarifa de manuseio com base no peso Delivery by Amazon,,Amazon.com.br,Crédito Mastercard e outros,Vendedor,,,,0,0,0,0,0,0,0,"-6,75",0,"-6,75",Janeiro,2026
09/01/2026,25432528481,Serviços de Envio,701-0297736-6124224,,Estorno do frete pago pelo comprador,,Amazon.com.br,Crédito Mastercard e outros,Vendedor,,,,0,0,0,0,0,0,0,0,0,0,Janeiro,2026
09/01/2026,25432528481,Serviços de Envio,702-1614483-8417036,,Tarifa de manuseio com base no peso Delivery by Amazon,,Amazon.com.br,Crédito Mastercard e outros,Vendedor,,,,0,0,0,0,0,0,0,"-6,75",0,"-6,75",Janeiro,2026
09/01/2026,25432528481,Serviços de Envio,702-1614483-8417036,,Estorno do frete pago pelo comprador,,Amazon.com.br,Crédito Mastercard e outros,Vendedor,,,,0,0,0,0,0,0,0,0,0,0,Janeiro,2026
09/01/2026,25432528481,Serviços de Envio,702-8560287-7766606,,Tarifa de manuseio com base no peso Delivery by Amazon,,Amazon.com.br,Crédito Mastercard e outros,Vendedor,,,,0,0,0,0,0,0,0,"-6,75",0,"-6,75",Janeiro,2026
09/01/2026,25432528481,Serviços de Envio,702-8560287-7766606,,Estorno do frete pago pelo comprador,,Amazon.com.br,Crédito Mastercard e outros,Vendedor,,,,0,0,0,0,0,0,0,0,0,0,Janeiro,2026
09/01/2026,25432528481,Serviços de Envio,702-9619997-1493828,,Tarifa de manuseio com base no peso Delivery by Amazon,,Amazon.com.br,Crédito Mastercard e outros,Vendedor,,,,0,0,0,0,0,0,0,"-6,75",0,"-6,75",Janeiro,2026
09/01/2026,25432528481,Serviços de Envio,702-9619997-1493828,,Estorno do frete pago pelo comprador,,Amazon.com.br,Crédito Mastercard e outros,Vendedor,,,,0,0,0,0,0,0,0,"-21,35",0,"-21,35",Janeiro,2026
09/01/2026,25432528481,Serviços de Envio,701-9307797-0503416,,Tarifa de manuseio com base no peso Delivery by Amazon,,Amazon.com.br,Crédito Mastercard e outros,Vendedor,,,,0,0,0,0,0,0,0,"-6,75",0,"-6,75",Janeiro,2026
09/01/2026,25432528481,Serviços de Envio,701-9307797-0503416,,Estorno do frete pago pelo comprador,,Amazon.com.br,Crédito Mastercard e outros,Vendedor,,,,0,0,0,0,0,0,0,0,0,0,Janeiro,2026
09/01/2026,25432528481,Serviços de Envio,702-9064202-4633851,,Tarifa de manuseio com base no peso Delivery by Amazon,,Amazon.com.br,Crédito Mastercard e outros,Vendedor,,,,0,0,0,0,0,0,0,"-6,75",0,"-6,75",Janeiro,2026
09/01/2026,25432528481,Serviços de Envio,702-9064202-4633851,,Estorno do frete pago pelo comprador,,Amazon.com.br,Crédito Mastercard e outros,Vendedor,,,,0,0,0,0,0,0,0,0,0,0,Janeiro,2026
09/01/2026,25432528481,Serviços de Envio,702-6852969-1310637,,Tarifa de manuseio com base no peso Delivery by Amazon,,Amazon.com.br,Crédito Mastercard e outros,Vendedor,,,,0,0,0,0,0,0,0,"-6,75",0,"-6,75",Janeiro,2026
09/01/2026,25432528481,Serviços de Envio,702-6852969-1310637,,Estorno do frete pago pelo comprador,,Amazon.com.br,Crédito Mastercard e outros,Vendedor,,,,0,0,0,0,0,0,0,0,0,0,Janeiro,2026
09/01/2026,25432528481,Serviços de Envio,702-3155382-3349039,,Tarifa de manuseio com base no peso Delivery by Amazon,,Amazon.com.br,Crédito Mastercard e outros,Vendedor,,,,0,0,0,0,0,0,0,"-6,75",0,"-6,75",Janeiro,2026
09/01/2026,25432528481,Serviços de Envio,702-3155382-3349039,,Estorno do frete pago pelo comprador,,Amazon.com.br,Crédito Mastercard e outros,Vendedor,,,,0,0,0,0,0,0,0,0,0,0,Janeiro,2026
09/01/2026,25432528481,Serviços de Envio,701-8538139-6889003,,Tarifa de manuseio com base no peso Delivery by Amazon,,Amazon.com.br,Crédito Mastercard e outros,Vendedor,,,,0,0,0,0,0,0,0,"-6,75",0,"-6,75",Janeiro,2026
09/01/2026,25432528481,Serviços de Envio,701-8538139-6889003,,Estorno do frete pago pelo comprador,,Amazon.com.br,Crédito Mastercard e outros,Vendedor,,,,0,0,0,0,0,0,0,0,0,0,Janeiro,2026
09/01/2026,25432528481,Serviços de Envio,701-7970783-9286627,,Tarifa de manuseio com base no peso Delivery by Amazon,,Amazon.com.br,Crédito Mastercard e outros,Vendedor,,,,0,0,0,0,0,0,0,"-6,75",0,"-6,75",Janeiro,2026
09/01/2026,25432528481,Serviços de Envio,701-7970783-9286627,,Estorno do frete pago pelo comprador,,Amazon.com.br,Crédito Mastercard e outros,Vendedor,,,,0,0,0,0,0,0,0,0,0,0,Janeiro,2026
09/01/2026,25432528481,Serviços de Envio,701-1937416-6720262,,Tarifa de manuseio com base no peso Delivery by Amazon,,Amazon.com.br,Crédito Mastercard e outros,Vendedor,,,,0,0,0,0,0,0,0,"-6,75",0,"-6,75",Janeiro,2026
09/01/2026,25432528481,Serviços de Envio,701-1937416-6720262,,Estorno do frete pago pelo comprador,,Amazon.com.br,Crédito Mastercard e outros,Vendedor,,,,0,0,0,0,0,0,0,0,0,0,Janeiro,2026
09/01/2026,25432528481,Serviços de Envio,702-1217848-5705844,,Tarifa de manuseio com base no peso Delivery by Amazon,,Amazon.com.br,Crédito Mastercard e outros,Vendedor,,,,0,0,0,0,0,0,0,"-6,75",0,"-6,75",Janeiro,2026
09/01/2026,25432528481,Serviços de Envio,702-1217848-5705844,,Estorno do frete pago pelo comprador,,Amazon.com.br,Crédito Mastercard e outros,Vendedor,,,,0,0,0,0,0,0,0,"-22,02",0,"-22,02",Janeiro,2026
09/01/2026,25432528481,Serviços de Envio,702-0496434-3187458,,Tarifa de manuseio com base no peso Delivery by Amazon,,Amazon.com.br,Crédito Mastercard e outros,Vendedor,,,,0,0,0,0,0,0,0,"-6,75",0,"-6,75",Janeiro,2026
09/01/2026,25432528481,Serviços de Envio,702-0496434-3187458,,Estorno do frete pago pelo comprador,,Amazon.com.br,Crédito Mastercard e outros,Vendedor,,,,0,0,0,0,0,0,0,0,0,0,Janeiro,2026
09/01/2026,25432528481,Serviços de Envio,701-3892212-3709850,,Tarifa de manuseio com base no peso Delivery by Amazon,,Amazon.com.br,Crédito Mastercard e outros,Vendedor,,,,0,0,0,0,0,0,0,"-6,75",0,"-6,75",Janeiro,2026
09/01/2026,25432528481,Serviços de Envio,701-3892212-3709850,,Estorno do frete pago pelo comprador,,Amazon.com.br,Crédito Mastercard e outros,Vendedor,,,,0,0,0,0,0,0,0,0,0,0,Janeiro,2026
09/01/2026,25432528481,Serviços de Envio,702-2117733-9996244,,Tarifa de manuseio com base no peso Delivery by Amazon,,Amazon.com.br,Crédito Mastercard e outros,Vendedor,,,,0,0,0,0,0,0,0,"-6,75",0,"-6,75",Janeiro,2026
09/01/2026,25432528481,Serviços de Envio,702-2117733-9996244,,Estorno do frete pago pelo comprador,,Amazon.com.br,Crédito Mastercard e outros,Vendedor,,,,0,0,0,0,0,0,0,"-21,84",0,"-21,84",Janeiro,2026
09/01/2026,25432528481,Serviços de Envio,701-5319281-2316230,,Tarifa de manuseio com base no peso Delivery by Amazon,,Amazon.com.br,Crédito Mastercard e outros,Vendedor,,,,0,0,0,0,0,0,0,"-6,75",0,"-6,75",Janeiro,2026
09/01/2026,25432528481,Serviços de Envio,701-5319281-2316230,,Estorno do frete pago pelo comprador,,Amazon.com.br,Crédito Mastercard e outros,Vendedor,,,,0,0,0,0,0,0,0,0,0,0,Janeiro,2026
09/01/2026,25432528481,Serviços de Envio,701-9045623-8553066,,Tarifa de manuseio com base no peso Delivery by Amazon,,Amazon.com.br,Crédito Mastercard e outros,Vendedor,,,,0,0,0,0,0,0,0,"-6,75",0,"-6,75",Janeiro,2026
09/01/2026,25432528481,Serviços de Envio,701-9045623-8553066,,Estorno do frete pago pelo comprador,,Amazon.com.br,Crédito Mastercard e outros,Vendedor,,,,0,0,0,0,0,0,0,"-21,80",0,"-21,80",Janeiro,2026
09/01/2026,25432528481,Serviços de Envio,702-4711140-1723435,,Tarifa de manuseio com base no peso Delivery by Amazon,,Amazon.com.br,Crédito Mastercard e outros,Vendedor,,,,0,0,0,0,0,0,0,"-13,50",0,"-13,50",Janeiro,2026
09/01/2026,25432528481,Serviços de Envio,702-4711140-1723435,,Estorno do frete pago pelo comprador,,Amazon.com.br,Crédito Mastercard e outros,Vendedor,,,,0,0,0,0,0,0,0,0,0,0,Janeiro,2026
09/01/2026,25432528481,Serviços de Envio,701-1702266-5544263,,Tarifa de manuseio com base no peso Delivery by Amazon,,Amazon.com.br,Crédito Mastercard e outros,Vendedor,,,,0,0,0,0,0,0,0,"-6,75",0,"-6,75",Janeiro,2026
09/01/2026,25432528481,Serviços de Envio,701-1702266-5544263,,Estorno do frete pago pelo comprador,,Amazon.com.br,Crédito Mastercard e outros,Vendedor,,,,0,0,0,0,0,0,0,0,0,0,Janeiro,2026
09/01/2026,25432528481,Serviços de Envio,701-6158628-6387427,,Tarifa de manuseio com base no peso Delivery by Amazon,,Amazon.com.br,Crédito Mastercard e outros,Vendedor,,,,0,0,0,0,0,0,0,"-6,75",0,"-6,75",Janeiro,2026
09/01/2026,25432528481,Serviços de Envio,701-6158628-6387427,,Estorno do frete pago pelo comprador,,Amazon.com.br,Crédito Mastercard e outros,Vendedor,,,,0,0,0,0,0,0,0,0,0,0,Janeiro,2026
09/01/2026,25432528481,Serviços de Envio,701-1642842-7640228,,Tarifa de manuseio com base no peso Delivery by Amazon,,Amazon.com.br,Crédito Mastercard e outros,Vendedor,,,,0,0,0,0,0,0,0,"-6,75",0,"-6,75",Janeiro,2026
09/01/2026,25432528481,Serviços de Envio,701-1642842-7640228,,Estorno do frete pago pelo comprador,,Amazon.com.br,Crédito Mastercard e outros,Vendedor,,,,0,0,0,0,0,0,0,0,0,0,Janeiro,2026
09/01/2026,25432528481,Serviços de Envio,702-9846216-0965017,,Tarifa de manuseio com base no peso Delivery by Amazon,,Amazon.com.br,Crédito Mastercard e outros,Vendedor,,,,0,0,0,0,0,0,0,"-6,75",0,"-6,75",Janeiro,2026
09/01/2026,25432528481,Serviços de Envio,702-9846216-0965017,,Estorno do frete pago pelo comprador,,Amazon.com.br,Crédito Mastercard e outros,Vendedor,,,,0,0,0,0,0,0,0,0,0,0,Janeiro,2026
09/01/2026,25432528481,Serviços de Envio,702-5885358-8549861,,Tarifa de manuseio com base no peso Delivery by Amazon,,Amazon.com.br,Crédito Mastercard e outros,Vendedor,,,,0,0,0,0,0,0,0,"-6,75",0,"-6,75",Janeiro,2026
09/01/2026,25432528481,Serviços de Envio,702-5885358-8549861,,Estorno do frete pago pelo comprador,,Amazon.com.br,Crédito Mastercard e outros,Vendedor,,,,0,0,0,0,0,0,0,"-22,02",0,"-22,02",Janeiro,2026
09/01/2026,25432528481,Serviços de Envio,701-1470639-4653013,,Tarifa de manuseio com base no peso Delivery by Amazon,,Amazon.com.br,Crédito Mastercard e outros,Vendedor,,,,0,0,0,0,0,0,0,"-6,75",0,"-6,75",Janeiro,2026
09/01/2026,25432528481,Serviços de Envio,701-1470639-4653013,,Estorno do frete pago pelo comprador,,Amazon.com.br,Crédito Mastercard e outros,Vendedor,,,,0,0,0,0,0,0,0,0,0,0,Janeiro,2026
09/01/2026,25432528481,Serviços de Envio,701-8642158-1544247,,Tarifa de manuseio com base no peso Delivery by Amazon,,Amazon.com.br,Crédito Mastercard e outros,Vendedor,,,,0,0,0,0,0,0,0,"-6,75",0,"-6,75",Janeiro,2026
09/01/2026,25432528481,Serviços de Envio,701-8642158-1544247,,Estorno do frete pago pelo comprador,,Amazon.com.br,Crédito Mastercard e outros,Vendedor,,,,0,0,0,0,0,0,0,0,0,0,Janeiro,2026
09/01/2026,25432528481,Serviços de Envio,701-1233403-0146665,,Tarifa de manuseio com base no peso Delivery by Amazon,,Amazon.com.br,Crédito Mastercard e outros,Vendedor,,,,0,0,0,0,0,0,0,"-6,75",0,"-6,75",Janeiro,2026
09/01/2026,25432528481,Serviços de Envio,701-1233403-0146665,,Estorno do frete pago pelo comprador,,Amazon.com.br,Crédito Mastercard e outros,Vendedor,,,,0,0,0,0,0,0,0,0,0,0,Janeiro,2026
09/01/2026,25432528481,Serviços de Envio,702-9125083-6957023,,Tarifa de manuseio com base no peso Delivery by Amazon,,Amazon.com.br,Crédito Mastercard e outros,Vendedor,,,,0,0,0,0,0,0,0,"-6,75",0,"-6,75",Janeiro,2026
09/01/2026,25432528481,Serviços de Envio,702-9125083-6957023,,Estorno do frete pago pelo comprador,,Amazon.com.br,Crédito Mastercard e outros,Vendedor,,,,0,0,0,0,0,0,0,0,0,0,Janeiro,2026
09/01/2026,25432528481,Serviços de Envio,701-8287047-0189840,,Tarifa de manuseio com base no peso Delivery by Amazon,,Amazon.com.br,Crédito Mastercard e outros,Vendedor,,,,0,0,0,0,0,0,0,"-6,75",0,"-6,75",Janeiro,2026
09/01/2026,25432528481,Serviços de Envio,701-8287047-0189840,,Estorno do frete pago pelo comprador,,Amazon.com.br,Crédito Mastercard e outros,Vendedor,,,,0,0,0,0,0,0,0,0,0,0,Janeiro,2026
09/01/2026,25432528481,Serviços de Envio,701-4670457-7801038,,Tarifa de manuseio com base no peso Delivery by Amazon,,Amazon.com.br,Crédito Mastercard e outros,Vendedor,,,,0,0,0,0,0,0,0,"-6,75",0,"-6,75",Janeiro,2026
09/01/2026,25432528481,Serviços de Envio,701-4670457-7801038,,Estorno do frete pago pelo comprador,,Amazon.com.br,Crédito Mastercard e outros,Vendedor,,,,0,0,0,0,0,0,0,0,0,0,Janeiro,2026
09/01/2026,25432528481,Serviços de Envio,701-9780331-7264259,,Tarifa de manuseio com base no peso Delivery by Amazon,,Amazon.com.br,Crédito Mastercard e outros,Vendedor,,,,0,0,0,0,0,0,0,"-6,75",0,"-6,75",Janeiro,2026
09/01/2026,25432528481,Serviços de Envio,701-9780331-7264259,,Estorno do frete pago pelo comprador,,Amazon.com.br,Crédito Mastercard e outros,Vendedor,,,,0,0,0,0,0,0,0,0,0,0,Janeiro,2026
09/01/2026,25432528481,Pedido,702-4258523-7741011,YL-NANJ-F7TC,"Caderno Preto 20x20cm - Scrapbook Álbum De Fotos Preto 20 Folhas / 40 Páginas - Gramatura 200, Folhas Grossas",1.0,amazon.com.br,Crédito Mastercard e outros,Amazon,Recife,PE,52011.0,"68,90",0,0,0,0,"-8,27",0,0,0,"60,63",Janeiro,2026
09/01/2026,25432011241,Transferir,,,Conta bancária com final: 192,,,Boleto,,,,,0,0,0,0,0,0,0,0,"-3.716,34","-3.716,34",Janeiro,2026
09/01/2026,25432528481,Pedido,701-1644825-0304213,ON-V5Q7-KFQN,"Planner 2026 - Um planner para viver com mais cor, equilíbrio e inspiração.",1.0,amazon.com.br,Crédito Mastercard e outros,Amazon,Fortaleza,CE,60822.0,"78,90",0,0,0,0,"-10,26",0,0,0,"68,64",Janeiro,2026
09/01/2026,25432011241,Pedido,701-4291648-4403450,Q5-ZAFB-NUEF,"Planner 2026 - Respire, floresça, torne-se - um planner para sua melhor versão!",1.0,amazon.com.br,Boleto,Amazon,Jacobina,BA,44703.0,"78,90","8,90",0,"-8,90",0,"-10,26",0,0,0,"68,64",Janeiro,2026
09/01/2026,25432120141,Pedido,701-5950025-6465014,H2-QF9W-3BSI,Planner 2026 - Cada flor no seu tempo: planeje o ano com calma e propósito.,1.0,amazon.com.br,Visa Crédito,Amazon,João Pessoa,PB,58052.0,"78,90","8,90",0,"-8,90",0,"-10,26",0,0,0,"68,64",Janeiro,2026
10/01/2026,25432103551,Pedido,701-8193861-9990611,4K-3HFM-I3A1,Planner 2026 - Transforme seus dias com o planner que une beleza e funcionalidade Rosa,1.0,amazon.com.br,Elo,Amazon,NATAL,RN,59082.0,"54,90",0,0,0,0,"-7,14",0,0,0,"47,76",Janeiro,2026
10/01/2026,25432528481,Pedido,701-4034077-9750622,IS-UA22-XKCF,Planner 2026 - Cada flor no seu tempo: planeje o ano com calma e propósito.,1.0,amazon.com.br,Crédito Mastercard e outros,Vendedor,Indaiatuba,SP,13345.0,"78,90",0,0,0,0,"-10,26",0,0,0,"68,64",Janeiro,2026
10/01/2026,25432011241,Pedido,701-1071450-7272206,YL-NANJ-F7TC,"Caderno Preto 20x20cm - Scrapbook Álbum De Fotos Preto 20 Folhas / 40 Páginas - Gramatura 200, Folhas Grossas",1.0,amazon.com.br,Boleto,Amazon,São Paulo,SP,3319.0,"68,90",0,0,0,0,"-8,27",0,0,0,"60,63",Janeiro,2026
10/01/2026,25432120141,Pedido,701-2552405-3164254,YL-NANJ-F7TC,"Caderno Preto 20x20cm - Scrapbook Álbum De Fotos Preto 20 Folhas / 40 Páginas - Gramatura 200, Folhas Grossas",1.0,amazon.com.br,Visa Crédito,Amazon,Manaus,AM,69057.0,"68,90","1,19",0,"-1,19",0,"-8,27",0,0,0,"60,63",Janeiro,2026
10/01/2026,25432120141,Pedido,701-8636604-0295412,4K-3HFM-I3A1,Planner 2026 - Transforme seus dias com o planner que une beleza e funcionalidade Rosa,1.0,amazon.com.br,Visa Crédito,Amazon,Goiânia,GO,74590.0,"54,90",0,0,0,0,"-7,14",0,0,0,"47,76",Janeiro,2026
10/01/2026,25432528481,Pedido,702-6495683-5854626,JO-NX0D-7SWU,"Planner 2026 - Delicado por fora, poderoso por dentro - organize-se com encanto!",1.0,amazon.com.br,Crédito Mastercard e outros,Amazon,Recife,PE,50720.0,"65,90",0,0,0,0,"-8,57",0,0,0,"57,33",Janeiro,2026
10/01/2026,25432528481,Pedido,701-2600095-9053801,AA-2SEI-HBU9,"Planner 2026 - Delicado por fora, poderoso por dentro - organize-se com encanto!",1.0,amazon.com.br,Crédito Mastercard e outros,Vendedor,Imbé,RS,95625.0,"78,90",0,0,0,0,"-10,26",0,0,0,"68,64",Janeiro,2026
10/01/2026,25432528481,Pedido,701-4098396-8795449,Q5-ZAFB-NUEF,"Planner 2026 - Respire, floresça, torne-se - um planner para sua melhor versão!",1.0,amazon.com.br,Crédito Mastercard e outros,Amazon,Paulista,PE,53435.0,"78,90",0,0,0,0,"-10,26",0,0,0,"68,64",Janeiro,2026
10/01/2026,25432120141,Pedido,702-7948636-8450610,Q5-ZAFB-NUEF,"Planner 2026 - Respire, floresça, torne-se - um planner para sua melhor versão!",1.0,amazon.com.br,Visa Crédito,Amazon,Recife,PE,51020.0,"78,90",0,0,0,0,"-10,26",0,0,0,"68,64",Janeiro,2026
10/01/2026,25432011241,Pedido,702-1843797-3917817,0Q-EK6Z-SV84,"Planner 2026 Floral - Planejamento Anual com Roda da Vida A5, Gestão Financeira, Organização Pessoal, Metas e Saúde, Capa Dura Laminada, Agenda Se",1.0,amazon.com.br,Boleto,Vendedor,São Paulo,SP,5077.0,"78,90",0,0,0,0,"-10,26",0,0,0,"68,64",Janeiro,2026
10/01/2026,25432528481,Pedido,702-5246439-6210635,CV-BL1K-YYFH,Planner 2026 - Seu novo começo começa aqui - o planner que floresce com você.,1.0,amazon.com.br,Crédito Mastercard e outros,Amazon,Apodi,RN,59700.0,"78,90",0,0,0,0,"-10,26",0,0,0,"68,64",Janeiro,2026
10/01/2026,25432011241,Pedido,701-1357351-0112242,MQ-STXD-11EM,"Planner Premium 2026 - Planejamento Anual com Roda da Vida A5, Gestão Financeira, Organização Pessoal, Metas e Saúde, Capa Dura Laminada, Agenda S",1.0,amazon.com.br,Boleto,Vendedor,Rio de Janeiro,RJ,22251.0,"68,90",0,0,0,0,"-8,96",0,0,0,"59,94",Janeiro,2026
10/01/2026,25432528481,Pedido,701-2268983-3027402,0Q-EK6Z-SV84,"Planner 2026 Floral - Planejamento Anual com Roda da Vida A5, Gestão Financeira, Organização Pessoal, Metas e Saúde, Capa Dura Laminada, Agenda Se",1.0,amazon.com.br,Crédito Mastercard e outros,Vendedor,Embu das Artes,SP,6807.0,"78,90",0,0,0,0,"-10,26",0,0,0,"68,64",Janeiro,2026
10/01/2026,25432528481,Pedido,702-0032642-5251427,VQ-0TZ7-QK96,Planner 2026 - Floresça que inspira leveza e organização!,1.0,amazon.com.br,Crédito Mastercard e outros,Vendedor,Campos dos Goytacazes,RJ,28148.0,"78,90",0,0,0,0,"-10,26",0,0,0,"68,64",Janeiro,2026
10/01/2026,25432528481,Pedido,702-5356449-7445016,VW-M9WL-7RY7,Caderno Scrapbook - Kraft - 20 Folhas - 20x20cm - Bege - Sem Pauta - Folhas Grossas - Album de Fotos - Album de fotos artesanal - Scrapbook colagem de,1.0,amazon.com.br,Crédito Mastercard e outros,Vendedor,Rio de Janeiro,RJ,20720.0,"58,90",0,0,0,0,"-7,07",0,0,0,"51,83",Janeiro,2026
10/01/2026,25432528481,Pedido,702-9174285-3525839,JC-LA79-2HC8,"Caderno Espiral Capa Dura, A5 210x150mm, 80 Folhas, Van gogh, Frases estoicas (Capa 2)",1.0,amazon.com.br,Crédito Mastercard e outros,Amazon,Campos dos Goytacazes,RJ,28148.0,"35,90",0,0,0,0,"-4,67",0,0,0,"31,23",Janeiro,2026
10/01/2026,25432011241,Pedido,702-7570598-6843465,Q5-ZAFB-NUEF,"Planner 2026 - Respire, floresça, torne-se - um planner para sua melhor versão!",1.0,amazon.com.br,Boleto,Amazon,Santa Vitória do Palmar,RS,96230.0,"78,90","8,90",0,"-8,90",0,"-10,26",0,0,0,"68,64",Janeiro,2026
10/01/2026,25432011241,Pedido,702-0096408-1086640,MQ-STXD-11EM,"Planner Premium 2026 - Planejamento Anual com Roda da Vida A5, Gestão Financeira, Organização Pessoal, Metas e Saúde, Capa Dura Laminada, Agenda S",1.0,amazon.com.br,Boleto,Vendedor,Serra,ES,29165.0,"68,90",0,0,0,0,"-8,96",0,0,0,"59,94",Janeiro,2026
10/01/2026,25432528481,Pedido,702-6316701-9587452,IS-UA22-XKCF,Planner 2026 - Cada flor no seu tempo: planeje o ano com calma e propósito.,1.0,amazon.com.br,Crédito Mastercard e outros,Vendedor,Curitiba,PR,81200.0,"78,90",0,0,0,0,"-10,26",0,0,0,"68,64",Janeiro,2026
10/01/2026,25432528481,Pedido,702-2523751-6050661,7I-1FLT-DOZ6,Planner 2026 - Transforme seus dias com o planner que une beleza e funcionalidade,1.0,amazon.com.br,Crédito Mastercard e outros,Amazon,Quirinópolis,GO,75860.0,"78,90",0,0,0,0,"-10,26",0,0,0,"68,64",Janeiro,2026
10/01/2026,25432011241,Pedido,701-6709058-7274619,RA-KICF-0Q47,"Caderno Preto 20x20cm - Scrapbook Álbum De Fotos Preto 20 Folhas / 40 Páginas - Gramatura 200, Folhas Grossas",1.0,amazon.com.br,Boleto,Vendedor,Ouro Branco,MG,36494.0,"58,90",0,0,0,0,"-7,07",0,0,0,"51,83",Janeiro,2026
10/01/2026,25432528481,Pedido,702-7045471-1217056,14-02SK-RART,Caderno De Anotações - 200 Pag - Flores Naturais,1.0,amazon.com.br,Crédito Mastercard e outros,Amazon,Uberlândia,Minas Gerais,38408.0,"68,90",0,0,0,0,"-8,96",0,0,0,"59,94",Janeiro,2026
10/01/2026,25432528481,Pedido,702-1271564-5002601,OI-WF8T-IXUA,Planner 2026 - Transforme seus dias com o planner que une beleza e funcionalidade Azul,1.0,amazon.com.br,Crédito Mastercard e outros,Amazon,Rio de Janeiro,RJ,21750.0,"58,90",0,0,0,0,"-7,66",0,0,0,"51,24",Janeiro,2026
10/01/2026,25432528481,Pedido,701-1240320-6473022,MQ-STXD-11EM,"Planner Premium 2026 - Planejamento Anual com Roda da Vida A5, Gestão Financeira, Organização Pessoal, Metas e Saúde, Capa Dura Laminada, Agenda S",1.0,amazon.com.br,Crédito Mastercard e outros,Vendedor,Cabo frio,Rio de Janeiro,28920.0,"68,90",0,0,0,0,"-8,96",0,0,0,"59,94",Janeiro,2026
10/01/2026,25432011241,Pedido,701-8578789-9060200,J7-1RCD-8P3P,Scrapbook Kraft 20x20: Crie Seu Álbum Artesanal Único,1.0,amazon.com.br,Boleto,Amazon,São Paulo,SP,1414.0,"68,90",0,0,0,0,"-8,27",0,0,0,"60,63",Janeiro,2026
10/01/2026,25432120141,Pedido,702-5694217-9385008,MQ-STXD-11EM,"Planner Premium 2026 - Planejamento Anual com Roda da Vida A5, Gestão Financeira, Organização Pessoal, Metas e Saúde, Capa Dura Laminada, Agenda S",1.0,amazon.com.br,Visa Crédito,Vendedor,Curitiba,PR,81580.0,"68,90",0,0,0,0,"-8,96",0,0,0,"59,94",Janeiro,2026
10/01/2026,25432011241,Pedido,702-0027410-8201020,HE-SAFO-BF3P,Agenda 2026 1 Dia Por Folha Com Horario Coleção Inspire,1.0,amazon.com.br,Boleto,Amazon,Frutal,MG,38204.0,"58,90","8,90",0,"-8,90",0,"-7,66",0,0,0,"51,24",Janeiro,2026
10/01/2026,25432011241,Reembolso,701-4815345-1705812,HW-BT5D-E0K0,"Planner Financeiro Mensal Datado 2026, Roda Da Vida A5 -Planejamento anual, Organização pessoal Metas e objetivos, Gestão financeira Monitoramento",1.0,amazon.com.br,Boleto,Amazon,Diadema,SP,9941.0,"-75,90","-8,90",0,"8,90",0,"7,90",0,0,0,"-68,00",Janeiro,2026
10/01/2026,25432528481,Ajuste,,4B-CHF0-UKO8,Reembolso de Estoque FBA - Perdido:Depósito,1.0,,Crédito Mastercard e outros,,,,,0,0,0,0,0,0,0,0,"59,94","59,94",Janeiro,2026
10/01/2026,25432528481,Pedido,701-1312039-7017802,RA-KICF-0Q47,"Caderno Preto 20x20cm - Scrapbook Álbum De Fotos Preto 20 Folhas / 40 Páginas - Gramatura 200, Folhas Grossas",1.0,amazon.com.br,Crédito Mastercard e outros,Vendedor,Alfenas,MG,37136.0,"58,90",0,0,0,0,"-7,07",0,0,0,"51,83",Janeiro,2026
10/01/2026,25432011241,Pedido,702-4092526-6013821,MQ-STXD-11EM,"Planner Premium 2026 - Planejamento Anual com Roda da Vida A5, Gestão Financeira, Organização Pessoal, Metas e Saúde, Capa Dura Laminada, Agenda S",1.0,amazon.com.br,Boleto,Vendedor,Atibaia,SP,12945.0,"68,90",0,0,0,0,"-8,96",0,0,0,"59,94",Janeiro,2026
10/01/2026,25432528481,Pedido,702-1177641-3169064,OI-WF8T-IXUA,Planner 2026 - Transforme seus dias com o planner que une beleza e funcionalidade Azul,1.0,amazon.com.br,Crédito Mastercard e outros,Amazon,Bauru,SP,17067.0,"58,90",0,0,0,0,"-7,66",0,0,0,"51,24",Janeiro,2026
10/01/2026,25432120141,Pedido,702-1276070-0025839,VQ-0TZ7-QK96,Planner 2026 - Floresça que inspira leveza e organização!,1.0,amazon.com.br,Visa Crédito,Vendedor,São Paulo,SP,5850.0,"78,90",0,0,0,0,"-10,26",0,0,0,"68,64",Janeiro,2026
10/01/2026,25432011241,Pedido,702-5346617-4517039,DV-9MDQ-YD9E,Scrapbook Álbum De Fotos Preto 20 Folhas / 40 Páginas,1.0,amazon.com.br,Boleto,Amazon,Pouso Alegre,MG,37553.0,"78,90","8,90",0,"-8,90",0,"-9,47",0,0,0,"69,43",Janeiro,2026
10/01/2026,25432528481,Pedido,702-0234513-2467414,BT-HCTV-ZOJY,"Planner 2026 Napolitano - Planejamento Anual com Roda da Vida A5, Gestão Financeira, Organização Pessoal, Metas e Saúde, Capa Dura Laminada, Agend",1.0,amazon.com.br,Crédito Mastercard e outros,Vendedor,Franca,SP,14409.0,"78,90",0,0,0,0,"-10,26",0,0,0,"68,64",Janeiro,2026
10/01/2026,25432528481,Pedido,702-7061177-6481852,VQ-0TZ7-QK96,Planner 2026 - Floresça que inspira leveza e organização!,1.0,amazon.com.br,Crédito Mastercard e outros,Vendedor,Araraquara,SP,14805.0,"78,90",0,0,0,0,"-10,26",0,0,0,"68,64",Janeiro,2026
10/01/2026,25432528481,Pedido,702-2268043-3436245,YL-NANJ-F7TC,"Caderno Preto 20x20cm - Scrapbook Álbum De Fotos Preto 20 Folhas / 40 Páginas - Gramatura 200, Folhas Grossas",2.0,amazon.com.br,Crédito Mastercard e outros,Amazon,Piripiri,PI,64260.0,"137,80","8,90",0,"-8,90",0,"-16,54",0,0,0,"121,26",Janeiro,2026
11/01/2026,25432011241,Pedido,701-8515606-2460223,ON-V5Q7-KFQN,"Planner 2026 - Um planner para viver com mais cor, equilíbrio e inspiração.",1.0,amazon.com.br,Boleto,Amazon,Curitiba,PR,82200.0,"78,90",0,0,0,0,"-10,26",0,0,0,"68,64",Janeiro,2026
11/01/2026,25432011241,Pedido,701-0290453-8795402,HE-SAFO-BF3P,Agenda 2026 1 Dia Por Folha Com Horario Coleção Inspire,1.0,amazon.com.br,Boleto,Amazon,Nova Lima,Mg,34001.0,"58,90",0,0,0,0,"-7,66",0,0,0,"51,24",Janeiro,2026
11/01/2026,25432011241,Reembolso,701-1225235-5636216,D3-VGD4-YDTV,"Planner Premium 2026 - Planejamento Anual com Roda da Vida A5, Gestão Financeira, Organização Pessoal, Metas e Saúde, Capa Dura Laminada, Agenda S",1.0,amazon.com.br,Boleto,Amazon,Fortaleza,CE,60545.0,"-78,90","-8,90",0,"8,90",0,"8,21",0,0,0,"-70,69",Janeiro,2026
11/01/2026,25432528481,Pedido,701-6197248-4378642,2M-II9L-1YU1,"Caderno A5 SEM PAUTA, 21x14cm, 80 Folhas, 90G",1.0,amazon.com.br,Crédito Mastercard e outros,Amazon,Belo Horizonte,MG,30220.0,"35,90",0,0,0,0,"-4,67",0,0,0,"31,23",Janeiro,2026
11/01/2026,25432528481,Pedido,701-5922619-5952233,MQ-STXD-11EM,"Planner Premium 2026 - Planejamento Anual com Roda da Vida A5, Gestão Financeira, Organização Pessoal, Metas e Saúde, Capa Dura Laminada, Agenda S",1.0,amazon.com.br,Crédito Mastercard e outros,Vendedor,São Vicente,SP,11320.0,"68,90",0,0,0,0,"-8,96",0,0,0,"59,94",Janeiro,2026
11/01/2026,25432120141,Pedido,701-2730304-7672267,UG-7RBZ-X8H1,Agenda 2026 Borboletas | 1 Dia Por Pagina com Horario - Capa Dura,1.0,amazon.com.br,Visa Crédito,Amazon,São Paulo,SP,5446.0,"59,90",0,0,0,0,"-7,79",0,0,0,"52,11",Janeiro,2026
11/01/2026,25432528481,Pedido,702-6413154-6246669,Q5-ZAFB-NUEF,"Planner 2026 - Respire, floresça, torne-se - um planner para sua melhor versão!",1.0,amazon.com.br,Crédito Mastercard e outros,Amazon,Goiânia,GO,74465.0,"78,90","7,33",0,"-7,33",0,"-10,26",0,0,0,"68,64",Janeiro,2026
11/01/2026,25432528481,Pedido,701-2785222-2460264,LZ-XCCB-5AVH,"Controle Financeiro Flork: ""Linda, Forte e Corajosa"" (Roxo)",1.0,amazon.com.br,Crédito Mastercard e outros,Amazon,Fortaleza,Ceará,60115.0,"59,90",0,0,0,0,"-7,79",0,0,0,"52,11",Janeiro,2026
11/01/2026,25432103551,Pedido,702-8507369-3385851,OI-WF8T-IXUA,Planner 2026 - Transforme seus dias com o planner que une beleza e funcionalidade Azul,1.0,amazon.com.br,Elo,Amazon,Recife,PE,52051.0,"58,90",0,0,0,0,"-7,66",0,0,0,"51,24",Janeiro,2026
11/01/2026,25432528481,Pedido,702-8409891-8049037,CV-BL1K-YYFH,Planner 2026 - Seu novo começo começa aqui - o planner que floresce com você.,1.0,amazon.com.br,Crédito Mastercard e outros,Amazon,Salvador,BA,41940.0,"78,90","8,90","3,90","-8,90",0,"-10,26","-3,90",0,0,"68,64",Janeiro,2026
11/01/2026,25432120141,Pedido,701-8658242-9265865,MQ-STXD-11EM,"Planner Premium 2026 - Planejamento Anual com Roda da Vida A5, Gestão Financeira, Organização Pessoal, Metas e Saúde, Capa Dura Laminada, Agenda S",1.0,amazon.com.br,Visa Crédito,Vendedor,Caruaru,PE,55014.0,"68,90","21,80",0,0,0,"-8,96",0,0,0,"81,74",Janeiro,2026
11/01/2026,25432011241,Pedido,702-4861438-4115410,V1-M81P-IY8O,Planner Pessoal Permanente - Comece Quando Quiser!,1.0,amazon.com.br,Boleto,Vendedor,Ribeirão Preto,SP,14056.0,"78,90",0,0,0,0,"-10,26",0,0,0,"68,64",Janeiro,2026
11/01/2026,25432011241,Pedido,702-0596815-4988205,OI-WF8T-IXUA,Planner 2026 - Transforme seus dias com o planner que une beleza e funcionalidade Azul,1.0,amazon.com.br,Boleto,Amazon,Ribeirão das Neves,MG,33935.0,"58,90",0,0,0,0,"-7,66",0,0,0,"51,24",Janeiro,2026
11/01/2026,25432528481,Pedido,701-9713909-9057818,MQ-STXD-11EM,"Planner Premium 2026 - Planejamento Anual com Roda da Vida A5, Gestão Financeira, Organização Pessoal, Metas e Saúde, Capa Dura Laminada, Agenda S",1.0,amazon.com.br,Crédito Mastercard e outros,Vendedor,Teresópolis,RJ,25963.0,"68,90",0,0,0,0,"-8,96",0,0,0,"59,94",Janeiro,2026
11/01/2026,25432528481,Pedido,702-9947316-8484264,14-02SK-RART,Caderno De Anotações - 200 Pag - Flores Naturais,1.0,amazon.com.br,Crédito Mastercard e outros,Amazon,São Paulo,SP,5083.0,"68,90",0,0,0,0,"-8,96",0,0,0,"59,94",Janeiro,2026
11/01/2026,25432528481,Pedido,701-7974253-3389843,WC-0G0K-5CCC,"Planner Financeiro Mensal Datado 2026, Roda Da Vida A5 -Planejamento anual, Organização pessoal Metas e objetivos, Gestão financeira Monitoramento",1.0,amazon.com.br,Crédito Mastercard e outros,Vendedor,Florianópolis,SC,88015.0,"75,90",0,0,0,0,"-9,87",0,0,0,"66,03",Janeiro,2026
11/01/2026,25432528481,Pedido,702-4064072-7051405,MQ-STXD-11EM,"Planner Premium 2026 - Planejamento Anual com Roda da Vida A5, Gestão Financeira, Organização Pessoal, Metas e Saúde, Capa Dura Laminada, Agenda S",1.0,amazon.com.br,Crédito Mastercard e outros,Vendedor,BRASÍLIA,DF,71971.0,"68,90",0,0,0,0,"-8,96",0,0,0,"59,94",Janeiro,2026
11/01/2026,25432011241,Pedido,702-4828297-1678658,DS-AD46-QLZ8,Planner Semanal para o Ano Todo - Várias Capas Lindas!,1.0,amazon.com.br,Boleto,Amazon,São José,SC,88101.0,"78,62",0,0,0,0,"-10,22",0,0,0,"68,40",Janeiro,2026
11/01/2026,25432120141,Pedido,702-0259458-3617857,RA-KICF-0Q47,"Caderno Preto 20x20cm - Scrapbook Álbum De Fotos Preto 20 Folhas / 40 Páginas - Gramatura 200, Folhas Grossas",1.0,amazon.com.br,Visa Crédito,Vendedor,Porto Alegre,Rio Grande do Sul,91920.0,"58,90",0,0,0,0,"-7,07",0,0,0,"51,83",Janeiro,2026
11/01/2026,25432528481,Reembolso,702-8708140-4488238,MY-P05M-MBEP,"Caderno Quadriculado 1x1cm, Capa dura, diversas capas, 80 folhas, 24x15cm",1.0,amazon.com.br,Crédito Mastercard e outros,Vendedor,São Paulo,SP,4206.0,"-38,90",0,0,0,0,"4,05",0,0,0,"-34,85",Janeiro,2026
11/01/2026,25432120141,Pedido,701-3434341-4251412,IS-UA22-XKCF,Planner 2026 - Cada flor no seu tempo: planeje o ano com calma e propósito.,1.0,amazon.com.br,Visa Crédito,Vendedor,Rio de Janeiro,RJ,22770.0,"78,90",0,0,0,0,"-10,26",0,0,0,"68,64",Janeiro,2026
11/01/2026,25432528481,Pedido,701-1999193-5551455,BT-HCTV-ZOJY,"Planner 2026 Napolitano - Planejamento Anual com Roda da Vida A5, Gestão Financeira, Organização Pessoal, Metas e Saúde, Capa Dura Laminada, Agend",1.0,amazon.com.br,Crédito Mastercard e outros,Vendedor,Rio de Janeiro,RJ,22040.0,"78,90",0,0,0,0,"-10,26",0,0,0,"68,64",Janeiro,2026
11/01/2026,25432120141,Pedido,702-9802901-0243445,UG-7RBZ-X8H1,Agenda 2026 Borboletas | 1 Dia Por Pagina com Horario - Capa Dura,1.0,amazon.com.br,Visa Crédito,Amazon,Belo Horizonte,MG,30130.0,"59,90",0,0,0,0,"-7,79",0,0,0,"52,11",Janeiro,2026
11/01/2026,25432011241,Pedido,701-0628830-4602663,WC-0G0K-5CCC,"Planner Financeiro Mensal Datado 2026, Roda Da Vida A5 -Planejamento anual, Organização pessoal Metas e objetivos, Gestão financeira Monitoramento",1.0,amazon.com.br,Boleto,Vendedor,Rio de Janeiro,RJ,20021.0,"75,90",0,0,0,0,"-9,87",0,0,0,"66,03",Janeiro,2026
11/01/2026,25432011241,Pedido,702-7347911-9732228,UN-GE1Q-635D,Planner 2026 - Life Capa Dura com Controle Financeiro e Roda da Vida (Capa 01),1.0,amazon.com.br,Boleto,Vendedor,Vitória,ES,29010.0,"78,90",0,0,0,0,"-10,26",0,0,0,"68,64",Janeiro,2026
11/01/2026,25432528481,Pedido,702-5534555-5541838,MQ-STXD-11EM,"Planner Premium 2026 - Planejamento Anual com Roda da Vida A5, Gestão Financeira, Organização Pessoal, Metas e Saúde, Capa Dura Laminada, Agenda S",1.0,amazon.com.br,Crédito Mastercard e outros,Vendedor,VILA VELHA,ES,29104.0,"68,90",0,0,0,0,"-8,96",0,0,0,"59,94",Janeiro,2026
11/01/2026,25432120141,Reembolso,701-7909722-1507402,MQ-STXD-11EM,"Planner Premium 2026 - Planejamento Anual com Roda da Vida A5, Gestão Financeira, Organização Pessoal, Metas e Saúde, Capa Dura Laminada, Agenda S",1.0,amazon.com.br,Visa Crédito,Vendedor,Tabatinga,SP,14910.0,"-68,90",0,0,0,0,"7,17",0,0,0,"-61,73",Janeiro,2026
11/01/2026,25432528481,Taxa de serviço,,,Custo de Publicidade,,,Crédito Mastercard e outros,,,,,0,0,0,0,0,0,0,"-2.504,99",0,"-2.504,99",Janeiro,2026
11/01/2026,25432120141,Pedido,702-8743295-4078604,AA-2SEI-HBU9,"Planner 2026 - Delicado por fora, poderoso por dentro - organize-se com encanto!",1.0,amazon.com.br,Visa Crédito,Vendedor,São Paulo,SP,5565.0,"78,90",0,0,0,0,"-10,26",0,0,0,"68,64",Janeiro,2026
11/01/2026,25432120141,Pedido,701-2881418-1407416,MQ-STXD-11EM,"Planner Premium 2026 - Planejamento Anual com Roda da Vida A5, Gestão Financeira, Organização Pessoal, Metas e Saúde, Capa Dura Laminada, Agenda S",1.0,amazon.com.br,Visa Crédito,Vendedor,Brasília,DF,72145.0,"68,90",0,0,0,0,"-8,96",0,0,0,"59,94",Janeiro,2026
11/01/2026,25432528481,Pedido,702-4802619-9829861,HE-SAFO-BF3P,Agenda 2026 1 Dia Por Folha Com Horario Coleção Inspire,1.0,amazon.com.br,Crédito Mastercard e outros,Amazon,Anápolis,GO,75103.0,"58,90",0,0,0,0,"-7,66",0,0,0,"51,24",Janeiro,2026
11/01/2026,25432120141,Pedido,701-2059412-2659426,4K-3HFM-I3A1,Planner 2026 - Transforme seus dias com o planner que une beleza e funcionalidade Rosa,1.0,amazon.com.br,Visa Crédito,Amazon,Rio de Janeiro,RJ,22723.0,"54,90",0,0,0,0,"-7,14",0,0,0,"47,76",Janeiro,2026
12/01/2026,25432528481,Pedido,702-5340738-1453015,MQ-STXD-11EM,"Planner Premium 2026 - Planejamento Anual com Roda da Vida A5, Gestão Financeira, Organização Pessoal, Metas e Saúde, Capa Dura Laminada, Agenda S",1.0,amazon.com.br,Crédito Mastercard e outros,Vendedor,Brasília,DF,72210.0,"68,90",0,0,0,0,"-8,96",0,0,0,"59,94",Janeiro,2026
12/01/2026,25432528481,Pedido,701-6143670-2298652,AA-2SEI-HBU9,"Planner 2026 - Delicado por fora, poderoso por dentro - organize-se com encanto!",1.0,amazon.com.br,Crédito Mastercard e outros,Vendedor,São Paulo,SP,4455.0,"78,90",0,0,0,0,"-10,26",0,0,0,"68,64",Janeiro,2026
12/01/2026,25432120141,Pedido,702-8344329-5397020,MQ-STXD-11EM,"Planner Premium 2026 - Planejamento Anual com Roda da Vida A5, Gestão Financeira, Organização Pessoal, Metas e Saúde, Capa Dura Laminada, Agenda S",1.0,amazon.com.br,Visa Crédito,Vendedor,Itapevi,SP,6660.0,"68,90",0,0,0,0,"-8,96",0,0,0,"59,94",Janeiro,2026
12/01/2026,25432011241,Pedido,701-6455369-7445837,6R-CADM-OAHJ,Planner 2026 - Seu novo começo começa aqui - o planner que floresce com você.,1.0,amazon.com.br,Boleto,Vendedor,Diadema,SP,9950.0,"78,90",0,0,0,0,"-10,26",0,0,0,"68,64",Janeiro,2026
12/01/2026,25432120141,Pedido,702-0385443-1108216,BT-HCTV-ZOJY,"Planner 2026 Napolitano - Planejamento Anual com Roda da Vida A5, Gestão Financeira, Organização Pessoal, Metas e Saúde, Capa Dura Laminada, Agend",1.0,amazon.com.br,Visa Crédito,Vendedor,Brasília,DF,70686.0,"78,90",0,0,0,0,"-10,26",0,0,0,"68,64",Janeiro,2026
12/01/2026,25432120141,Pedido,702-2137787-8812209,UN-GE1Q-635D,Planner 2026 - Life Capa Dura com Controle Financeiro e Roda da Vida (Capa 01),1.0,amazon.com.br,Visa Crédito,Vendedor,Brasília,DF,70854.0,"78,90",0,0,0,0,"-10,26",0,0,0,"68,64",Janeiro,2026
12/01/2026,25432011241,Pedido,702-2936159-6495461,N3-Y3CG-4CQP,Planner 2026 - Floresça que inspira leveza e organização!,1.0,amazon.com.br,Boleto,Amazon,Taubaté,SP,12071.0,"78,90","8,90",0,"-8,90",0,"-10,26",0,0,0,"68,64",Janeiro,2026
12/01/2026,25432528481,Reembolso,702-6667401-3937042,9X-HUC9-I83L,"Planner 2026 - Respire, floresça, torne-se - um planner para sua melhor versão!",1.0,amazon.com.br,Crédito Mastercard e outros,Vendedor,Caxias do Sul,RS,95010.0,"-78,90",0,0,0,0,"8,21",0,0,0,"-70,69",Janeiro,2026
12/01/2026,25432528481,Pedido,701-5810784-8067435,4K-3HFM-I3A1,Planner 2026 - Transforme seus dias com o planner que une beleza e funcionalidade Rosa,1.0,amazon.com.br,Crédito Mastercard e outros,Amazon,Rio de Janeiro,RJ,22260.0,"54,90",0,0,0,0,"-7,14",0,0,0,"47,76",Janeiro,2026
12/01/2026,25432103551,Pedido,702-5699627-5980257,LZ-XCCB-5AVH,"Controle Financeiro Flork: ""Linda, Forte e Corajosa"" (Roxo)",1.0,amazon.com.br,Elo,Amazon,Goiânia,GO,74366.0,"59,90",0,0,0,0,"-7,79",0,0,0,"52,11",Janeiro,2026
12/01/2026,25432528481,Pedido,701-8833409-9503427,OI-WF8T-IXUA,Planner 2026 - Transforme seus dias com o planner que une beleza e funcionalidade Azul,1.0,amazon.com.br,Crédito Mastercard e outros,Amazon,Belo Horizonte,MG,30575.0,"58,90",0,0,0,0,"-7,66",0,0,0,"51,24",Janeiro,2026
12/01/2026,25432011241,Pedido,702-7153523-5095418,MQ-STXD-11EM,"Planner Premium 2026 - Planejamento Anual com Roda da Vida A5, Gestão Financeira, Organização Pessoal, Metas e Saúde, Capa Dura Laminada, Agenda S",1.0,amazon.com.br,Boleto,Vendedor,São Paulo,São Paulo,4331.0,"68,90",0,0,0,0,"-8,96",0,0,0,"59,94",Janeiro,2026
12/01/2026,25432011241,Pedido,701-1318812-2969047,MQ-STXD-11EM,"Planner Premium 2026 - Planejamento Anual com Roda da Vida A5, Gestão Financeira, Organização Pessoal, Metas e Saúde, Capa Dura Laminada, Agenda S",1.0,amazon.com.br,Boleto,Vendedor,Maceió,AL,57062.0,"68,90","21,80",0,0,0,"-8,96",0,0,0,"81,74",Janeiro,2026
12/01/2026,25432528481,Pedido,701-8203916-2774632,4K-3HFM-I3A1,Planner 2026 - Transforme seus dias com o planner que une beleza e funcionalidade Rosa,1.0,amazon.com.br,Crédito Mastercard e outros,Amazon,Salvador,BA,41230.0,"78,90",0,0,0,0,"-10,26",0,0,0,"68,64",Janeiro,2026
12/01/2026,25432011241,Pedido,702-6857859-9039409,AA-2SEI-HBU9,"Planner 2026 - Delicado por fora, poderoso por dentro - organize-se com encanto!",1.0,amazon.com.br,Boleto,Vendedor,Paracatu,MG,38600.0,"78,90",0,0,0,0,"-10,26",0,0,0,"68,64",Janeiro,2026
12/01/2026,25432528481,Pedido,702-5474005-9993041,4K-3HFM-I3A1,Planner 2026 - Transforme seus dias com o planner que une beleza e funcionalidade Rosa,1.0,amazon.com.br,Crédito Mastercard e outros,Amazon,Londrina,PR,86061.0,"54,90",0,0,0,0,"-7,14",0,0,0,"47,76",Janeiro,2026
12/01/2026,25432120141,Pedido,701-6009463-2330627,OI-WF8T-IXUA,Planner 2026 - Transforme seus dias com o planner que une beleza e funcionalidade Azul,1.0,amazon.com.br,Visa Crédito,Amazon,Goiânia,GO,74354.0,"58,90",0,0,0,0,"-7,66",0,0,0,"51,24",Janeiro,2026
12/01/2026,25432528481,Pedido,701-5779926-3570619,7I-1FLT-DOZ6,Planner 2026 - Transforme seus dias com o planner que une beleza e funcionalidade,1.0,amazon.com.br,Crédito Mastercard e outros,Amazon,Belo Horizonte,MG,30626.0,"78,90",0,0,0,0,"-10,26",0,0,0,"68,64",Janeiro,2026
12/01/2026,25432528481,Pedido,702-3460245-8284260,ON-V5Q7-KFQN,"Planner 2026 - Um planner para viver com mais cor, equilíbrio e inspiração.",1.0,amazon.com.br,Crédito Mastercard e outros,Amazon,Paranaguá,PR,83206.0,"78,90","6,26",0,"-6,26",0,"-10,26",0,0,0,"68,64",Janeiro,2026
12/01/2026,25432528481,Pedido,702-4978737-6086644,14-02SK-RART,Caderno De Anotações - 200 Pag - Flores Naturais,1.0,amazon.com.br,Crédito Mastercard e outros,Amazon,Brasília,DF,72428.0,"68,90",0,0,0,0,"-8,96",0,0,0,"59,94",Janeiro,2026
12/01/2026,25432011241,Pedido,702-9837872-0235454,7I-1FLT-DOZ6,Planner 2026 - Transforme seus dias com o planner que une beleza e funcionalidade,1.0,amazon.com.br,Boleto,Amazon,Belo Horizonte,Minas Gerais,30720.0,"78,90",0,0,0,0,"-10,26",0,0,0,"68,64",Janeiro,2026
12/01/2026,25432120141,Pedido,702-8552241-5024217,0Q-EK6Z-SV84,"Planner 2026 Floral - Planejamento Anual com Roda da Vida A5, Gestão Financeira, Organização Pessoal, Metas e Saúde, Capa Dura Laminada, Agenda Se",1.0,amazon.com.br,Visa Crédito,Vendedor,Paranatinga,MT,78870.0,"78,90","21,57",0,0,0,"-10,26",0,0,0,"90,21",Janeiro,2026
12/01/2026,25432011241,Pedido,701-9296568-3294659,4K-3HFM-I3A1,Planner 2026 - Transforme seus dias com o planner que une beleza e funcionalidade Rosa,1.0,amazon.com.br,Boleto,Amazon,Manaus,AM,69099.0,"54,90",0,0,0,0,"-7,14",0,0,0,"47,76",Janeiro,2026
12/01/2026,25432120141,Pedido,701-2145779-3648200,AA-2SEI-HBU9,"Planner 2026 - Delicado por fora, poderoso por dentro - organize-se com encanto!",1.0,amazon.com.br,Visa Crédito,Vendedor,Brasília,DF,70687.0,"78,90",0,0,0,0,"-10,26",0,0,0,"68,64",Janeiro,2026
12/01/2026,25432528481,Pedido,701-3562827-0148233,UN-GE1Q-635D,Planner 2026 - Life Capa Dura com Controle Financeiro e Roda da Vida (Capa 01),1.0,amazon.com.br,Crédito Mastercard e outros,Vendedor,Goiânia,GO,74845.0,"78,90","21,84",0,0,0,"-10,26",0,0,0,"90,48",Janeiro,2026
12/01/2026,25432120141,Pedido,701-5863134-0077010,YL-NANJ-F7TC,"Caderno Preto 20x20cm - Scrapbook Álbum De Fotos Preto 20 Folhas / 40 Páginas - Gramatura 200, Folhas Grossas",1.0,amazon.com.br,Visa Crédito,Amazon,Manaus,AM,69057.0,"68,90","8,90",0,"-8,90",0,"-8,27",0,0,0,"60,63",Janeiro,2026
12/01/2026,25432120141,Pedido,701-5647440-7020202,UN-GE1Q-635D,Planner 2026 - Life Capa Dura com Controle Financeiro e Roda da Vida (Capa 01),1.0,amazon.com.br,Visa Crédito,Vendedor,Itapevi,SP,6657.0,"78,90",0,0,0,0,"-10,26",0,0,0,"68,64",Janeiro,2026
12/01/2026,25432528481,Serviços de Envio,701-5253137-5441049,,Tarifa de manuseio com base no peso Delivery by Amazon,,Amazon.com.br,Crédito Mastercard e outros,Vendedor,,,,0,0,0,0,0,0,0,"-6,75",0,"-6,75",Janeiro,2026
12/01/2026,25432528481,Serviços de Envio,701-5253137-5441049,,Estorno do frete pago pelo comprador,,Amazon.com.br,Crédito Mastercard e outros,Vendedor,,,,0,0,0,0,0,0,0,0,0,0,Janeiro,2026
12/01/2026,25432528481,Serviços de Envio,701-1436264-8568217,,Tarifa de manuseio com base no peso Delivery by Amazon,,Amazon.com.br,Crédito Mastercard e outros,Vendedor,,,,0,0,0,0,0,0,0,"-6,75",0,"-6,75",Janeiro,2026
12/01/2026,25432528481,Serviços de Envio,701-1436264-8568217,,Estorno do frete pago pelo comprador,,Amazon.com.br,Crédito Mastercard e outros,Vendedor,,,,0,0,0,0,0,0,0,0,0,0,Janeiro,2026
12/01/2026,25432528481,Serviços de Envio,702-0094190-7253842,,Tarifa de manuseio com base no peso Delivery by Amazon,,Amazon.com.br,Crédito Mastercard e outros,Vendedor,,,,0,0,0,0,0,0,0,"-6,75",0,"-6,75",Janeiro,2026
12/01/2026,25432528481,Serviços de Envio,702-0094190-7253842,,Estorno do frete pago pelo comprador,,Amazon.com.br,Crédito Mastercard e outros,Vendedor,,,,0,0,0,0,0,0,0,0,0,0,Janeiro,2026
12/01/2026,25432528481,Serviços de Envio,701-4565774-0451466,,Tarifa de manuseio com base no peso Delivery by Amazon,,Amazon.com.br,Crédito Mastercard e outros,Vendedor,,,,0,0,0,0,0,0,0,"-6,75",0,"-6,75",Janeiro,2026
12/01/2026,25432528481,Serviços de Envio,701-4565774-0451466,,Estorno do frete pago pelo comprador,,Amazon.com.br,Crédito Mastercard e outros,Vendedor,,,,0,0,0,0,0,0,0,0,0,0,Janeiro,2026
12/01/2026,25432528481,Serviços de Envio,701-1365985-0694602,,Tarifa de manuseio com base no peso Delivery by Amazon,,Amazon.com.br,Crédito Mastercard e outros,Vendedor,,,,0,0,0,0,0,0,0,"-6,75",0,"-6,75",Janeiro,2026
12/01/2026,25432528481,Serviços de Envio,701-1365985-0694602,,Estorno do frete pago pelo comprador,,Amazon.com.br,Crédito Mastercard e outros,Vendedor,,,,0,0,0,0,0,0,0,0,0,0,Janeiro,2026
12/01/2026,25432528481,Serviços de Envio,702-5285948-4087447,,Tarifa de manuseio com base no peso Delivery by Amazon,,Amazon.com.br,Crédito Mastercard e outros,Vendedor,,,,0,0,0,0,0,0,0,"-6,75",0,"-6,75",Janeiro,2026
12/01/2026,25432528481,Serviços de Envio,702-5285948-4087447,,Estorno do frete pago pelo comprador,,Amazon.com.br,Crédito Mastercard e outros,Vendedor,,,,0,0,0,0,0,0,0,"-22,02",0,"-22,02",Janeiro,2026
12/01/2026,25432528481,Pedido,702-4828482-7315436,J7-1RCD-8P3P,Scrapbook Kraft 20x20: Crie Seu Álbum Artesanal Único,1.0,amazon.com.br,Crédito Mastercard e outros,Amazon,Paulínia,SP,13142.0,"68,90",0,0,0,0,"-8,27",0,0,0,"60,63",Janeiro,2026
12/01/2026,25432528481,Serviços de Envio,701-4460655-3883401,,Tarifa de manuseio com base no peso Delivery by Amazon,,Amazon.com.br,Crédito Mastercard e outros,Vendedor,,,,0,0,0,0,0,0,0,"-6,75",0,"-6,75",Janeiro,2026
12/01/2026,25432528481,Serviços de Envio,701-4460655-3883401,,Estorno do frete pago pelo comprador,,Amazon.com.br,Crédito Mastercard e outros,Vendedor,,,,0,0,0,0,0,0,0,0,0,0,Janeiro,2026
12/01/2026,25432528481,Serviços de Envio,702-1546640-6484238,,Tarifa de manuseio com base no peso Delivery by Amazon,,Amazon.com.br,Crédito Mastercard e outros,Vendedor,,,,0,0,0,0,0,0,0,"-6,75",0,"-6,75",Janeiro,2026
12/01/2026,25432528481,Serviços de Envio,702-1546640-6484238,,Estorno do frete pago pelo comprador,,Amazon.com.br,Crédito Mastercard e outros,Vendedor,,,,0,0,0,0,0,0,0,0,0,0,Janeiro,2026
12/01/2026,25432528481,Serviços de Envio,701-0254401-8777815,,Tarifa de manuseio com base no peso Delivery by Amazon,,Amazon.com.br,Crédito Mastercard e outros,Vendedor,,,,0,0,0,0,0,0,0,"-6,75",0,"-6,75",Janeiro,2026
12/01/2026,25432528481,Serviços de Envio,701-0254401-8777815,,Estorno do frete pago pelo comprador,,Amazon.com.br,Crédito Mastercard e outros,Vendedor,,,,0,0,0,0,0,0,0,"-22,02",0,"-22,02",Janeiro,2026
12/01/2026,25432528481,Serviços de Envio,701-8907824-0913054,,Tarifa de manuseio com base no peso Delivery by Amazon,,Amazon.com.br,Crédito Mastercard e outros,Vendedor,,,,0,0,0,0,0,0,0,"-6,75",0,"-6,75",Janeiro,2026
12/01/2026,25432528481,Serviços de Envio,701-8907824-0913054,,Estorno do frete pago pelo comprador,,Amazon.com.br,Crédito Mastercard e outros,Vendedor,,,,0,0,0,0,0,0,0,0,0,0,Janeiro,2026
12/01/2026,25432528481,Serviços de Envio,701-6499375-2453842,,Tarifa de manuseio com base no peso Delivery by Amazon,,Amazon.com.br,Crédito Mastercard e outros,Vendedor,,,,0,0,0,0,0,0,0,"-6,75",0,"-6,75",Janeiro,2026
12/01/2026,25432528481,Serviços de Envio,701-6499375-2453842,,Estorno do frete pago pelo comprador,,Amazon.com.br,Crédito Mastercard e outros,Vendedor,,,,0,0,0,0,0,0,0,"-34,49",0,"-34,49",Janeiro,2026
12/01/2026,25432528481,Serviços de Envio,702-5631100-9362604,,Tarifa de manuseio com base no peso Delivery by Amazon,,Amazon.com.br,Crédito Mastercard e outros,Vendedor,,,,0,0,0,0,0,0,0,"-6,75",0,"-6,75",Janeiro,2026
12/01/2026,25432528481,Serviços de Envio,702-5631100-9362604,,Estorno do frete pago pelo comprador,,Amazon.com.br,Crédito Mastercard e outros,Vendedor,,,,0,0,0,0,0,0,0,"-35,99",0,"-35,99",Janeiro,2026
12/01/2026,25432528481,Serviços de Envio,701-2583303-5930642,,Tarifa de manuseio com base no peso Delivery by Amazon,,Amazon.com.br,Crédito Mastercard e outros,Vendedor,,,,0,0,0,0,0,0,0,"-6,75",0,"-6,75",Janeiro,2026
12/01/2026,25432528481,Serviços de Envio,701-2583303-5930642,,Estorno do frete pago pelo comprador,,Amazon.com.br,Crédito Mastercard e outros,Vendedor,,,,0,0,0,0,0,0,0,"-8,33",0,"-8,33",Janeiro,2026
12/01/2026,25432528481,Serviços de Envio,701-8008479-4462651,,Tarifa de manuseio com base no peso Delivery by Amazon,,Amazon.com.br,Crédito Mastercard e outros,Vendedor,,,,0,0,0,0,0,0,0,"-6,75",0,"-6,75",Janeiro,2026
12/01/2026,25432528481,Serviços de Envio,701-8008479-4462651,,Estorno do frete pago pelo comprador,,Amazon.com.br,Crédito Mastercard e outros,Vendedor,,,,0,0,0,0,0,0,0,0,0,0,Janeiro,2026
12/01/2026,25432528481,Serviços de Envio,701-9921152-8253836,,Tarifa de manuseio com base no peso Delivery by Amazon,,Amazon.com.br,Crédito Mastercard e outros,Vendedor,,,,0,0,0,0,0,0,0,"-6,75",0,"-6,75",Janeiro,2026
12/01/2026,25432528481,Serviços de Envio,701-9921152-8253836,,Estorno do frete pago pelo comprador,,Amazon.com.br,Crédito Mastercard e outros,Vendedor,,,,0,0,0,0,0,0,0,0,0,0,Janeiro,2026
12/01/2026,25432528481,Serviços de Envio,702-3906947-6896262,,Tarifa de manuseio com base no peso Delivery by Amazon,,Amazon.com.br,Crédito Mastercard e outros,Vendedor,,,,0,0,0,0,0,0,0,"-6,75",0,"-6,75",Janeiro,2026
12/01/2026,25432528481,Serviços de Envio,702-3906947-6896262,,Estorno do frete pago pelo comprador,,Amazon.com.br,Crédito Mastercard e outros,Vendedor,,,,0,0,0,0,0,0,0,0,0,0,Janeiro,2026
12/01/2026,25432528481,Serviços de Envio,702-4628259-4117828,,Tarifa de manuseio com base no peso Delivery by Amazon,,Amazon.com.br,Crédito Mastercard e outros,Vendedor,,,,0,0,0,0,0,0,0,"-6,75",0,"-6,75",Janeiro,2026
12/01/2026,25432528481,Serviços de Envio,702-4628259-4117828,,Estorno do frete pago pelo comprador,,Amazon.com.br,Crédito Mastercard e outros,Vendedor,,,,0,0,0,0,0,0,0,0,0,0,Janeiro,2026
12/01/2026,25432528481,Serviços de Envio,701-6404062-0045825,,Tarifa de manuseio com base no peso Delivery by Amazon,,Amazon.com.br,Crédito Mastercard e outros,Vendedor,,,,0,0,0,0,0,0,0,"-6,75",0,"-6,75",Janeiro,2026
12/01/2026,25432528481,Serviços de Envio,701-6404062-0045825,,Estorno do frete pago pelo comprador,,Amazon.com.br,Crédito Mastercard e outros,Vendedor,,,,0,0,0,0,0,0,0,0,0,0,Janeiro,2026
12/01/2026,25432528481,Serviços de Envio,702-3670701-3081060,,Tarifa de manuseio com base no peso Delivery by Amazon,,Amazon.com.br,Crédito Mastercard e outros,Vendedor,,,,0,0,0,0,0,0,0,"-6,75",0,"-6,75",Janeiro,2026
12/01/2026,25432528481,Serviços de Envio,702-3670701-3081060,,Estorno do frete pago pelo comprador,,Amazon.com.br,Crédito Mastercard e outros,Vendedor,,,,0,0,0,0,0,0,0,0,0,0,Janeiro,2026
12/01/2026,25432528481,Serviços de Envio,701-8180441-0305844,,Tarifa de manuseio com base no peso Delivery by Amazon,,Amazon.com.br,Crédito Mastercard e outros,Vendedor,,,,0,0,0,0,0,0,0,"-6,75",0,"-6,75",Janeiro,2026
12/01/2026,25432528481,Serviços de Envio,701-8180441-0305844,,Estorno do frete pago pelo comprador,,Amazon.com.br,Crédito Mastercard e outros,Vendedor,,,,0,0,0,0,0,0,0,0,0,0,Janeiro,2026
12/01/2026,25432528481,Serviços de Envio,702-1945894-2396218,,Tarifa de manuseio com base no peso Delivery by Amazon,,Amazon.com.br,Crédito Mastercard e outros,Vendedor,,,,0,0,0,0,0,0,0,"-6,75",0,"-6,75",Janeiro,2026
12/01/2026,25432528481,Serviços de Envio,702-1945894-2396218,,Estorno do frete pago pelo comprador,,Amazon.com.br,Crédito Mastercard e outros,Vendedor,,,,0,0,0,0,0,0,0,0,0,0,Janeiro,2026
12/01/2026,25432528481,Serviços de Envio,701-0037236-1689038,,Tarifa de manuseio com base no peso Delivery by Amazon,,Amazon.com.br,Crédito Mastercard e outros,Vendedor,,,,0,0,0,0,0,0,0,"-6,75",0,"-6,75",Janeiro,2026
12/01/2026,25432528481,Serviços de Envio,701-0037236-1689038,,Estorno do frete pago pelo comprador,,Amazon.com.br,Crédito Mastercard e outros,Vendedor,,,,0,0,0,0,0,0,0,0,0,0,Janeiro,2026
12/01/2026,25432528481,Serviços de Envio,702-8140731-3197835,,Tarifa de manuseio com base no peso Delivery by Amazon,,Amazon.com.br,Crédito Mastercard e outros,Vendedor,,,,0,0,0,0,0,0,0,"-6,75",0,"-6,75",Janeiro,2026
12/01/2026,25432528481,Serviços de Envio,702-8140731-3197835,,Estorno do frete pago pelo comprador,,Amazon.com.br,Crédito Mastercard e outros,Vendedor,,,,0,0,0,0,0,0,0,0,0,0,Janeiro,2026
12/01/2026,25432528481,Serviços de Envio,701-6026493-2831467,,Tarifa de manuseio com base no peso Delivery by Amazon,,Amazon.com.br,Crédito Mastercard e outros,Vendedor,,,,0,0,0,0,0,0,0,"-6,75",0,"-6,75",Janeiro,2026
12/01/2026,25432528481,Serviços de Envio,701-6026493-2831467,,Estorno do frete pago pelo comprador,,Amazon.com.br,Crédito Mastercard e outros,Vendedor,,,,0,0,0,0,0,0,0,0,0,0,Janeiro,2026
12/01/2026,25432528481,Serviços de Envio,701-4438552-3375405,,Tarifa de manuseio com base no peso Delivery by Amazon,,Amazon.com.br,Crédito Mastercard e outros,Vendedor,,,,0,0,0,0,0,0,0,"-6,75",0,"-6,75",Janeiro,2026
12/01/2026,25432528481,Serviços de Envio,701-4438552-3375405,,Estorno do frete pago pelo comprador,,Amazon.com.br,Crédito Mastercard e outros,Vendedor,,,,0,0,0,0,0,0,0,0,0,0,Janeiro,2026
12/01/2026,25432528481,Serviços de Envio,701-8631729-7097032,,Tarifa de manuseio com base no peso Delivery by Amazon,,Amazon.com.br,Crédito Mastercard e outros,Vendedor,,,,0,0,0,0,0,0,0,"-6,75",0,"-6,75",Janeiro,2026
12/01/2026,25432528481,Serviços de Envio,701-8631729-7097032,,Estorno do frete pago pelo comprador,,Amazon.com.br,Crédito Mastercard e outros,Vendedor,,,,0,0,0,0,0,0,0,0,0,0,Janeiro,2026
12/01/2026,25432528481,Serviços de Envio,701-4168063-2126626,,Tarifa de manuseio com base no peso Delivery by Amazon,,Amazon.com.br,Crédito Mastercard e outros,Vendedor,,,,0,0,0,0,0,0,0,"-6,75",0,"-6,75",Janeiro,2026
12/01/2026,25432528481,Serviços de Envio,701-4168063-2126626,,Estorno do frete pago pelo comprador,,Amazon.com.br,Crédito Mastercard e outros,Vendedor,,,,0,0,0,0,0,0,0,0,0,0,Janeiro,2026
12/01/2026,25432528481,Serviços de Envio,701-9256051-0792203,,Tarifa de manuseio com base no peso Delivery by Amazon,,Amazon.com.br,Crédito Mastercard e outros,Vendedor,,,,0,0,0,0,0,0,0,"-6,75",0,"-6,75",Janeiro,2026
12/01/2026,25432528481,Serviços de Envio,701-9256051-0792203,,Estorno do frete pago pelo comprador,,Amazon.com.br,Crédito Mastercard e outros,Vendedor,,,,0,0,0,0,0,0,0,"-22,51",0,"-22,51",Janeiro,2026
12/01/2026,25432528481,Serviços de Envio,701-0884811-8225823,,Tarifa de manuseio com base no peso Delivery by Amazon,,Amazon.com.br,Crédito Mastercard e outros,Vendedor,,,,0,0,0,0,0,0,0,"-6,75",0,"-6,75",Janeiro,2026
12/01/2026,25432528481,Serviços de Envio,701-0884811-8225823,,Estorno do frete pago pelo comprador,,Amazon.com.br,Crédito Mastercard e outros,Vendedor,,,,0,0,0,0,0,0,0,"-21,94",0,"-21,94",Janeiro,2026
12/01/2026,25432528481,Serviços de Envio,701-6434811-0433853,,Tarifa de manuseio com base no peso Delivery by Amazon,,Amazon.com.br,Crédito Mastercard e outros,Vendedor,,,,0,0,0,0,0,0,0,"-6,75",0,"-6,75",Janeiro,2026
12/01/2026,25432528481,Serviços de Envio,701-6434811-0433853,,Estorno do frete pago pelo comprador,,Amazon.com.br,Crédito Mastercard e outros,Vendedor,,,,0,0,0,0,0,0,0,0,0,0,Janeiro,2026
12/01/2026,25432528481,Serviços de Envio,702-3981819-0305024,,Tarifa de manuseio com base no peso Delivery by Amazon,,Amazon.com.br,Crédito Mastercard e outros,Vendedor,,,,0,0,0,0,0,0,0,"-6,75",0,"-6,75",Janeiro,2026
12/01/2026,25432528481,Serviços de Envio,702-3981819-0305024,,Estorno do frete pago pelo comprador,,Amazon.com.br,Crédito Mastercard e outros,Vendedor,,,,0,0,0,0,0,0,0,0,0,0,Janeiro,2026
12/01/2026,25432528481,Pedido,701-0670838-2826611,DV-9MDQ-YD9E,Scrapbook Álbum De Fotos Preto 20 Folhas / 40 Páginas,1.0,amazon.com.br,Crédito Mastercard e outros,Amazon,Rio de Janeiro,Rio De Janeiro,22790.0,"78,90",0,0,0,0,"-9,47",0,0,0,"69,43",Janeiro,2026
12/01/2026,25407404181,Pedido,702-8281781-7821002,WC-0G0K-5CCC,"Planner Financeiro Mensal Datado 2026, Roda Da Vida A5 -Planejamento anual, Organização pessoal Metas e objetivos, Gestão financeira Monitoramento",1.0,amazon.com.br,Amex,Vendedor,Campo Bom,RS,93701.0,"75,90",0,0,0,0,"-9,87",0,0,0,"66,03",Janeiro,2026
12/01/2026,25432120141,Pedido,702-0548483-2757042,9X-HUC9-I83L,"Planner 2026 - Respire, floresça, torne-se - um planner para sua melhor versão!",1.0,amazon.com.br,Visa Crédito,Vendedor,Cambuí,MG,37600.0,"78,90",0,0,0,0,"-10,26",0,0,0,"68,64",Janeiro,2026
12/01/2026,25432528481,Pedido,702-1379489-3853845,RA-KICF-0Q47,"Caderno Preto 20x20cm - Scrapbook Álbum De Fotos Preto 20 Folhas / 40 Páginas - Gramatura 200, Folhas Grossas",1.0,amazon.com.br,Crédito Mastercard e outros,Vendedor,Brasília,DF,70730.0,"58,90",0,0,0,0,"-7,07",0,0,0,"51,83",Janeiro,2026
12/01/2026,25432011241,Reembolso,702-3053494-7705020,NE-POTU-KWNU,"Planner Financeiro Mensal Datado 2026, Roda Da Vida A5 - Planner premium Agenda 2026 Planejamento anual Organização pessoal Metas e objetivos Gestã",1.0,amazon.com.br,Boleto,Amazon,Imperatriz,MA,65907.0,"-51,90",0,0,0,0,"5,40",0,0,0,"-46,50",Janeiro,2026
12/01/2026,25432120141,Pedido,702-8055451-5695436,Q5-ZAFB-NUEF,"Planner 2026 - Respire, floresça, torne-se - um planner para sua melhor versão!",1.0,amazon.com.br,Visa Crédito,Amazon,São Paulo,SP,3222.0,"78,90",0,0,0,0,"-10,26",0,0,0,"68,64",Janeiro,2026
12/01/2026,25432528481,Reembolso,701-6193419-6509866,7I-1FLT-DOZ6,Planner 2026 - Transforme seus dias com o planner que une beleza e funcionalidade,1.0,amazon.com.br,Crédito Mastercard e outros,Amazon,Salvador,BA,41810.0,"-78,90",0,0,0,0,"8,21",0,0,0,"-70,69",Janeiro,2026
12/01/2026,25432120141,Pedido,701-9784032-7162611,92-CTAN-4AJQ,Caderno Scrapbook - 20 Folhas - Livro De Assinatura Folhas Pretas 20x19 Álbum De Fotos Scrapbook Preto 40 Páginas - 20x19,2.0,amazon.com.br,Visa Crédito,Amazon,Manaus,AM,69057.0,"157,80","8,90",0,"-8,90",0,"-18,94",0,0,0,"138,86",Janeiro,2026
12/01/2026,25432528481,Pedido,701-9111688-3250664,HE-SAFO-BF3P,Agenda 2026 1 Dia Por Folha Com Horario Coleção Inspire,1.0,amazon.com.br,Crédito Mastercard e outros,Amazon,Aracaju,SE,49037.0,"58,90",0,0,0,0,"-7,66",0,0,0,"51,24",Janeiro,2026
12/01/2026,25432120141,Pedido,702-5805526-2445033,4S-C6M7-1NCT,Planner 2026 Amarelo - Life Capa Dura com Controle Financeiro e Roda da Vida,1.0,amazon.com.br,Visa Crédito,Vendedor,Maceió,AL,57051.0,"78,90","21,57",0,0,0,"-10,26",0,0,0,"90,21",Janeiro,2026
12/01/2026,25432120141,Pedido,702-6902002-0205026,JC-LA79-2HC8,"Caderno Espiral Capa Dura, A5 210x150mm, 80 Folhas, Van gogh, Frases estoicas (Capa 2)",1.0,amazon.com.br,Visa Crédito,Amazon,Brasília,DF,70680.0,"35,90",0,0,0,0,"-4,67",0,0,0,"31,23",Janeiro,2026
12/01/2026,25432120141,Pedido,702-7890772-1509048,N3-Y3CG-4CQP,Planner 2026 - Floresça que inspira leveza e organização!,1.0,amazon.com.br,Visa Crédito,Amazon,Taguatinga,TO,77320.0,"78,90",0,0,0,0,"-10,26",0,0,0,"68,64",Janeiro,2026
12/01/2026,25432528481,Pedido,701-6193419-6509866,7I-1FLT-DOZ6,Planner 2026 - Transforme seus dias com o planner que une beleza e funcionalidade,1.0,amazon.com.br,Crédito Mastercard e outros,Amazon,Salvador,BA,41810.0,"78,90",0,0,0,0,"-10,26",0,0,0,"68,64",Janeiro,2026
13/01/2026,25407404181,Pedido,701-1987986-3251428,40-PFRU-I378,Álbum De Fotos Scrapbook 20x19 Livro De Assinaturas Cor:Preto,1.0,amazon.com.br,Amex,Vendedor,Manaus,AM,69057.0,"73,90","31,50",0,0,0,"-8,87",0,0,0,"96,53",Janeiro,2026
13/01/2026,25432528481,Pedido,702-2787615-1657821,BT-HCTV-ZOJY,"Planner 2026 Napolitano - Planejamento Anual com Roda da Vida A5, Gestão Financeira, Organização Pessoal, Metas e Saúde, Capa Dura Laminada, Agend",1.0,amazon.com.br,Crédito Mastercard e outros,Vendedor,Belo Horizonte,MG,31580.0,"78,90",0,0,0,0,"-10,26",0,0,0,"68,64",Janeiro,2026
13/01/2026,25432011241,Pedido,702-3941767-5807426,AA-2SEI-HBU9,"Planner 2026 - Delicado por fora, poderoso por dentro - organize-se com encanto!",1.0,amazon.com.br,Boleto,Vendedor,Ubá,MG,36501.0,"78,90",0,0,0,0,"-10,26",0,0,0,"68,64",Janeiro,2026
13/01/2026,25432528481,Pedido,702-1005070-8005846,MQ-STXD-11EM,"Planner Premium 2026 - Planejamento Anual com Roda da Vida A5, Gestão Financeira, Organização Pessoal, Metas e Saúde, Capa Dura Laminada, Agenda S",1.0,amazon.com.br,Crédito Mastercard e outros,Vendedor,Muriaé,MG,36892.0,"68,90",0,0,0,0,"-8,96",0,0,0,"59,94",Janeiro,2026
13/01/2026,25432103551,Pedido,701-6531798-2883457,OI-WF8T-IXUA,Planner 2026 - Transforme seus dias com o planner que une beleza e funcionalidade Azul,1.0,amazon.com.br,Elo,Amazon,Anápolis,GO,75114.0,"58,90",0,0,0,0,"-7,66",0,0,0,"51,24",Janeiro,2026
13/01/2026,25432528481,Pedido,701-6569727-6357007,MQ-STXD-11EM,"Planner Premium 2026 - Planejamento Anual com Roda da Vida A5, Gestão Financeira, Organização Pessoal, Metas e Saúde, Capa Dura Laminada, Agenda S",1.0,amazon.com.br,Crédito Mastercard e outros,Vendedor,Ivoti,RS,93900.0,"68,90",0,0,0,0,"-8,96",0,0,0,"59,94",Janeiro,2026
13/01/2026,25432103551,Pedido,701-2102781-1209011,MQ-STXD-11EM,"Planner Premium 2026 - Planejamento Anual com Roda da Vida A5, Gestão Financeira, Organização Pessoal, Metas e Saúde, Capa Dura Laminada, Agenda S",1.0,amazon.com.br,Elo,Vendedor,Guarulhos,SP,7075.0,"68,90",0,0,0,0,"-8,96",0,0,0,"59,94",Janeiro,2026
13/01/2026,25432120141,Pedido,701-6205896-1190612,H2-QF9W-3BSI,Planner 2026 - Cada flor no seu tempo: planeje o ano com calma e propósito.,1.0,amazon.com.br,Visa Crédito,Amazon,São Félix do Araguaia,MT,78670.0,"78,90",0,0,0,0,"-10,26",0,0,0,"68,64",Janeiro,2026
13/01/2026,25432120141,Pedido,701-5434364-8603456,ON-V5Q7-KFQN,"Planner 2026 - Um planner para viver com mais cor, equilíbrio e inspiração.",1.0,amazon.com.br,Visa Crédito,Amazon,Fortaleza,CE,60822.0,"78,90","8,90",0,"-8,90",0,"-10,26",0,0,0,"68,64",Janeiro,2026
13/01/2026,25432528481,Pedido,701-5459589-2631463,CV-BL1K-YYFH,Planner 2026 - Seu novo começo começa aqui - o planner que floresce com você.,1.0,amazon.com.br,Crédito Mastercard e outros,Amazon,SÃO GONÇALO DO AMARANTE,CE,62670.0,"78,90",0,0,0,0,"-10,26",0,0,0,"68,64",Janeiro,2026
13/01/2026,25432011241,Pedido,702-0980098-2474657,H2-QF9W-3BSI,Planner 2026 - Cada flor no seu tempo: planeje o ano com calma e propósito.,1.0,amazon.com.br,Boleto,Amazon,Parobé,RS,95630.0,"78,90",0,0,0,0,"-10,26",0,0,0,"68,64",Janeiro,2026
13/01/2026,25432011241,Pedido,701-9599222-2643433,BT-HCTV-ZOJY,"Planner 2026 Napolitano - Planejamento Anual com Roda da Vida A5, Gestão Financeira, Organização Pessoal, Metas e Saúde, Capa Dura Laminada, Agend",1.0,amazon.com.br,Boleto,Vendedor,Taboão da Serra,SP,6780.0,"78,90",0,0,0,0,"-10,26",0,0,0,"68,64",Janeiro,2026
13/01/2026,25432120141,Pedido,702-2800804-2895431,4K-3HFM-I3A1,Planner 2026 - Transforme seus dias com o planner que une beleza e funcionalidade Rosa,1.0,amazon.com.br,Visa Crédito,Amazon,Recife,PE,52050.0,"54,90",0,0,0,0,"-7,14",0,0,0,"47,76",Janeiro,2026
13/01/2026,25432011241,Pedido,702-7622091-3713033,HE-SAFO-BF3P,Agenda 2026 1 Dia Por Folha Com Horario Coleção Inspire,1.0,amazon.com.br,Boleto,Amazon,São Paulo,SP,4836.0,"58,90",0,0,0,0,"-7,66",0,0,0,"51,24",Janeiro,2026
13/01/2026,25432528481,Pedido,701-7565165-9708242,MQ-STXD-11EM,"Planner Premium 2026 - Planejamento Anual com Roda da Vida A5, Gestão Financeira, Organização Pessoal, Metas e Saúde, Capa Dura Laminada, Agenda S",1.0,amazon.com.br,Crédito Mastercard e outros,Vendedor,Belo Horizonte,MG,31340.0,"68,90",0,0,0,0,"-8,96",0,0,0,"59,94",Janeiro,2026
13/01/2026,25432011241,Pedido,702-8249955-3469017,HE-SAFO-BF3P,Agenda 2026 1 Dia Por Folha Com Horario Coleção Inspire,1.0,amazon.com.br,Boleto,Amazon,Fortaleza,Ceará,60325.0,"58,90",0,0,0,0,"-7,66",0,0,0,"51,24",Janeiro,2026
13/01/2026,25432011241,Pedido,702-0710367-0117029,0Q-EK6Z-SV84,"Planner 2026 Floral - Planejamento Anual com Roda da Vida A5, Gestão Financeira, Organização Pessoal, Metas e Saúde, Capa Dura Laminada, Agenda Se",1.0,amazon.com.br,Boleto,Vendedor,Campinas,São Paulo,13044.0,"78,90",0,0,0,0,"-10,26",0,0,0,"68,64",Janeiro,2026
13/01/2026,25432011241,Pedido,702-2697982-2158662,MQ-STXD-11EM,"Planner Premium 2026 - Planejamento Anual com Roda da Vida A5, Gestão Financeira, Organização Pessoal, Metas e Saúde, Capa Dura Laminada, Agenda S",1.0,amazon.com.br,Boleto,Vendedor,Santo Antônio de Posse,SP,13834.0,"68,90",0,0,0,0,"-8,96",0,0,0,"59,94",Janeiro,2026
13/01/2026,25432528481,Pedido,702-6157549-5679405,MQ-STXD-11EM,"Planner Premium 2026 - Planejamento Anual com Roda da Vida A5, Gestão Financeira, Organização Pessoal, Metas e Saúde, Capa Dura Laminada, Agenda S",1.0,amazon.com.br,Crédito Mastercard e outros,Vendedor,Belo Horizonte,MG,31340.0,"68,90",0,0,0,0,"-8,96",0,0,0,"59,94",Janeiro,2026
13/01/2026,25432528481,Pedido,702-6980891-5487437,MQ-STXD-11EM,"Planner Premium 2026 - Planejamento Anual com Roda da Vida A5, Gestão Financeira, Organização Pessoal, Metas e Saúde, Capa Dura Laminada, Agenda S",1.0,amazon.com.br,Crédito Mastercard e outros,Vendedor,Parnamirim,RN,59148.0,"68,90","21,80",0,0,0,"-8,96",0,0,0,"81,74",Janeiro,2026
13/01/2026,25432011241,Pedido,701-6351684-9169847,MQ-STXD-11EM,"Planner Premium 2026 - Planejamento Anual com Roda da Vida A5, Gestão Financeira, Organização Pessoal, Metas e Saúde, Capa Dura Laminada, Agenda S",1.0,amazon.com.br,Boleto,Vendedor,São Paulo,SP,2076.0,"68,90",0,0,0,0,"-8,96",0,0,0,"59,94",Janeiro,2026
13/01/2026,25432011241,Pedido,702-7402810-8814624,RA-KICF-0Q47,"Caderno Preto 20x20cm - Scrapbook Álbum De Fotos Preto 20 Folhas / 40 Páginas - Gramatura 200, Folhas Grossas",1.0,amazon.com.br,Boleto,Vendedor,São Paulo,SP,3317.0,"58,90",0,0,0,0,"-7,07",0,0,0,"51,83",Janeiro,2026
13/01/2026,25432120141,Pedido,702-4169962-7141828,VQ-0TZ7-QK96,Planner 2026 - Floresça que inspira leveza e organização!,1.0,amazon.com.br,Visa Crédito,Vendedor,Fortaleza,CE,60192.0,"78,90","22,57",0,0,0,"-10,26",0,0,0,"91,21",Janeiro,2026
13/01/2026,25432528481,Pedido,702-0636687-2058637,S1-SAO6-CBNU,"Planner Financeiro Mensal Datado 2026, Roda Da Vida A5 - Planner premium Agenda 2026 Planejamento anual Organização pessoal Metas e objetivos Gestã",1.0,amazon.com.br,Crédito Mastercard e outros,Vendedor,Parnamirim,Rn,59151.0,"78,90","21,94",0,0,0,"-10,26",0,0,0,"90,58",Janeiro,2026
13/01/2026,25432011241,Pedido,702-5434462-5392261,Q5-ZAFB-NUEF,"Planner 2026 - Respire, floresça, torne-se - um planner para sua melhor versão!",1.0,amazon.com.br,Boleto,Amazon,Recife,PE,51160.0,"78,90",0,0,0,0,"-10,26",0,0,0,"68,64",Janeiro,2026
13/01/2026,25432528481,Pedido,702-5471965-6288212,AA-2SEI-HBU9,"Planner 2026 - Delicado por fora, poderoso por dentro - organize-se com encanto!",1.0,amazon.com.br,Crédito Mastercard e outros,Vendedor,São Paulo,SP,5089.0,"78,90",0,0,0,0,"-10,26",0,0,0,"68,64",Janeiro,2026
13/01/2026,25432528481,Pedido,701-2016388-2685850,YL-NANJ-F7TC,"Caderno Preto 20x20cm - Scrapbook Álbum De Fotos Preto 20 Folhas / 40 Páginas - Gramatura 200, Folhas Grossas",1.0,amazon.com.br,Crédito Mastercard e outros,Amazon,Campina Grande,PB,58423.0,"68,90","3,05",0,"-3,05",0,"-8,27",0,0,0,"60,63",Janeiro,2026
13/01/2026,25432528481,Pedido,702-8868052-9639434,0Q-EK6Z-SV84,"Planner 2026 Floral - Planejamento Anual com Roda da Vida A5, Gestão Financeira, Organização Pessoal, Metas e Saúde, Capa Dura Laminada, Agenda Se",1.0,amazon.com.br,Crédito Mastercard e outros,Vendedor,Diadema,SP,9980.0,"78,90",0,0,0,0,"-10,26",0,0,0,"68,64",Janeiro,2026
13/01/2026,25432120141,Pedido,702-2850165-8549842,AA-2SEI-HBU9,"Planner 2026 - Delicado por fora, poderoso por dentro - organize-se com encanto!",1.0,amazon.com.br,Visa Crédito,Vendedor,Florianópolis,SC,88040.0,"78,90",0,0,0,0,"-10,26",0,0,0,"68,64",Janeiro,2026
13/01/2026,25432528481,Pedido,702-4893466-7101026,PA-X2A6-EKO8,Planner 2026 - Seu novo começo começa aqui - o planner que floresce com você. Rosa,1.0,amazon.com.br,Crédito Mastercard e outros,Vendedor,São Paulo,SP,2353.0,"78,90",0,0,0,0,"-10,26",0,0,0,"68,64",Janeiro,2026
13/01/2026,25432528481,Pedido,702-0930276-8577033,OI-WF8T-IXUA,Planner 2026 - Transforme seus dias com o planner que une beleza e funcionalidade Azul,1.0,amazon.com.br,Crédito Mastercard e outros,Amazon,Arapiraca,AL,57301.0,"58,90",0,0,0,0,"-7,66",0,0,0,"51,24",Janeiro,2026
13/01/2026,25432528481,Pedido,702-4953217-9094627,0Q-EK6Z-SV84,"Planner 2026 Floral - Planejamento Anual com Roda da Vida A5, Gestão Financeira, Organização Pessoal, Metas e Saúde, Capa Dura Laminada, Agenda Se",1.0,amazon.com.br,Crédito Mastercard e outros,Vendedor,São Paulo,SP,5415.0,"78,90",0,0,0,0,"-10,26",0,0,0,"68,64",Janeiro,2026
13/01/2026,25432011241,Pedido,702-9190033-8315437,0Q-EK6Z-SV84,"Planner 2026 Floral - Planejamento Anual com Roda da Vida A5, Gestão Financeira, Organização Pessoal, Metas e Saúde, Capa Dura Laminada, Agenda Se",1.0,amazon.com.br,Boleto,Vendedor,São Paulo,SP,4246.0,"78,90",0,0,0,0,"-10,26",0,0,0,"68,64",Janeiro,2026
13/01/2026,25432120141,Pedido,701-0470340-6393027,AA-2SEI-HBU9,"Planner 2026 - Delicado por fora, poderoso por dentro - organize-se com encanto!",1.0,amazon.com.br,Visa Crédito,Vendedor,São Paulo,SP,4008.0,"78,90",0,0,0,0,"-10,26",0,0,0,"68,64",Janeiro,2026
13/01/2026,25432528481,Reembolsos,701-1663794-1398647,OR-QD8C-Y86U,Reembolso para pacotes extraviados,1.0,amazon.com.br,Crédito Mastercard e outros,Vendedor,,,,0,0,0,0,0,0,0,0,"59,90","59,90",Janeiro,2026
13/01/2026,25432011241,Pedido,701-6674912-8891456,RA-KICF-0Q47,"Caderno Preto 20x20cm - Scrapbook Álbum De Fotos Preto 20 Folhas / 40 Páginas - Gramatura 200, Folhas Grossas",1.0,amazon.com.br,Boleto,Vendedor,São Paulo,SP,8330.0,"58,90",0,0,0,0,"-7,07",0,0,0,"51,83",Janeiro,2026
13/01/2026,25432528481,Pedido,702-1973721-6664266,AA-2SEI-HBU9,"Planner 2026 - Delicado por fora, poderoso por dentro - organize-se com encanto!",1.0,amazon.com.br,Crédito Mastercard e outros,Vendedor,São Paulo,SP,1307.0,"78,90",0,0,0,0,"-10,26",0,0,0,"68,64",Janeiro,2026
13/01/2026,25432011241,Pedido,701-3886191-0225056,0Q-EK6Z-SV84,"Planner 2026 Floral - Planejamento Anual com Roda da Vida A5, Gestão Financeira, Organização Pessoal, Metas e Saúde, Capa Dura Laminada, Agenda Se",1.0,amazon.com.br,Boleto,Vendedor,São Paulo,SP,4001.0,"78,90",0,0,0,0,"-10,26",0,0,0,"68,64",Janeiro,2026
13/01/2026,25432011241,Pedido,701-4405924-1729047,JC-LA79-2HC8,"Caderno Espiral Capa Dura, A5 210x150mm, 80 Folhas, Van gogh, Frases estoicas (Capa 2)",1.0,amazon.com.br,Boleto,Amazon,Manaus,AM,69097.0,"35,90",0,0,0,0,"-4,67",0,0,0,"31,23",Janeiro,2026
13/01/2026,25432120141,Pedido,702-0962939-1829062,AA-2SEI-HBU9,"Planner 2026 - Delicado por fora, poderoso por dentro - organize-se com encanto!",1.0,amazon.com.br,Visa Crédito,Vendedor,Rio De Janeiro,Rj,24229.0,"78,90",0,0,0,0,"-10,26",0,0,0,"68,64",Janeiro,2026
13/01/2026,25432528481,Pedido,701-1351661-8377023,MQ-STXD-11EM,"Planner Premium 2026 - Planejamento Anual com Roda da Vida A5, Gestão Financeira, Organização Pessoal, Metas e Saúde, Capa Dura Laminada, Agenda S",1.0,amazon.com.br,Crédito Mastercard e outros,Vendedor,São Paulo,SP,4563.0,"68,90",0,0,0,0,"-8,96",0,0,0,"59,94",Janeiro,2026
13/01/2026,25432120141,Pedido,701-7998202-3577821,OI-WF8T-IXUA,Planner 2026 - Transforme seus dias com o planner que une beleza e funcionalidade Azul,1.0,amazon.com.br,Visa Crédito,Amazon,São Paulo,SP,4244.0,"58,90",0,0,0,0,"-7,66",0,0,0,"51,24",Janeiro,2026
13/01/2026,25432120141,Pedido,701-0780817-8251453,4K-3HFM-I3A1,Planner 2026 - Transforme seus dias com o planner que une beleza e funcionalidade Rosa,1.0,amazon.com.br,Visa Crédito,Amazon,Santo André,SP,9080.0,"54,90",0,0,0,0,"-7,14",0,0,0,"47,76",Janeiro,2026
13/01/2026,25432011241,Pedido,702-6679266-5280235,RA-KICF-0Q47,"Caderno Preto 20x20cm - Scrapbook Álbum De Fotos Preto 20 Folhas / 40 Páginas - Gramatura 200, Folhas Grossas",1.0,amazon.com.br,Boleto,Vendedor,São Paulo,SP,3344.0,"58,90",0,0,0,0,"-7,07",0,0,0,"51,83",Janeiro,2026
13/01/2026,25432528481,Pedido,701-6772327-4161027,14-02SK-RART,Caderno De Anotações - 200 Pag - Flores Naturais,1.0,amazon.com.br,Crédito Mastercard e outros,Amazon,Manaus,Am,69037.0,"68,90",0,0,0,0,"-8,96",0,0,0,"59,94",Janeiro,2026
13/01/2026,25432120141,Pedido,701-5819287-1201066,4K-3HFM-I3A1,Planner 2026 - Transforme seus dias com o planner que une beleza e funcionalidade Rosa,1.0,amazon.com.br,Visa Crédito,Amazon,Recife,PE,50810.0,"54,90",0,0,0,0,"-7,14",0,0,0,"47,76",Janeiro,2026
13/01/2026,25407404181,Pedido,701-1175392-4670666,0Q-EK6Z-SV84,"Planner 2026 Floral - Planejamento Anual com Roda da Vida A5, Gestão Financeira, Organização Pessoal, Metas e Saúde, Capa Dura Laminada, Agenda Se",1.0,amazon.com.br,Amex,Vendedor,Macapá,AP,68900.0,"78,90","35,99",0,0,0,"-10,26",0,0,0,"104,63",Janeiro,2026
13/01/2026,25432011241,Pedido,701-9916617-1383425,Q5-ZAFB-NUEF,"Planner 2026 - Respire, floresça, torne-se - um planner para sua melhor versão!",1.0,amazon.com.br,Boleto,Amazon,BOA VISTA,RR,69306.0,"78,90",0,0,0,0,"-10,26",0,0,0,"68,64",Janeiro,2026
13/01/2026,25432103551,Transferir,,,Conta bancária com final: 192,,,Elo,,,,,0,0,0,0,0,0,0,0,"-390,60","-390,60",Janeiro,2026
13/01/2026,25432120141,Transferir,,,Conta bancária com final: 192,,,Visa Crédito,,,,,0,0,0,0,0,0,0,0,"-4.578,34","-4.578,34",Janeiro,2026
13/01/2026,25407404181,Transferir,,,Conta bancária com final: 192,,,Amex,,,,,0,0,0,0,0,0,0,0,"-68,64","-68,64",Janeiro,2026
13/01/2026,25432120141,Pedido,702-0543355-7841866,AA-2SEI-HBU9,"Planner 2026 - Delicado por fora, poderoso por dentro - organize-se com encanto!",1.0,amazon.com.br,Visa Crédito,Vendedor,SETOR HABITACIONAL VICENTE PIRES,DF,72006.0,"78,90",0,0,0,0,"-10,26",0,0,0,"68,64",Janeiro,2026
13/01/2026,25432011241,Pedido,702-6458468-2870602,Q5-ZAFB-NUEF,"Planner 2026 - Respire, floresça, torne-se - um planner para sua melhor versão!",1.0,amazon.com.br,Boleto,Amazon,Três Lagoas,MS,79604.0,"78,90","8,90",0,"-8,90",0,"-10,26",0,0,0,"68,64",Janeiro,2026
13/01/2026,25432528481,Serviços de Envio,701-3109808-2816239,,Tarifa de manuseio com base no peso Delivery by Amazon,,Amazon.com.br,Crédito Mastercard e outros,Vendedor,,,,0,0,0,0,0,0,0,"-6,75",0,"-6,75",Janeiro,2026
13/01/2026,25432528481,Serviços de Envio,701-3109808-2816239,,Estorno do frete pago pelo comprador,,Amazon.com.br,Crédito Mastercard e outros,Vendedor,,,,0,0,0,0,0,0,0,0,0,0,Janeiro,2026
13/01/2026,25432528481,Serviços de Envio,702-8158763-2206661,,Tarifa de manuseio com base no peso Delivery by Amazon,,Amazon.com.br,Crédito Mastercard e outros,Vendedor,,,,0,0,0,0,0,0,0,"-6,75",0,"-6,75",Janeiro,2026
13/01/2026,25432528481,Serviços de Envio,702-8158763-2206661,,Estorno do frete pago pelo comprador,,Amazon.com.br,Crédito Mastercard e outros,Vendedor,,,,0,0,0,0,0,0,0,0,0,0,Janeiro,2026
13/01/2026,25432528481,Serviços de Envio,702-6401071-2296205,,Tarifa de manuseio com base no peso Delivery by Amazon,,Amazon.com.br,Crédito Mastercard e outros,Vendedor,,,,0,0,0,0,0,0,0,"-6,75",0,"-6,75",Janeiro,2026
13/01/2026,25432528481,Serviços de Envio,702-6401071-2296205,,Estorno do frete pago pelo comprador,,Amazon.com.br,Crédito Mastercard e outros,Vendedor,,,,0,0,0,0,0,0,0,0,0,0,Janeiro,2026
13/01/2026,25432528481,Serviços de Envio,702-9959265-0041031,,Tarifa de manuseio com base no peso Delivery by Amazon,,Amazon.com.br,Crédito Mastercard e outros,Vendedor,,,,0,0,0,0,0,0,0,"-6,75",0,"-6,75",Janeiro,2026
13/01/2026,25432528481,Serviços de Envio,702-9959265-0041031,,Estorno do frete pago pelo comprador,,Amazon.com.br,Crédito Mastercard e outros,Vendedor,,,,0,0,0,0,0,0,0,0,0,0,Janeiro,2026
13/01/2026,25432528481,Serviços de Envio,701-7845236-4530635,,Tarifa de manuseio com base no peso Delivery by Amazon,,Amazon.com.br,Crédito Mastercard e outros,Vendedor,,,,0,0,0,0,0,0,0,"-6,75",0,"-6,75",Janeiro,2026
13/01/2026,25432528481,Serviços de Envio,701-7845236-4530635,,Estorno do frete pago pelo comprador,,Amazon.com.br,Crédito Mastercard e outros,Vendedor,,,,0,0,0,0,0,0,0,0,0,0,Janeiro,2026
13/01/2026,25432528481,Serviços de Envio,701-8927798-6908265,,Tarifa de manuseio com base no peso Delivery by Amazon,,Amazon.com.br,Crédito Mastercard e outros,Vendedor,,,,0,0,0,0,0,0,0,"-6,75",0,"-6,75",Janeiro,2026
13/01/2026,25432528481,Serviços de Envio,701-8927798-6908265,,Estorno do frete pago pelo comprador,,Amazon.com.br,Crédito Mastercard e outros,Vendedor,,,,0,0,0,0,0,0,0,"-21,57",0,"-21,57",Janeiro,2026
13/01/2026,25432528481,Serviços de Envio,701-3410797-1885056,,Tarifa de manuseio com base no peso Delivery by Amazon,,Amazon.com.br,Crédito Mastercard e outros,Vendedor,,,,0,0,0,0,0,0,0,"-6,75",0,"-6,75",Janeiro,2026
13/01/2026,25432528481,Serviços de Envio,701-3410797-1885056,,Estorno do frete pago pelo comprador,,Amazon.com.br,Crédito Mastercard e outros,Vendedor,,,,0,0,0,0,0,0,0,0,0,0,Janeiro,2026
13/01/2026,25432528481,Serviços de Envio,702-9375721-1940219,,Tarifa de manuseio com base no peso Delivery by Amazon,,Amazon.com.br,Crédito Mastercard e outros,Vendedor,,,,0,0,0,0,0,0,0,"-6,75",0,"-6,75",Janeiro,2026
13/01/2026,25432528481,Serviços de Envio,702-9375721-1940219,,Estorno do frete pago pelo comprador,,Amazon.com.br,Crédito Mastercard e outros,Vendedor,,,,0,0,0,0,0,0,0,0,0,0,Janeiro,2026
13/01/2026,25432528481,Serviços de Envio,701-0572818-8529013,,Tarifa de manuseio com base no peso Delivery by Amazon,,Amazon.com.br,Crédito Mastercard e outros,Vendedor,,,,0,0,0,0,0,0,0,"-6,75",0,"-6,75",Janeiro,2026
13/01/2026,25432528481,Serviços de Envio,701-0572818-8529013,,Estorno do frete pago pelo comprador,,Amazon.com.br,Crédito Mastercard e outros,Vendedor,,,,0,0,0,0,0,0,0,0,0,0,Janeiro,2026
13/01/2026,25432528481,Serviços de Envio,702-4753720-7911427,,Tarifa de manuseio com base no peso Delivery by Amazon,,Amazon.com.br,Crédito Mastercard e outros,Vendedor,,,,0,0,0,0,0,0,0,"-6,75",0,"-6,75",Janeiro,2026
13/01/2026,25432528481,Serviços de Envio,702-4753720-7911427,,Estorno do frete pago pelo comprador,,Amazon.com.br,Crédito Mastercard e outros,Vendedor,,,,0,0,0,0,0,0,0,"-22,02",0,"-22,02",Janeiro,2026
13/01/2026,25432528481,Serviços de Envio,701-2810516-0006662,,Tarifa de manuseio com base no peso Delivery by Amazon,,Amazon.com.br,Crédito Mastercard e outros,Vendedor,,,,0,0,0,0,0,0,0,"-6,75",0,"-6,75",Janeiro,2026
13/01/2026,25432528481,Serviços de Envio,701-2810516-0006662,,Estorno do frete pago pelo comprador,,Amazon.com.br,Crédito Mastercard e outros,Vendedor,,,,0,0,0,0,0,0,0,0,0,0,Janeiro,2026
13/01/2026,25432528481,Serviços de Envio,702-6667117-4477059,,Tarifa de manuseio com base no peso Delivery by Amazon,,Amazon.com.br,Crédito Mastercard e outros,Vendedor,,,,0,0,0,0,0,0,0,"-6,75",0,"-6,75",Janeiro,2026
13/01/2026,25432528481,Serviços de Envio,702-6667117-4477059,,Estorno do frete pago pelo comprador,,Amazon.com.br,Crédito Mastercard e outros,Vendedor,,,,0,0,0,0,0,0,0,0,0,0,Janeiro,2026
13/01/2026,25432528481,Serviços de Envio,702-9917997-1703444,,Tarifa de manuseio com base no peso Delivery by Amazon,,Amazon.com.br,Crédito Mastercard e outros,Vendedor,,,,0,0,0,0,0,0,0,"-6,75",0,"-6,75",Janeiro,2026
13/01/2026,25432528481,Serviços de Envio,702-9917997-1703444,,Estorno do frete pago pelo comprador,,Amazon.com.br,Crédito Mastercard e outros,Vendedor,,,,0,0,0,0,0,0,0,"-21,35",0,"-21,35",Janeiro,2026
13/01/2026,25432528481,Serviços de Envio,702-2668254-5572240,,Tarifa de manuseio com base no peso Delivery by Amazon,,Amazon.com.br,Crédito Mastercard e outros,Vendedor,,,,0,0,0,0,0,0,0,"-6,75",0,"-6,75",Janeiro,2026
13/01/2026,25432528481,Serviços de Envio,702-2668254-5572240,,Estorno do frete pago pelo comprador,,Amazon.com.br,Crédito Mastercard e outros,Vendedor,,,,0,0,0,0,0,0,0,0,0,0,Janeiro,2026
13/01/2026,25432528481,Serviços de Envio,701-3926206-9236250,,Tarifa de manuseio com base no peso Delivery by Amazon,,Amazon.com.br,Crédito Mastercard e outros,Vendedor,,,,0,0,0,0,0,0,0,"-6,75",0,"-6,75",Janeiro,2026
13/01/2026,25432528481,Serviços de Envio,701-3926206-9236250,,Estorno do frete pago pelo comprador,,Amazon.com.br,Crédito Mastercard e outros,Vendedor,,,,0,0,0,0,0,0,0,0,0,0,Janeiro,2026
13/01/2026,25432528481,Serviços de Envio,702-0243357-4851443,,Tarifa de manuseio com base no peso Delivery by Amazon,,Amazon.com.br,Crédito Mastercard e outros,Vendedor,,,,0,0,0,0,0,0,0,"-6,75",0,"-6,75",Janeiro,2026
13/01/2026,25432528481,Serviços de Envio,702-0243357-4851443,,Estorno do frete pago pelo comprador,,Amazon.com.br,Crédito Mastercard e outros,Vendedor,,,,0,0,0,0,0,0,0,0,0,0,Janeiro,2026
13/01/2026,25432528481,Serviços de Envio,701-4428411-1781842,,Tarifa de manuseio com base no peso Delivery by Amazon,,Amazon.com.br,Crédito Mastercard e outros,Vendedor,,,,0,0,0,0,0,0,0,"-6,75",0,"-6,75",Janeiro,2026
13/01/2026,25432528481,Serviços de Envio,701-4428411-1781842,,Estorno do frete pago pelo comprador,,Amazon.com.br,Crédito Mastercard e outros,Vendedor,,,,0,0,0,0,0,0,0,0,0,0,Janeiro,2026
13/01/2026,25432528481,Serviços de Envio,702-1605390-7732207,,Tarifa de manuseio com base no peso Delivery by Amazon,,Amazon.com.br,Crédito Mastercard e outros,Vendedor,,,,0,0,0,0,0,0,0,"-6,75",0,"-6,75",Janeiro,2026
13/01/2026,25432528481,Serviços de Envio,702-1605390-7732207,,Estorno do frete pago pelo comprador,,Amazon.com.br,Crédito Mastercard e outros,Vendedor,,,,0,0,0,0,0,0,0,0,0,0,Janeiro,2026
13/01/2026,25432528481,Serviços de Envio,701-8267817-1109860,,Tarifa de manuseio com base no peso Delivery by Amazon,,Amazon.com.br,Crédito Mastercard e outros,Vendedor,,,,0,0,0,0,0,0,0,"-6,75",0,"-6,75",Janeiro,2026
13/01/2026,25432528481,Serviços de Envio,701-8267817-1109860,,Estorno do frete pago pelo comprador,,Amazon.com.br,Crédito Mastercard e outros,Vendedor,,,,0,0,0,0,0,0,0,0,0,0,Janeiro,2026
13/01/2026,25432103551,Reembolso,702-0472574-2258604,WC-0G0K-5CCC,"Planner Financeiro Mensal Datado 2026, Roda Da Vida A5 -Planejamento anual, Organização pessoal Metas e objetivos, Gestão financeira Monitoramento",2.0,amazon.com.br,Elo,Vendedor,Paulo Frontin,PR,84635.0,"-151,80",0,0,0,0,"15,79",0,0,0,"-136,01",Janeiro,2026
13/01/2026,25432120141,Pedido,701-9454557-3341042,AA-2SEI-HBU9,"Planner 2026 - Delicado por fora, poderoso por dentro - organize-se com encanto!",1.0,amazon.com.br,Visa Crédito,Vendedor,São Paulo,SP,3167.0,"78,90",0,0,0,0,"-10,26",0,0,0,"68,64",Janeiro,2026
13/01/2026,25432011241,Pedido,701-0451569-3006634,N3-Y3CG-4CQP,Planner 2026 - Floresça que inspira leveza e organização!,1.0,amazon.com.br,Boleto,Amazon,Criciúma,SC,88802.0,"78,90",0,0,0,0,"-10,26",0,0,0,"68,64",Janeiro,2026
13/01/2026,25432528481,Pedido,701-1916651-7839402,0Q-EK6Z-SV84,"Planner 2026 Floral - Planejamento Anual com Roda da Vida A5, Gestão Financeira, Organização Pessoal, Metas e Saúde, Capa Dura Laminada, Agenda Se",1.0,amazon.com.br,Crédito Mastercard e outros,Vendedor,Campinas,SP,13069.0,"78,90",0,0,0,0,"-10,26",0,0,0,"68,64",Janeiro,2026
13/01/2026,25432528481,Reembolso,701-3911070-5193825,14-02SK-RART,Caderno De Anotações - 200 Pag - Flores Naturais,1.0,amazon.com.br,Crédito Mastercard e outros,Amazon,Campo Grande,Ms,79097.0,"-68,90",0,0,0,0,"7,17",0,0,0,"-61,73",Janeiro,2026
13/01/2026,25432011241,Pedido,702-0334307-4943465,V7-N8TP-MCL5,Album fotografico scrapbook - Coleção Corações (Vermelho),1.0,amazon.com.br,Boleto,Vendedor,Frederico Westphalen,RS,98400.0,"78,90",0,0,0,0,"-10,26",0,0,0,"68,64",Janeiro,2026
13/01/2026,25432528481,Pedido,702-5582412-4128254,UN-GE1Q-635D,Planner 2026 - Life Capa Dura com Controle Financeiro e Roda da Vida (Capa 01),1.0,amazon.com.br,Crédito Mastercard e outros,Vendedor,Sobral,CE,62010.0,"78,90","21,84",0,0,0,"-10,26",0,0,0,"90,48",Janeiro,2026
13/01/2026,25432528481,Pedido,702-7739024-7061868,OI-WF8T-IXUA,Planner 2026 - Transforme seus dias com o planner que une beleza e funcionalidade Azul,1.0,amazon.com.br,Crédito Mastercard e outros,Amazon,São Paulo,SP,4438.0,"58,90",0,0,0,0,"-7,66",0,0,0,"51,24",Janeiro,2026
13/01/2026,25432120141,Pedido,701-0582815-3334638,V7-N8TP-MCL5,Album fotografico scrapbook - Coleção Corações (Vermelho),1.0,amazon.com.br,Visa Crédito,Vendedor,Mossoró,RN,59612.0,"78,90","21,31",0,0,0,"-10,26",0,0,0,"89,95",Janeiro,2026
13/01/2026,25432528481,Pedido,702-2131271-2926622,IS-UA22-XKCF,Planner 2026 - Cada flor no seu tempo: planeje o ano com calma e propósito.,1.0,amazon.com.br,Crédito Mastercard e outros,Vendedor,Bambuí,MG,38900.0,"78,90",0,0,0,0,"-10,26",0,0,0,"68,64",Janeiro,2026
13/01/2026,25432120141,Pedido,701-5425149-6690632,MQ-STXD-11EM,"Planner Premium 2026 - Planejamento Anual com Roda da Vida A5, Gestão Financeira, Organização Pessoal, Metas e Saúde, Capa Dura Laminada, Agenda S",1.0,amazon.com.br,Visa Crédito,Vendedor,Campinas,SP,13076.0,"68,90",0,0,0,0,"-8,96",0,0,0,"59,94",Janeiro,2026
13/01/2026,25432528481,Pedido,701-0397745-4889019,OI-WF8T-IXUA,Planner 2026 - Transforme seus dias com o planner que une beleza e funcionalidade Azul,1.0,amazon.com.br,Crédito Mastercard e outros,Amazon,Salvador,BA,41650.0,"58,90",0,0,0,0,"-7,66",0,0,0,"51,24",Janeiro,2026
14/01/2026,25432011241,Pedido,701-0135291-9049860,RA-KICF-0Q47,"Caderno Preto 20x20cm - Scrapbook Álbum De Fotos Preto 20 Folhas / 40 Páginas - Gramatura 200, Folhas Grossas",1.0,amazon.com.br,Boleto,Vendedor,Rio de Janeiro,RJ,22640.0,"58,90",0,0,0,0,"-7,07",0,0,0,"51,83",Janeiro,2026
14/01/2026,25432528481,Pedido,701-3911070-5193825,14-02SK-RART,Caderno De Anotações - 200 Pag - Flores Naturais,1.0,amazon.com.br,Crédito Mastercard e outros,Amazon,Campo Grande,Ms,79097.0,"68,90",0,0,0,0,"-8,96",0,0,0,"59,94",Janeiro,2026
14/01/2026,25432528481,Pedido,702-4301570-3398623,JC-LA79-2HC8,"Caderno Espiral Capa Dura, A5 210x150mm, 80 Folhas, Van gogh, Frases estoicas (Capa 2)",1.0,amazon.com.br,Crédito Mastercard e outros,Amazon,Brasília,DF,71070.0,"35,90",0,0,0,0,"-4,67",0,0,0,"31,23",Janeiro,2026
14/01/2026,25432120141,Pedido,702-1858105-4217060,AA-2SEI-HBU9,"Planner 2026 - Delicado por fora, poderoso por dentro - organize-se com encanto!",1.0,amazon.com.br,Visa Crédito,Vendedor,Valinhos,SP,13272.0,"78,90",0,0,0,0,"-10,26",0,0,0,"68,64",Janeiro,2026
14/01/2026,25432528481,Pedido,702-5539598-8205030,Q5-ZAFB-NUEF,"Planner 2026 - Respire, floresça, torne-se - um planner para sua melhor versão!",1.0,amazon.com.br,Crédito Mastercard e outros,Amazon,Salvador,BA,41720.0,"78,90",0,0,0,0,"-10,26",0,0,0,"68,64",Janeiro,2026
14/01/2026,25432011241,Pedido,702-6437208-0211459,AA-2SEI-HBU9,"Planner 2026 - Delicado por fora, poderoso por dentro - organize-se com encanto!",1.0,amazon.com.br,Boleto,Vendedor,São Paulo,SP,2205.0,"78,90",0,0,0,0,"-10,26",0,0,0,"68,64",Janeiro,2026
14/01/2026,25432528481,Pedido,702-8478090-0735469,HE-SAFO-BF3P,Agenda 2026 1 Dia Por Folha Com Horario Coleção Inspire,1.0,amazon.com.br,Crédito Mastercard e outros,Amazon,Itajaí,SC,88301.0,"58,90",0,0,0,0,"-7,66",0,0,0,"51,24",Janeiro,2026
14/01/2026,25432528481,Pedido,701-5288113-6680253,VQ-0TZ7-QK96,Planner 2026 - Floresça que inspira leveza e organização!,1.0,amazon.com.br,Crédito Mastercard e outros,Vendedor,Timbó,SC,89092.0,"78,90",0,0,0,0,"-10,26",0,0,0,"68,64",Janeiro,2026
14/01/2026,25432120141,Pedido,701-0096318-3430609,MQ-STXD-11EM,"Planner Premium 2026 - Planejamento Anual com Roda da Vida A5, Gestão Financeira, Organização Pessoal, Metas e Saúde, Capa Dura Laminada, Agenda S",1.0,amazon.com.br,Visa Crédito,Vendedor,Sorocaba,SP,18045.0,"68,90",0,0,0,0,"-8,96",0,0,0,"59,94",Janeiro,2026
14/01/2026,25432103551,Pedido,701-0173313-6999427,YL-NANJ-F7TC,"Caderno Preto 20x20cm - Scrapbook Álbum De Fotos Preto 20 Folhas / 40 Páginas - Gramatura 200, Folhas Grossas",1.0,amazon.com.br,Elo,Amazon,Manaus,AM,69033.0,"68,90",0,0,0,0,"-8,27",0,0,0,"60,63",Janeiro,2026
14/01/2026,25432011241,Pedido,702-9894939-9829058,XH-KNXQ-DP76,"Planner 2026 - Um planner para viver com mais cor, equilíbrio e inspiração.",1.0,amazon.com.br,Boleto,Vendedor,Rio de Janeiro,RJ,22231.0,"78,90",0,0,0,0,"-10,26",0,0,0,"68,64",Janeiro,2026
14/01/2026,25432528481,Pedido,701-2813062-4509861,IS-UA22-XKCF,Planner 2026 - Cada flor no seu tempo: planeje o ano com calma e propósito.,1.0,amazon.com.br,Crédito Mastercard e outros,Vendedor,Rio de Janeiro,RJ,20261.0,"78,90",0,0,0,0,"-10,26",0,0,0,"68,64",Janeiro,2026
14/01/2026,25432011241,Pedido,702-7628278-2821855,XH-KNXQ-DP76,"Planner 2026 - Um planner para viver com mais cor, equilíbrio e inspiração.",1.0,amazon.com.br,Boleto,Vendedor,Resende,RJ,27510.0,"78,90",0,0,0,0,"-10,26",0,0,0,"68,64",Janeiro,2026
14/01/2026,25432528481,Pedido,701-1314681-2141841,0Q-EK6Z-SV84,"Planner 2026 Floral - Planejamento Anual com Roda da Vida A5, Gestão Financeira, Organização Pessoal, Metas e Saúde, Capa Dura Laminada, Agenda Se",1.0,amazon.com.br,Crédito Mastercard e outros,Vendedor,Rio de Janeiro,RJ,20561.0,"78,90",0,0,0,0,"-10,26",0,0,0,"68,64",Janeiro,2026
14/01/2026,25432011241,Pedido,701-6056974-7468258,MQ-STXD-11EM,"Planner Premium 2026 - Planejamento Anual com Roda da Vida A5, Gestão Financeira, Organização Pessoal, Metas e Saúde, Capa Dura Laminada, Agenda S",1.0,amazon.com.br,Boleto,Vendedor,Arapongas,PR,86702.0,"68,90",0,0,0,0,"-8,96",0,0,0,"59,94",Janeiro,2026
14/01/2026,25432528481,Pedido,702-9225744-2828250,VW-M9WL-7RY7,Caderno Scrapbook - Kraft - 20 Folhas - 20x20cm - Bege - Sem Pauta - Folhas Grossas - Album de Fotos - Album de fotos artesanal - Scrapbook colagem de,1.0,amazon.com.br,Crédito Mastercard e outros,Vendedor,Rio de Janeiro,Rio de Janeiro,20511.0,"58,90",0,0,0,0,"-7,07",0,0,0,"51,83",Janeiro,2026
14/01/2026,25432528481,Pedido,701-0132687-8532232,IS-UA22-XKCF,Planner 2026 - Cada flor no seu tempo: planeje o ano com calma e propósito.,1.0,amazon.com.br,Crédito Mastercard e outros,Vendedor,Sorocaba,SP,18016.0,"78,90",0,0,0,0,"-10,26",0,0,0,"68,64",Janeiro,2026
14/01/2026,25432528481,Pedido,702-1824261-7981848,XH-KNXQ-DP76,"Planner 2026 - Um planner para viver com mais cor, equilíbrio e inspiração.",1.0,amazon.com.br,Crédito Mastercard e outros,Vendedor,São Paulo,SP,5410.0,"78,90",0,0,0,0,"-10,26",0,0,0,"68,64",Janeiro,2026
14/01/2026,25432528481,Pedido,702-9908369-1193016,MQ-STXD-11EM,"Planner Premium 2026 - Planejamento Anual com Roda da Vida A5, Gestão Financeira, Organização Pessoal, Metas e Saúde, Capa Dura Laminada, Agenda S",1.0,amazon.com.br,Crédito Mastercard e outros,Vendedor,Belo Horizonte,MG,30575.0,"68,90",0,0,0,0,"-8,96",0,0,0,"59,94",Janeiro,2026
14/01/2026,25432528481,Pedido,702-6633657-8325868,MQ-STXD-11EM,"Planner Premium 2026 - Planejamento Anual com Roda da Vida A5, Gestão Financeira, Organização Pessoal, Metas e Saúde, Capa Dura Laminada, Agenda S",1.0,amazon.com.br,Crédito Mastercard e outros,Vendedor,Belo Horizonte,MG,30411.0,"68,90",0,0,0,0,"-8,96",0,0,0,"59,94",Janeiro,2026
14/01/2026,25432528481,Pedido,701-0870501-6777812,0Q-EK6Z-SV84,"Planner 2026 Floral - Planejamento Anual com Roda da Vida A5, Gestão Financeira, Organização Pessoal, Metas e Saúde, Capa Dura Laminada, Agenda Se",1.0,amazon.com.br,Crédito Mastercard e outros,Vendedor,Rio de Janeiro,RJ,20551.0,"78,90",0,0,0,0,"-10,26",0,0,0,"68,64",Janeiro,2026
14/01/2026,25432528481,Pedido,701-7596351-6654604,A9-81RP-O347,"Planner Financeiro Mensal 2026, Roda Da Vida A5 -Planejamento anual, Organização pessoal Metas e objetivos, Gestão financeira Monitoramento de saú",1.0,amazon.com.br,Crédito Mastercard e outros,Vendedor,São Paulo,SP,2408.0,"68,92",0,0,0,0,"-8,96",0,0,0,"59,96",Janeiro,2026
14/01/2026,25432528481,Pedido,701-0873441-3212202,VW-M9WL-7RY7,Caderno Scrapbook - Kraft - 20 Folhas - 20x20cm - Bege - Sem Pauta - Folhas Grossas - Album de Fotos - Album de fotos artesanal - Scrapbook colagem de,1.0,amazon.com.br,Crédito Mastercard e outros,Vendedor,São Paulo,SP,4107.0,"58,90",0,0,0,0,"-7,07",0,0,0,"51,83",Janeiro,2026
14/01/2026,25432528481,Pedido,701-4761388-7015410,OI-WF8T-IXUA,Planner 2026 - Transforme seus dias com o planner que une beleza e funcionalidade Azul,1.0,amazon.com.br,Crédito Mastercard e outros,Amazon,Jundiaí,SP,13214.0,"58,90",0,0,0,0,"-7,66",0,0,0,"51,24",Janeiro,2026
14/01/2026,25432120141,Pedido,701-3129759-9397024,4K-3HFM-I3A1,Planner 2026 - Transforme seus dias com o planner que une beleza e funcionalidade Rosa,1.0,amazon.com.br,Visa Crédito,Amazon,Santo André,SP,9060.0,"54,90","1,55",0,"-1,55",0,"-7,14",0,0,0,"47,76",Janeiro,2026
14/01/2026,25432103551,Pedido,702-5027478-6813831,V1-M81P-IY8O,Planner Pessoal Permanente - Comece Quando Quiser!,1.0,amazon.com.br,Elo,Vendedor,Carlos Barbosa,RS,95185.0,"78,90",0,0,0,0,"-10,26",0,0,0,"68,64",Janeiro,2026
14/01/2026,25432528481,Pedido,701-1756715-2949058,WC-0G0K-5CCC,"Planner Financeiro Mensal Datado 2026, Roda Da Vida A5 -Planejamento anual, Organização pessoal Metas e objetivos, Gestão financeira Monitoramento",1.0,amazon.com.br,Crédito Mastercard e outros,Vendedor,São Paulo,SP,1548.0,"75,90",0,0,0,0,"-9,87",0,0,0,"66,03",Janeiro,2026
14/01/2026,25432120141,Pedido,702-3168207-4145855,V7-N8TP-MCL5,Album fotografico scrapbook - Coleção Corações (Vermelho),2.0,amazon.com.br,Visa Crédito,Vendedor,Belo Horizonte,MG,30140.0,"157,80",0,0,0,0,"-20,52",0,0,0,"137,28",Janeiro,2026
14/01/2026,25432528481,Pedido,701-3538387-9525842,VW-M9WL-7RY7,Caderno Scrapbook - Kraft - 20 Folhas - 20x20cm - Bege - Sem Pauta - Folhas Grossas - Album de Fotos - Album de fotos artesanal - Scrapbook colagem de,1.0,amazon.com.br,Crédito Mastercard e outros,Vendedor,Indaiatuba,SP,13331.0,"58,90",0,0,0,0,"-7,07",0,0,0,"51,83",Janeiro,2026
14/01/2026,25432528481,Pedido,702-5348911-5974629,IS-UA22-XKCF,Planner 2026 - Cada flor no seu tempo: planeje o ano com calma e propósito.,2.0,amazon.com.br,Crédito Mastercard e outros,Vendedor,Rio de Janeiro,RJ,22290.0,"157,80",0,0,0,0,"-20,52",0,0,0,"137,28",Janeiro,2026
14/01/2026,25432011241,Pedido,701-6454862-6581037,WC-0G0K-5CCC,"Planner Financeiro Mensal Datado 2026, Roda Da Vida A5 -Planejamento anual, Organização pessoal Metas e objetivos, Gestão financeira Monitoramento",1.0,amazon.com.br,Boleto,Vendedor,São Paulo,SP,5507.0,"75,90",0,0,0,0,"-9,87",0,0,0,"66,03",Janeiro,2026
14/01/2026,25432011241,Pedido,701-6204250-3911404,0Q-EK6Z-SV84,"Planner 2026 Floral - Planejamento Anual com Roda da Vida A5, Gestão Financeira, Organização Pessoal, Metas e Saúde, Capa Dura Laminada, Agenda Se",1.0,amazon.com.br,Boleto,Vendedor,Jundiaí,SP,13211.0,"78,90",0,0,0,0,"-10,26",0,0,0,"68,64",Janeiro,2026
14/01/2026,25432120141,Pedido,702-3797263-5616248,MQ-STXD-11EM,"Planner Premium 2026 - Planejamento Anual com Roda da Vida A5, Gestão Financeira, Organização Pessoal, Metas e Saúde, Capa Dura Laminada, Agenda S",1.0,amazon.com.br,Visa Crédito,Vendedor,São Paulo,São Paulo,5013.0,"68,90",0,0,0,0,"-8,96",0,0,0,"59,94",Janeiro,2026
14/01/2026,25432011241,Pedido,701-3124427-2238635,0Q-EK6Z-SV84,"Planner 2026 Floral - Planejamento Anual com Roda da Vida A5, Gestão Financeira, Organização Pessoal, Metas e Saúde, Capa Dura Laminada, Agenda Se",1.0,amazon.com.br,Boleto,Vendedor,Porto Alegre,RS,91260.0,"78,90",0,0,0,0,"-10,26",0,0,0,"68,64",Janeiro,2026
14/01/2026,25432528481,Pedido,702-1525377-1527439,H2-QF9W-3BSI,Planner 2026 - Cada flor no seu tempo: planeje o ano com calma e propósito.,1.0,amazon.com.br,Crédito Mastercard e outros,Amazon,Imperatriz,MA,65916.0,"78,90",0,0,0,0,"-10,26",0,0,0,"68,64",Janeiro,2026
14/01/2026,25432528481,Pedido,701-0912470-8087459,RA-KICF-0Q47,"Caderno Preto 20x20cm - Scrapbook Álbum De Fotos Preto 20 Folhas / 40 Páginas - Gramatura 200, Folhas Grossas",1.0,amazon.com.br,Crédito Mastercard e outros,Vendedor,Passo Fundo,RS,99072.0,"58,90",0,0,0,0,"-7,07",0,0,0,"51,83",Janeiro,2026
14/01/2026,25432011241,Pedido,702-3931220-4761805,YL-NANJ-F7TC,"Caderno Preto 20x20cm - Scrapbook Álbum De Fotos Preto 20 Folhas / 40 Páginas - Gramatura 200, Folhas Grossas",1.0,amazon.com.br,Boleto,Amazon,Maceió,AL,57072.0,"68,90",0,0,0,0,"-8,27",0,0,0,"60,63",Janeiro,2026
14/01/2026,25432120141,Pedido,702-2519610-6670641,MQ-STXD-11EM,"Planner Premium 2026 - Planejamento Anual com Roda da Vida A5, Gestão Financeira, Organização Pessoal, Metas e Saúde, Capa Dura Laminada, Agenda S",1.0,amazon.com.br,Visa Crédito,Vendedor,Rio de Janeiro,Rj,22231.0,"68,90",0,0,0,0,"-8,96",0,0,0,"59,94",Janeiro,2026
14/01/2026,25432120141,Pedido,702-9270306-1069046,UN-GE1Q-635D,Planner 2026 - Life Capa Dura com Controle Financeiro e Roda da Vida (Capa 01),1.0,amazon.com.br,Visa Crédito,Vendedor,São Paulo,SP,1511.0,"78,90",0,0,0,0,"-10,26",0,0,0,"68,64",Janeiro,2026
14/01/2026,25432011241,Pedido,702-4605866-6760207,RA-KICF-0Q47,"Caderno Preto 20x20cm - Scrapbook Álbum De Fotos Preto 20 Folhas / 40 Páginas - Gramatura 200, Folhas Grossas",1.0,amazon.com.br,Boleto,Vendedor,Belém,PA,66640.0,"58,90","33,90",0,0,0,"-7,07",0,0,0,"85,73",Janeiro,2026
14/01/2026,25432120141,Pedido,702-6405953-8462660,RA-KICF-0Q47,"Caderno Preto 20x20cm - Scrapbook Álbum De Fotos Preto 20 Folhas / 40 Páginas - Gramatura 200, Folhas Grossas",1.0,amazon.com.br,Visa Crédito,Vendedor,Bomfim Paulista,SP,14110.0,"58,90",0,0,0,0,"-7,07",0,0,0,"51,83",Janeiro,2026
14/01/2026,25432011241,Pedido,701-3769825-3830634,9X-HUC9-I83L,"Planner 2026 - Respire, floresça, torne-se - um planner para sua melhor versão!",1.0,amazon.com.br,Boleto,Vendedor,Rio de Janeiro,Rio de Janeiro,22040.0,"78,90",0,0,0,0,"-10,26",0,0,0,"68,64",Janeiro,2026
14/01/2026,25432120141,Pedido,701-0689125-9346621,V7-N8TP-MCL5,Album fotografico scrapbook - Coleção Corações (Vermelho),1.0,amazon.com.br,Visa Crédito,Vendedor,Rio de Janeiro,Rio de Janeiro,22790.0,"78,90",0,0,0,0,"-10,26",0,0,0,"68,64",Janeiro,2026
14/01/2026,25432120141,Pedido,702-1632268-6660222,4S-C6M7-1NCT,Planner 2026 Amarelo - Life Capa Dura com Controle Financeiro e Roda da Vida,1.0,amazon.com.br,Visa Crédito,Vendedor,São Paulo,SP,3121.0,"78,90",0,0,0,0,"-10,26",0,0,0,"68,64",Janeiro,2026
14/01/2026,25432011241,Pedido,702-3460100-7285018,AA-2SEI-HBU9,"Planner 2026 - Delicado por fora, poderoso por dentro - organize-se com encanto!",1.0,amazon.com.br,Boleto,Vendedor,Diadema,São Paulo,9980.0,"78,90",0,0,0,0,"-10,26",0,0,0,"68,64",Janeiro,2026
14/01/2026,25432120141,Pedido,702-2195348-8577814,4K-3HFM-I3A1,Planner 2026 - Transforme seus dias com o planner que une beleza e funcionalidade Rosa,1.0,amazon.com.br,Visa Crédito,Amazon,Macaé,RJ,27930.0,"54,90",0,0,0,0,"-7,14",0,0,0,"47,76",Janeiro,2026
14/01/2026,25432528481,Pedido,702-8172698-7517812,0Q-EK6Z-SV84,"Planner 2026 Floral - Planejamento Anual com Roda da Vida A5, Gestão Financeira, Organização Pessoal, Metas e Saúde, Capa Dura Laminada, Agenda Se",1.0,amazon.com.br,Crédito Mastercard e outros,Vendedor,Belo Horizonte,MG,30140.0,"78,90",0,0,0,0,"-10,26",0,0,0,"68,64",Janeiro,2026
14/01/2026,25432011241,Pedido,701-2397069-4694655,RA-KICF-0Q47,"Caderno Preto 20x20cm - Scrapbook Álbum De Fotos Preto 20 Folhas / 40 Páginas - Gramatura 200, Folhas Grossas",1.0,amazon.com.br,Boleto,Vendedor,São Paulo,SP,3226.0,"58,90",0,0,0,0,"-7,07",0,0,0,"51,83",Janeiro,2026
14/01/2026,25432528481,Pedido,701-8260695-9386634,UG-7RBZ-X8H1,Agenda 2026 Borboletas | 1 Dia Por Pagina com Horario - Capa Dura,1.0,amazon.com.br,Crédito Mastercard e outros,Amazon,Maceió,AL,57080.0,"59,90",0,0,0,0,"-7,79",0,0,0,"52,11",Janeiro,2026
14/01/2026,25432011241,Pedido,701-5097072-3247427,Q5-ZAFB-NUEF,"Planner 2026 - Respire, floresça, torne-se - um planner para sua melhor versão!",1.0,amazon.com.br,Boleto,Amazon,Irecê,BA,44870.0,"78,90","8,90",0,"-8,90",0,"-10,26",0,0,0,"68,64",Janeiro,2026
14/01/2026,25432011241,Pedido,701-1584784-6813045,0Q-EK6Z-SV84,"Planner 2026 Floral - Planejamento Anual com Roda da Vida A5, Gestão Financeira, Organização Pessoal, Metas e Saúde, Capa Dura Laminada, Agenda Se",1.0,amazon.com.br,Boleto,Vendedor,Bragança Paulista,São paulo,12913.0,"78,90",0,0,0,0,"-10,26",0,0,0,"68,64",Janeiro,2026
14/01/2026,25432011241,Pedido,701-6331078-0153031,VW-M9WL-7RY7,Caderno Scrapbook - Kraft - 20 Folhas - 20x20cm - Bege - Sem Pauta - Folhas Grossas - Album de Fotos - Album de fotos artesanal - Scrapbook colagem de,2.0,amazon.com.br,Boleto,Vendedor,São José do Rio Preto,SP,15015.0,"117,80",0,0,0,0,"-14,14",0,0,0,"103,66",Janeiro,2026
14/01/2026,25432011241,Pedido,702-6723252-8172205,0Q-EK6Z-SV84,"Planner 2026 Floral - Planejamento Anual com Roda da Vida A5, Gestão Financeira, Organização Pessoal, Metas e Saúde, Capa Dura Laminada, Agenda Se",1.0,amazon.com.br,Boleto,Vendedor,Piracicaba,SP,13419.0,"78,90",0,0,0,0,"-10,26",0,0,0,"68,64",Janeiro,2026
14/01/2026,25432011241,Pedido,701-3068648-2206638,MQ-STXD-11EM,"Planner Premium 2026 - Planejamento Anual com Roda da Vida A5, Gestão Financeira, Organização Pessoal, Metas e Saúde, Capa Dura Laminada, Agenda S",1.0,amazon.com.br,Boleto,Vendedor,Rio de Janeiro,RJ,23095.0,"68,90",0,0,0,0,"-8,96",0,0,0,"59,94",Janeiro,2026
14/01/2026,25432120141,Pedido,702-6596132-0203428,MY-P05M-MBEP,"Caderno Quadriculado 1x1cm, Capa dura, diversas capas, 80 folhas, 24x15cm",1.0,amazon.com.br,Visa Crédito,Vendedor,Rio de Janeiro,RJ,22750.0,"38,90",0,0,0,0,"-5,06",0,0,0,"33,84",Janeiro,2026
14/01/2026,25432120141,Pedido,701-8874908-8746661,4K-3HFM-I3A1,Planner 2026 - Transforme seus dias com o planner que une beleza e funcionalidade Rosa,1.0,amazon.com.br,Visa Crédito,Amazon,Casimiro de Abreu,RJ,28860.0,"54,90",0,0,0,0,"-7,14",0,0,0,"47,76",Janeiro,2026
14/01/2026,25432011241,Pedido,701-2768988-6678602,0Q-EK6Z-SV84,"Planner 2026 Floral - Planejamento Anual com Roda da Vida A5, Gestão Financeira, Organização Pessoal, Metas e Saúde, Capa Dura Laminada, Agenda Se",1.0,amazon.com.br,Boleto,Vendedor,Niterói,RJ,24220.0,"78,90",0,0,0,0,"-10,26",0,0,0,"68,64",Janeiro,2026
14/01/2026,25432120141,Pedido,701-7699910-8365061,JC-LA79-2HC8,"Caderno Espiral Capa Dura, A5 210x150mm, 80 Folhas, Van gogh, Frases estoicas (Capa 2)",1.0,amazon.com.br,Visa Crédito,Amazon,Marituba,PA,67214.0,"35,90",0,0,0,0,"-4,67",0,0,0,"31,23",Janeiro,2026
14/01/2026,25432528481,Pedido,701-6025236-9647458,MQ-STXD-11EM,"Planner Premium 2026 - Planejamento Anual com Roda da Vida A5, Gestão Financeira, Organização Pessoal, Metas e Saúde, Capa Dura Laminada, Agenda S",1.0,amazon.com.br,Crédito Mastercard e outros,Vendedor,Uberlândia,Minas Gerais,38414.0,"68,90",0,0,0,0,"-8,96",0,0,0,"59,94",Janeiro,2026
14/01/2026,25432528481,Pedido,702-7251917-0531407,V7-N8TP-MCL5,Album fotografico scrapbook - Coleção Corações (Vermelho),2.0,amazon.com.br,Crédito Mastercard e outros,Vendedor,Ribeirão Preto,SP,14098.0,"157,80",0,0,0,0,"-20,52",0,0,0,"137,28",Janeiro,2026
14/01/2026,25432528481,Pedido,702-4630052-0429830,MQ-STXD-11EM,"Planner Premium 2026 - Planejamento Anual com Roda da Vida A5, Gestão Financeira, Organização Pessoal, Metas e Saúde, Capa Dura Laminada, Agenda S",1.0,amazon.com.br,Crédito Mastercard e outros,Vendedor,Paracatu,MG,38600.0,"68,90",0,0,0,0,"-8,96",0,0,0,"59,94",Janeiro,2026
14/01/2026,25432011241,Pedido,701-6448977-5629849,WC-0G0K-5CCC,"Planner Financeiro Mensal Datado 2026, Roda Da Vida A5 -Planejamento anual, Organização pessoal Metas e objetivos, Gestão financeira Monitoramento",1.0,amazon.com.br,Boleto,Vendedor,Rio de Janeiro,RJ,22251.0,"75,90",0,0,0,0,"-9,87",0,0,0,"66,03",Janeiro,2026
14/01/2026,25432528481,Pedido,702-7853307-9453807,BT-HCTV-ZOJY,"Planner 2026 Napolitano - Planejamento Anual com Roda da Vida A5, Gestão Financeira, Organização Pessoal, Metas e Saúde, Capa Dura Laminada, Agend",1.0,amazon.com.br,Crédito Mastercard e outros,Vendedor,Piracicaba,São Paulo,13403.0,"78,90",0,0,0,0,"-10,26",0,0,0,"68,64",Janeiro,2026
14/01/2026,25432011241,Pedido,702-4918731-9872262,0Q-EK6Z-SV84,"Planner 2026 Floral - Planejamento Anual com Roda da Vida A5, Gestão Financeira, Organização Pessoal, Metas e Saúde, Capa Dura Laminada, Agenda Se",1.0,amazon.com.br,Boleto,Vendedor,Campinas,SP,13040.0,"78,90",0,0,0,0,"-10,26",0,0,0,"68,64",Janeiro,2026
14/01/2026,25432120141,Pedido,701-5198514-9229802,RA-KICF-0Q47,"Caderno Preto 20x20cm - Scrapbook Álbum De Fotos Preto 20 Folhas / 40 Páginas - Gramatura 200, Folhas Grossas",1.0,amazon.com.br,Visa Crédito,Vendedor,São Paulo,SP,5303.0,"58,90",0,0,0,0,"-7,07",0,0,0,"51,83",Janeiro,2026
14/01/2026,25432011241,Pedido,702-6786759-2107454,0Q-EK6Z-SV84,"Planner 2026 Floral - Planejamento Anual com Roda da Vida A5, Gestão Financeira, Organização Pessoal, Metas e Saúde, Capa Dura Laminada, Agenda Se",1.0,amazon.com.br,Boleto,Vendedor,Várzea Paulista,SP,13223.0,"78,90",0,0,0,0,"-10,26",0,0,0,"68,64",Janeiro,2026
14/01/2026,25432120141,Pedido,702-9435247-9572260,VW-M9WL-7RY7,Caderno Scrapbook - Kraft - 20 Folhas - 20x20cm - Bege - Sem Pauta - Folhas Grossas - Album de Fotos - Album de fotos artesanal - Scrapbook colagem de,1.0,amazon.com.br,Visa Crédito,Vendedor,São Paulo,SP,5615.0,"58,90",0,0,0,0,"-7,07",0,0,0,"51,83",Janeiro,2026
14/01/2026,25432011241,Pedido,702-1654819-4369051,XH-KNXQ-DP76,"Planner 2026 - Um planner para viver com mais cor, equilíbrio e inspiração.",1.0,amazon.com.br,Boleto,Vendedor,Espírito Santo do Pinhal,SP,13990.0,"78,90",0,0,0,0,"-10,26",0,0,0,"68,64",Janeiro,2026
14/01/2026,25432528481,Pedido,702-3186564-4740203,RW-FUR9-X25R,"Planner 2026 - Respire, floresça, torne-se - um planner para sua melhor versão!",1.0,amazon.com.br,Crédito Mastercard e outros,Vendedor,Belo Horizonte,MG,30310.0,"78,90",0,0,0,0,"-10,26",0,0,0,"68,64",Janeiro,2026
14/01/2026,25432528481,Pedido,702-2795432-2004205,MQ-STXD-11EM,"Planner Premium 2026 - Planejamento Anual com Roda da Vida A5, Gestão Financeira, Organização Pessoal, Metas e Saúde, Capa Dura Laminada, Agenda S",2.0,amazon.com.br,Crédito Mastercard e outros,Vendedor,São Paulo,São Paulo,1420.0,"137,80",0,0,0,0,"-17,92",0,0,0,"119,88",Janeiro,2026
14/01/2026,25432120141,Pedido,701-3651370-3575417,14-02SK-RART,Caderno De Anotações - 200 Pag - Flores Naturais,2.0,amazon.com.br,Visa Crédito,Amazon,Porto Alegre,RS,91140.0,"137,80",0,0,0,0,"-17,92",0,0,0,"119,88",Janeiro,2026
14/01/2026,25432120141,Pedido,701-5053891-0911424,RA-KICF-0Q47,"Caderno Preto 20x20cm - Scrapbook Álbum De Fotos Preto 20 Folhas / 40 Páginas - Gramatura 200, Folhas Grossas",1.0,amazon.com.br,Visa Crédito,Vendedor,Porto Alegre,RS,91530.0,"58,90",0,0,0,0,"-7,07",0,0,0,"51,83",Janeiro,2026
14/01/2026,25432528481,Pedido,702-0817284-1601818,H2-QF9W-3BSI,Planner 2026 - Cada flor no seu tempo: planeje o ano com calma e propósito.,1.0,amazon.com.br,Crédito Mastercard e outros,Amazon,Salvador,Ba,41680.0,"78,90","8,90",0,"-8,90",0,"-10,26",0,0,0,"68,64",Janeiro,2026
14/01/2026,25432120141,Pedido,701-9826562-3967403,IS-UA22-XKCF,Planner 2026 - Cada flor no seu tempo: planeje o ano com calma e propósito.,1.0,amazon.com.br,Visa Crédito,Vendedor,São Paulo,SP,8210.0,"78,90",0,0,0,0,"-10,26",0,0,0,"68,64",Janeiro,2026
14/01/2026,25432011241,Pedido,701-5058652-3224245,RA-KICF-0Q47,"Caderno Preto 20x20cm - Scrapbook Álbum De Fotos Preto 20 Folhas / 40 Páginas - Gramatura 200, Folhas Grossas",1.0,amazon.com.br,Boleto,Vendedor,São Paulo,SP,2016.0,"58,90",0,0,0,0,"-7,07",0,0,0,"51,83",Janeiro,2026
14/01/2026,25432011241,Pedido,702-2181715-9420244,BT-HCTV-ZOJY,"Planner 2026 Napolitano - Planejamento Anual com Roda da Vida A5, Gestão Financeira, Organização Pessoal, Metas e Saúde, Capa Dura Laminada, Agend",1.0,amazon.com.br,Boleto,Vendedor,Sorocaba,SP,18017.0,"78,90",0,0,0,0,"-10,26",0,0,0,"68,64",Janeiro,2026
14/01/2026,25432120141,Pedido,701-2068683-2322663,RW-FUR9-X25R,"Planner 2026 - Respire, floresça, torne-se - um planner para sua melhor versão!",1.0,amazon.com.br,Visa Crédito,Vendedor,São Paulo,SP,5587.0,"78,90",0,0,0,0,"-10,26",0,0,0,"68,64",Janeiro,2026
14/01/2026,25432011241,Pedido,701-6341122-4263453,9X-HUC9-I83L,"Planner 2026 - Respire, floresça, torne-se - um planner para sua melhor versão!",1.0,amazon.com.br,Boleto,Vendedor,São Paulo,SP,3315.0,"78,90",0,0,0,0,"-10,26",0,0,0,"68,64",Janeiro,2026
14/01/2026,25432120141,Pedido,701-7885385-0591457,0Q-EK6Z-SV84,"Planner 2026 Floral - Planejamento Anual com Roda da Vida A5, Gestão Financeira, Organização Pessoal, Metas e Saúde, Capa Dura Laminada, Agenda Se",1.0,amazon.com.br,Visa Crédito,Vendedor,Jaboatão dos Guararapes,PE,54230.0,"78,90","22,02",0,0,0,"-10,26",0,0,0,"90,66",Janeiro,2026
14/01/2026,25432120141,Pedido,701-0433964-3864248,UN-GE1Q-635D,Planner 2026 - Life Capa Dura com Controle Financeiro e Roda da Vida (Capa 01),1.0,amazon.com.br,Visa Crédito,Vendedor,Rio de Janeiro,RJ,22723.0,"78,90",0,0,0,0,"-10,26",0,0,0,"68,64",Janeiro,2026
14/01/2026,25432528481,Pedido,702-2510525-9500265,4K-3HFM-I3A1,Planner 2026 - Transforme seus dias com o planner que une beleza e funcionalidade Rosa,1.0,amazon.com.br,Crédito Mastercard e outros,Amazon,Jaboatão dos Guararapes,PE,54440.0,"54,90",0,0,0,0,"-7,14",0,0,0,"47,76",Janeiro,2026
14/01/2026,25432528481,Pedido,702-0846841-9826625,OI-WF8T-IXUA,Planner 2026 - Transforme seus dias com o planner que une beleza e funcionalidade Azul,1.0,amazon.com.br,Crédito Mastercard e outros,Amazon,Fortaleza,CE,60192.0,"58,90",0,0,0,0,"-7,66",0,0,0,"51,24",Janeiro,2026
14/01/2026,25432528481,Pedido,701-2602749-4633033,0Q-EK6Z-SV84,"Planner 2026 Floral - Planejamento Anual com Roda da Vida A5, Gestão Financeira, Organização Pessoal, Metas e Saúde, Capa Dura Laminada, Agenda Se",1.0,amazon.com.br,Crédito Mastercard e outros,Vendedor,são caetano do sul,são paulo,9572.0,"78,90",0,0,0,0,"-10,26",0,0,0,"68,64",Janeiro,2026
14/01/2026,25481463851,Pedido,702-8194435-8341848,ON-V5Q7-KFQN,"Planner 2026 - Um planner para viver com mais cor, equilíbrio e inspiração.",1.0,amazon.com.br,Visa Crédito,Amazon,Passo Fundo,RS,99010.0,"78,90",0,0,0,0,"-10,26",0,0,0,"68,64",Janeiro,2026
14/01/2026,25481715531,Serviços de Envio,701-4558738-4741840,,Tarifa de manuseio com base no peso Delivery by Amazon,,Amazon.com.br,Crédito Mastercard e outros,Vendedor,,,,0,0,0,0,0,0,0,"-6,75",0,"-6,75",Janeiro,2026
14/01/2026,25481715531,Serviços de Envio,701-4558738-4741840,,Estorno do frete pago pelo comprador,,Amazon.com.br,Crédito Mastercard e outros,Vendedor,,,,0,0,0,0,0,0,0,0,0,0,Janeiro,2026
14/01/2026,25481715531,Serviços de Envio,701-9272499-4565834,,Tarifa de manuseio com base no peso Delivery by Amazon,,Amazon.com.br,Crédito Mastercard e outros,Vendedor,,,,0,0,0,0,0,0,0,"-6,75",0,"-6,75",Janeiro,2026
14/01/2026,25481715531,Serviços de Envio,701-9272499-4565834,,Estorno do frete pago pelo comprador,,Amazon.com.br,Crédito Mastercard e outros,Vendedor,,,,0,0,0,0,0,0,0,0,0,0,Janeiro,2026
14/01/2026,25481715531,Serviços de Envio,701-5437290-4345003,,Tarifa de manuseio com base no peso Delivery by Amazon,,Amazon.com.br,Crédito Mastercard e outros,Vendedor,,,,0,0,0,0,0,0,0,"-6,75",0,"-6,75",Janeiro,2026
14/01/2026,25481715531,Serviços de Envio,701-5437290-4345003,,Estorno do frete pago pelo comprador,,Amazon.com.br,Crédito Mastercard e outros,Vendedor,,,,0,0,0,0,0,0,0,0,0,0,Janeiro,2026
14/01/2026,25481715531,Serviços de Envio,701-1030176-0525811,,Tarifa de manuseio com base no peso Delivery by Amazon,,Amazon.com.br,Crédito Mastercard e outros,Vendedor,,,,0,0,0,0,0,0,0,"-6,75",0,"-6,75",Janeiro,2026
14/01/2026,25481715531,Serviços de Envio,701-1030176-0525811,,Estorno do frete pago pelo comprador,,Amazon.com.br,Crédito Mastercard e outros,Vendedor,,,,0,0,0,0,0,0,0,0,0,0,Janeiro,2026
14/01/2026,25481715531,Serviços de Envio,701-6145084-1367442,,Tarifa de manuseio com base no peso Delivery by Amazon,,Amazon.com.br,Crédito Mastercard e outros,Vendedor,,,,0,0,0,0,0,0,0,"-6,75",0,"-6,75",Janeiro,2026
14/01/2026,25481715531,Serviços de Envio,701-6145084-1367442,,Estorno do frete pago pelo comprador,,Amazon.com.br,Crédito Mastercard e outros,Vendedor,,,,0,0,0,0,0,0,0,0,0,0,Janeiro,2026
14/01/2026,25481715531,Serviços de Envio,701-2699110-1397030,,Tarifa de manuseio com base no peso Delivery by Amazon,,Amazon.com.br,Crédito Mastercard e outros,Vendedor,,,,0,0,0,0,0,0,0,"-6,75",0,"-6,75",Janeiro,2026
14/01/2026,25481715531,Serviços de Envio,701-2699110-1397030,,Estorno do frete pago pelo comprador,,Amazon.com.br,Crédito Mastercard e outros,Vendedor,,,,0,0,0,0,0,0,0,"-22,02",0,"-22,02",Janeiro,2026
14/01/2026,25481715531,Serviços de Envio,701-9882549-6733036,,Tarifa de manuseio com base no peso Delivery by Amazon,,Amazon.com.br,Crédito Mastercard e outros,Vendedor,,,,0,0,0,0,0,0,0,"-6,75",0,"-6,75",Janeiro,2026
14/01/2026,25481715531,Serviços de Envio,701-9882549-6733036,,Estorno do frete pago pelo comprador,,Amazon.com.br,Crédito Mastercard e outros,Vendedor,,,,0,0,0,0,0,0,0,0,0,0,Janeiro,2026
14/01/2026,25481715531,Serviços de Envio,701-2510142-1174654,,Tarifa de manuseio com base no peso Delivery by Amazon,,Amazon.com.br,Crédito Mastercard e outros,Vendedor,,,,0,0,0,0,0,0,0,"-6,75",0,"-6,75",Janeiro,2026
14/01/2026,25481715531,Serviços de Envio,701-2510142-1174654,,Estorno do frete pago pelo comprador,,Amazon.com.br,Crédito Mastercard e outros,Vendedor,,,,0,0,0,0,0,0,0,0,0,0,Janeiro,2026
14/01/2026,25481715531,Serviços de Envio,701-4473335-4770613,,Tarifa de manuseio com base no peso Delivery by Amazon,,Amazon.com.br,Crédito Mastercard e outros,Vendedor,,,,0,0,0,0,0,0,0,"-6,75",0,"-6,75",Janeiro,2026
14/01/2026,25481715531,Serviços de Envio,701-4473335-4770613,,Estorno do frete pago pelo comprador,,Amazon.com.br,Crédito Mastercard e outros,Vendedor,,,,0,0,0,0,0,0,0,0,0,0,Janeiro,2026
14/01/2026,25481715531,Serviços de Envio,702-9773741-9234657,,Tarifa de manuseio com base no peso Delivery by Amazon,,Amazon.com.br,Crédito Mastercard e outros,Vendedor,,,,0,0,0,0,0,0,0,"-6,75",0,"-6,75",Janeiro,2026
14/01/2026,25481715531,Serviços de Envio,702-9773741-9234657,,Estorno do frete pago pelo comprador,,Amazon.com.br,Crédito Mastercard e outros,Vendedor,,,,0,0,0,0,0,0,0,0,0,0,Janeiro,2026
14/01/2026,25481715531,Serviços de Envio,701-7222109-9063410,,Tarifa de manuseio com base no peso Delivery by Amazon,,Amazon.com.br,Crédito Mastercard e outros,Vendedor,,,,0,0,0,0,0,0,0,"-6,75",0,"-6,75",Janeiro,2026
14/01/2026,25481715531,Serviços de Envio,701-7222109-9063410,,Estorno do frete pago pelo comprador,,Amazon.com.br,Crédito Mastercard e outros,Vendedor,,,,0,0,0,0,0,0,0,"-22,02",0,"-22,02",Janeiro,2026
14/01/2026,25481715531,Serviços de Envio,701-1850303-7619441,,Tarifa de manuseio com base no peso Delivery by Amazon,,Amazon.com.br,Crédito Mastercard e outros,Vendedor,,,,0,0,0,0,0,0,0,"-6,75",0,"-6,75",Janeiro,2026
14/01/2026,25481715531,Serviços de Envio,701-1850303-7619441,,Estorno do frete pago pelo comprador,,Amazon.com.br,Crédito Mastercard e outros,Vendedor,,,,0,0,0,0,0,0,0,0,0,0,Janeiro,2026
14/01/2026,25481715531,Serviços de Envio,701-2184350-3649828,,Tarifa de manuseio com base no peso Delivery by Amazon,,Amazon.com.br,Crédito Mastercard e outros,Vendedor,,,,0,0,0,0,0,0,0,"-6,75",0,"-6,75",Janeiro,2026
14/01/2026,25481715531,Serviços de Envio,701-2184350-3649828,,Estorno do frete pago pelo comprador,,Amazon.com.br,Crédito Mastercard e outros,Vendedor,,,,0,0,0,0,0,0,0,0,0,0,Janeiro,2026
14/01/2026,25481715531,Serviços de Envio,702-4795282-9599461,,Tarifa de manuseio com base no peso Delivery by Amazon,,Amazon.com.br,Crédito Mastercard e outros,Vendedor,,,,0,0,0,0,0,0,0,"-6,75",0,"-6,75",Janeiro,2026
14/01/2026,25481715531,Serviços de Envio,702-4795282-9599461,,Estorno do frete pago pelo comprador,,Amazon.com.br,Crédito Mastercard e outros,Vendedor,,,,0,0,0,0,0,0,0,0,0,0,Janeiro,2026
14/01/2026,25481715531,Serviços de Envio,701-9336000-8509015,,Tarifa de manuseio com base no peso Delivery by Amazon,,Amazon.com.br,Crédito Mastercard e outros,Vendedor,,,,0,0,0,0,0,0,0,"-6,75",0,"-6,75",Janeiro,2026
14/01/2026,25481715531,Serviços de Envio,701-9336000-8509015,,Estorno do frete pago pelo comprador,,Amazon.com.br,Crédito Mastercard e outros,Vendedor,,,,0,0,0,0,0,0,0,0,0,0,Janeiro,2026
14/01/2026,25481715531,Serviços de Envio,701-2198904-1278630,,Tarifa de manuseio com base no peso Delivery by Amazon,,Amazon.com.br,Crédito Mastercard e outros,Vendedor,,,,0,0,0,0,0,0,0,"-6,75",0,"-6,75",Janeiro,2026
14/01/2026,25481715531,Serviços de Envio,701-2198904-1278630,,Estorno do frete pago pelo comprador,,Amazon.com.br,Crédito Mastercard e outros,Vendedor,,,,0,0,0,0,0,0,0,0,0,0,Janeiro,2026
14/01/2026,25481715531,Serviços de Envio,701-8669344-2629805,,Tarifa de manuseio com base no peso Delivery by Amazon,,Amazon.com.br,Crédito Mastercard e outros,Vendedor,,,,0,0,0,0,0,0,0,"-6,75",0,"-6,75",Janeiro,2026
14/01/2026,25481715531,Serviços de Envio,701-8669344-2629805,,Estorno do frete pago pelo comprador,,Amazon.com.br,Crédito Mastercard e outros,Vendedor,,,,0,0,0,0,0,0,0,0,0,0,Janeiro,2026
14/01/2026,25481715531,Serviços de Envio,701-7282940-3209853,,Tarifa de manuseio com base no peso Delivery by Amazon,,Amazon.com.br,Crédito Mastercard e outros,Vendedor,,,,0,0,0,0,0,0,0,"-6,75",0,"-6,75",Janeiro,2026
14/01/2026,25481715531,Serviços de Envio,701-7282940-3209853,,Estorno do frete pago pelo comprador,,Amazon.com.br,Crédito Mastercard e outros,Vendedor,,,,0,0,0,0,0,0,0,0,0,0,Janeiro,2026
14/01/2026,25481715531,Serviços de Envio,702-6119790-7961848,,Tarifa de manuseio com base no peso Delivery by Amazon,,Amazon.com.br,Crédito Mastercard e outros,Vendedor,,,,0,0,0,0,0,0,0,"-6,75",0,"-6,75",Janeiro,2026
14/01/2026,25481715531,Serviços de Envio,702-6119790-7961848,,Estorno do frete pago pelo comprador,,Amazon.com.br,Crédito Mastercard e outros,Vendedor,,,,0,0,0,0,0,0,0,0,0,0,Janeiro,2026
14/01/2026,25481715531,Serviços de Envio,702-9038156-6296240,,Tarifa de manuseio com base no peso Delivery by Amazon,,Amazon.com.br,Crédito Mastercard e outros,Vendedor,,,,0,0,0,0,0,0,0,"-6,75",0,"-6,75",Janeiro,2026
14/01/2026,25481715531,Serviços de Envio,702-9038156-6296240,,Estorno do frete pago pelo comprador,,Amazon.com.br,Crédito Mastercard e outros,Vendedor,,,,0,0,0,0,0,0,0,0,0,0,Janeiro,2026
14/01/2026,25481715531,Serviços de Envio,702-3399395-7057812,,Tarifa de manuseio com base no peso Delivery by Amazon,,Amazon.com.br,Crédito Mastercard e outros,Vendedor,,,,0,0,0,0,0,0,0,"-6,75",0,"-6,75",Janeiro,2026
14/01/2026,25481715531,Serviços de Envio,702-3399395-7057812,,Estorno do frete pago pelo comprador,,Amazon.com.br,Crédito Mastercard e outros,Vendedor,,,,0,0,0,0,0,0,0,0,0,0,Janeiro,2026
14/01/2026,25481715531,Serviços de Envio,702-6169555-2797065,,Tarifa de manuseio com base no peso Delivery by Amazon,,Amazon.com.br,Crédito Mastercard e outros,Vendedor,,,,0,0,0,0,0,0,0,"-6,75",0,"-6,75",Janeiro,2026
14/01/2026,25481715531,Serviços de Envio,702-6169555-2797065,,Estorno do frete pago pelo comprador,,Amazon.com.br,Crédito Mastercard e outros,Vendedor,,,,0,0,0,0,0,0,0,"-21,57",0,"-21,57",Janeiro,2026
14/01/2026,25481715531,Serviços de Envio,701-8595083-8205811,,Tarifa de manuseio com base no peso Delivery by Amazon,,Amazon.com.br,Crédito Mastercard e outros,Vendedor,,,,0,0,0,0,0,0,0,"-6,75",0,"-6,75",Janeiro,2026
14/01/2026,25481715531,Serviços de Envio,701-8595083-8205811,,Estorno do frete pago pelo comprador,,Amazon.com.br,Crédito Mastercard e outros,Vendedor,,,,0,0,0,0,0,0,0,0,0,0,Janeiro,2026
14/01/2026,25481715531,Serviços de Envio,702-4992993-9229808,,Tarifa de manuseio com base no peso Delivery by Amazon,,Amazon.com.br,Crédito Mastercard e outros,Vendedor,,,,0,0,0,0,0,0,0,"-6,75",0,"-6,75",Janeiro,2026
14/01/2026,25481715531,Serviços de Envio,702-4992993-9229808,,Estorno do frete pago pelo comprador,,Amazon.com.br,Crédito Mastercard e outros,Vendedor,,,,0,0,0,0,0,0,0,0,0,0,Janeiro,2026
14/01/2026,25481302661,Reembolso,701-0451569-3006634,N3-Y3CG-4CQP,Planner 2026 - Floresça que inspira leveza e organização!,1.0,amazon.com.br,Boleto,Amazon,Criciúma,SC,88802.0,"-78,90",0,0,0,0,"8,21",0,0,0,"-70,69",Janeiro,2026
14/01/2026,25481463851,Pedido,701-4935818-3817023,MQ-STXD-11EM,"Planner Premium 2026 - Planejamento Anual com Roda da Vida A5, Gestão Financeira, Organização Pessoal, Metas e Saúde, Capa Dura Laminada, Agenda S",1.0,amazon.com.br,Visa Crédito,Vendedor,ARUJA,SP,7401.0,"68,90",0,0,0,0,"-8,96",0,0,0,"59,94",Janeiro,2026
14/01/2026,25481463851,Pedido,702-7234775-4502610,JC-LA79-2HC8,"Caderno Espiral Capa Dura, A5 210x150mm, 80 Folhas, Van gogh, Frases estoicas (Capa 2)",1.0,amazon.com.br,Visa Crédito,Amazon,São Paulo,São Paulo,5361.0,"35,90",0,0,0,0,"-9,34",0,0,0,"26,56",Janeiro,2026
14/01/2026,25481463851,Pedido,702-7234775-4502610,JC-LA79-2HC8,"Caderno Espiral Capa Dura, A5 210x150mm, 80 Folhas, Van gogh, Frases estoicas (Capa 2)",1.0,amazon.com.br,Visa Crédito,Amazon,São Paulo,São Paulo,5361.0,"35,90",0,0,0,0,0,0,0,0,"35,90",Janeiro,2026
14/01/2026,25481715531,Reembolso,702-5582412-4128254,UN-GE1Q-635D,Planner 2026 - Life Capa Dura com Controle Financeiro e Roda da Vida (Capa 01),1.0,amazon.com.br,Crédito Mastercard e outros,Vendedor,Sobral,CE,62010.0,"-78,90","-21,84",0,0,0,"8,21",0,0,0,"-92,53",Janeiro,2026
14/01/2026,25481463851,Pedido,702-6494959-2764247,MQ-STXD-11EM,"Planner Premium 2026 - Planejamento Anual com Roda da Vida A5, Gestão Financeira, Organização Pessoal, Metas e Saúde, Capa Dura Laminada, Agenda S",1.0,amazon.com.br,Visa Crédito,Vendedor,Rio de Janeiro,Rio de Janeiro,22740.0,"68,90",0,0,0,0,"-8,96",0,0,0,"59,94",Janeiro,2026
14/01/2026,25481715531,Pedido,701-6487225-5125005,AA-2SEI-HBU9,"Planner 2026 - Delicado por fora, poderoso por dentro - organize-se com encanto!",1.0,amazon.com.br,Crédito Mastercard e outros,Vendedor,São Paulo,SP,5754.0,"78,90",0,0,0,0,"-10,26",0,0,0,"68,64",Janeiro,2026
14/01/2026,25481302661,Pedido,702-6331960-7953854,PA-X2A6-EKO8,Planner 2026 - Seu novo começo começa aqui - o planner que floresce com você. Rosa,1.0,amazon.com.br,Boleto,Vendedor,Jundiaí,SP,13201.0,"78,90",0,0,0,0,"-10,26",0,0,0,"68,64",Janeiro,2026
14/01/2026,25481715531,Pedido,701-5405062-1302635,RW-FUR9-X25R,"Planner 2026 - Respire, floresça, torne-se - um planner para sua melhor versão!",1.0,amazon.com.br,Crédito Mastercard e outros,Vendedor,Belo Horizonte,MG,30210.0,"78,90",0,0,0,0,"-10,26",0,0,0,"68,64",Janeiro,2026
14/01/2026,25481463851,Pedido,701-6716195-9281011,RA-KICF-0Q47,"Caderno Preto 20x20cm - Scrapbook Álbum De Fotos Preto 20 Folhas / 40 Páginas - Gramatura 200, Folhas Grossas",1.0,amazon.com.br,Visa Crédito,Vendedor,Jacareí,São Paulo,12327.0,"58,90",0,0,0,0,"-7,07",0,0,0,"51,83",Janeiro,2026
14/01/2026,25481715531,Pedido,702-0484374-7593037,RU-9EXZ-G6IE,Sketchbook Profissional 20x20cm Espiral 180g - Caderno Artístico para Desenho e Aquarela,2.0,amazon.com.br,Crédito Mastercard e outros,Amazon,Rio de Janeiro,RJ,22460.0,"157,80",0,0,0,0,"-18,94",0,0,0,"138,86",Janeiro,2026
14/01/2026,25481715531,Pedido,701-3644141-0625827,RW-FUR9-X25R,"Planner 2026 - Respire, floresça, torne-se - um planner para sua melhor versão!",1.0,amazon.com.br,Crédito Mastercard e outros,Vendedor,Curitiba,PR,81910.0,"78,90",0,0,0,0,"-10,26",0,0,0,"68,64",Janeiro,2026
14/01/2026,25481302661,Pedido,701-5129827-1819425,RA-KICF-0Q47,"Caderno Preto 20x20cm - Scrapbook Álbum De Fotos Preto 20 Folhas / 40 Páginas - Gramatura 200, Folhas Grossas",1.0,amazon.com.br,Boleto,Vendedor,Caucaia,CE,61600.0,"58,90","21,08",0,0,0,"-7,07",0,0,0,"72,91",Janeiro,2026
14/01/2026,25481632831,Pedido,702-6736429-5433042,MY-P05M-MBEP,"Caderno Quadriculado 1x1cm, Capa dura, diversas capas, 80 folhas, 24x15cm",2.0,amazon.com.br,Elo,Vendedor,Curitiba,PR,81130.0,"77,80",0,0,0,0,"-10,12",0,0,0,"67,68",Janeiro,2026
14/01/2026,25481302661,Pedido,702-7582669-2471449,IS-UA22-XKCF,Planner 2026 - Cada flor no seu tempo: planeje o ano com calma e propósito.,1.0,amazon.com.br,Boleto,Vendedor,São José do Rio Preto,SP,15013.0,"78,90",0,0,0,0,"-10,26",0,0,0,"68,64",Janeiro,2026
14/01/2026,25481715531,Pedido,702-4437095-6045054,MQ-STXD-11EM,"Planner Premium 2026 - Planejamento Anual com Roda da Vida A5, Gestão Financeira, Organização Pessoal, Metas e Saúde, Capa Dura Laminada, Agenda S",1.0,amazon.com.br,Crédito Mastercard e outros,Vendedor,Belo Horizonte,Minas Gerais,30140.0,"68,90",0,0,0,0,"-8,96",0,0,0,"59,94",Janeiro,2026
14/01/2026,25481715531,Pedido,702-6238961-8632222,4O-0ACQ-A4CK,"Planner Financeiro Mensal 2026, Roda Da Vida A5 -Planejamento anual, Organização pessoal Metas e objetivos, Gestão financeira Monitoramento de saú",1.0,amazon.com.br,Crédito Mastercard e outros,Amazon,Porangatu,GO,76552.0,"78,90","8,90",0,"-8,90",0,"-10,26",0,0,0,"68,64",Janeiro,2026
14/01/2026,25481715531,Pedido,702-9423051-0985869,9X-HUC9-I83L,"Planner 2026 - Respire, floresça, torne-se - um planner para sua melhor versão!",1.0,amazon.com.br,Crédito Mastercard e outros,Vendedor,São José dos Pinhais,PR,83045.0,"78,90",0,0,0,0,"-10,26",0,0,0,"68,64",Janeiro,2026
14/01/2026,25481302661,Pedido,702-5014971-6345843,MQ-STXD-11EM,"Planner Premium 2026 - Planejamento Anual com Roda da Vida A5, Gestão Financeira, Organização Pessoal, Metas e Saúde, Capa Dura Laminada, Agenda S",1.0,amazon.com.br,Boleto,Vendedor,São Paulo,SP,4578.0,"68,90",0,0,0,0,"-8,96",0,0,0,"59,94",Janeiro,2026
14/01/2026,25481715531,Pedido,701-0401638-2261841,MQ-STXD-11EM,"Planner Premium 2026 - Planejamento Anual com Roda da Vida A5, Gestão Financeira, Organização Pessoal, Metas e Saúde, Capa Dura Laminada, Agenda S",1.0,amazon.com.br,Crédito Mastercard e outros,Vendedor,Betim,MG,32677.0,"68,90",0,0,0,0,"-8,96",0,0,0,"59,94",Janeiro,2026
14/01/2026,25481715531,Pedido,702-8111134-1373864,9X-HUC9-I83L,"Planner 2026 - Respire, floresça, torne-se - um planner para sua melhor versão!",1.0,amazon.com.br,Crédito Mastercard e outros,Vendedor,Espírito Santo do Pinhal,SP,13990.0,"78,90",0,0,0,0,"-10,26",0,0,0,"68,64",Janeiro,2026
15/01/2026,25481463851,Pedido,702-3163810-2885805,RA-KICF-0Q47,"Caderno Preto 20x20cm - Scrapbook Álbum De Fotos Preto 20 Folhas / 40 Páginas - Gramatura 200, Folhas Grossas",1.0,amazon.com.br,Visa Crédito,Vendedor,Recife,PE,51020.0,"58,90","21,08",0,0,0,"-7,07",0,0,0,"72,91",Janeiro,2026
15/01/2026,25481302661,Pedido,701-8303898-6800251,UN-GE1Q-635D,Planner 2026 - Life Capa Dura com Controle Financeiro e Roda da Vida (Capa 01),1.0,amazon.com.br,Boleto,Vendedor,Araxá,MG,38184.0,"78,90",0,0,0,0,"-10,26",0,0,0,"68,64",Janeiro,2026
15/01/2026,25481715531,Pedido,701-6183367-7852204,MQ-STXD-11EM,"Planner Premium 2026 - Planejamento Anual com Roda da Vida A5, Gestão Financeira, Organização Pessoal, Metas e Saúde, Capa Dura Laminada, Agenda S",1.0,amazon.com.br,Crédito Mastercard e outros,Vendedor,São Vicente,SP,11320.0,"68,90",0,0,0,0,"-8,96",0,0,0,"59,94",Janeiro,2026
15/01/2026,25481715531,Pedido,702-6095953-0581816,4K-3HFM-I3A1,Planner 2026 - Transforme seus dias com o planner que une beleza e funcionalidade Rosa,1.0,amazon.com.br,Crédito Mastercard e outros,Amazon,Fortaleza,CE,60520.0,"54,90",0,0,0,0,"-7,14",0,0,0,"47,76",Janeiro,2026
15/01/2026,25481463851,Pedido,701-1202633-9109066,0Q-EK6Z-SV84,"Planner 2026 Floral - Planejamento Anual com Roda da Vida A5, Gestão Financeira, Organização Pessoal, Metas e Saúde, Capa Dura Laminada, Agenda Se",1.0,amazon.com.br,Visa Crédito,Vendedor,Barueri,SP,6414.0,"78,90",0,0,0,0,"-10,26",0,0,0,"68,64",Janeiro,2026
15/01/2026,25481715531,Pedido,701-3890408-1290652,IS-UA22-XKCF,Planner 2026 - Cada flor no seu tempo: planeje o ano com calma e propósito.,1.0,amazon.com.br,Crédito Mastercard e outros,Vendedor,Ribeirão Preto,SP,14039.0,"78,90",0,0,0,0,"-10,26",0,0,0,"68,64",Janeiro,2026
15/01/2026,25481463851,Pedido,702-0875986-1236214,AA-2SEI-HBU9,"Planner 2026 - Delicado por fora, poderoso por dentro - organize-se com encanto!",1.0,amazon.com.br,Visa Crédito,Vendedor,São José do Rio Preto,SP,15092.0,"78,90",0,0,0,0,"-10,26",0,0,0,"68,64",Janeiro,2026
15/01/2026,25481715531,Pedido,702-5744166-8777864,WC-0G0K-5CCC,"Planner Financeiro Mensal Datado 2026, Roda Da Vida A5 -Planejamento anual, Organização pessoal Metas e objetivos, Gestão financeira Monitoramento",1.0,amazon.com.br,Crédito Mastercard e outros,Vendedor,Guarulhos,SP,7097.0,"75,90",0,0,0,0,"-9,87",0,0,0,"66,03",Janeiro,2026
15/01/2026,25481463851,Pedido,701-5096645-7553809,MQ-STXD-11EM,"Planner Premium 2026 - Planejamento Anual com Roda da Vida A5, Gestão Financeira, Organização Pessoal, Metas e Saúde, Capa Dura Laminada, Agenda S",1.0,amazon.com.br,Visa Crédito,Vendedor,Itapetininga,SP,18213.0,"68,90",0,0,0,0,"-8,96",0,0,0,"59,94",Janeiro,2026
15/01/2026,25481715531,Pedido,702-3442742-3917060,ON-V5Q7-KFQN,"Planner 2026 - Um planner para viver com mais cor, equilíbrio e inspiração.",1.0,amazon.com.br,Crédito Mastercard e outros,Amazon,Maceió,AL,57046.0,"78,90",0,0,0,0,"-10,26",0,0,0,"68,64",Janeiro,2026
15/01/2026,25481302661,Pedido,701-6005719-4681853,UN-GE1Q-635D,Planner 2026 - Life Capa Dura com Controle Financeiro e Roda da Vida (Capa 01),1.0,amazon.com.br,Boleto,Vendedor,Londrina,PR,86047.0,"78,90",0,0,0,0,"-10,26",0,0,0,"68,64",Janeiro,2026
15/01/2026,25481463851,Pedido,702-9510542-4001853,AA-2SEI-HBU9,"Planner 2026 - Delicado por fora, poderoso por dentro - organize-se com encanto!",1.0,amazon.com.br,Visa Crédito,Vendedor,Ribeirão Preto,SP,14026.0,"78,90",0,0,0,0,"-10,26",0,0,0,"68,64",Janeiro,2026
15/01/2026,25481715531,Pedido,701-0555503-5197001,MQ-STXD-11EM,"Planner Premium 2026 - Planejamento Anual com Roda da Vida A5, Gestão Financeira, Organização Pessoal, Metas e Saúde, Capa Dura Laminada, Agenda S",1.0,amazon.com.br,Crédito Mastercard e outros,Vendedor,Uberlândia,MG,38410.0,"68,90",0,0,0,0,"-8,96",0,0,0,"59,94",Janeiro,2026
15/01/2026,25481302661,Pedido,702-9419436-4754658,V1-M81P-IY8O,Planner Pessoal Permanente - Comece Quando Quiser!,1.0,amazon.com.br,Boleto,Vendedor,Santo André,SP,9121.0,"78,90",0,0,0,0,"-10,26",0,0,0,"68,64",Janeiro,2026
15/01/2026,25481302661,Pedido,702-9419436-4754658,0Q-EK6Z-SV84,"Planner 2026 Floral - Planejamento Anual com Roda da Vida A5, Gestão Financeira, Organização Pessoal, Metas e Saúde, Capa Dura Laminada, Agenda Se",1.0,amazon.com.br,Boleto,Vendedor,Santo André,SP,9121.0,"78,90",0,0,0,0,"-10,26",0,0,0,"68,64",Janeiro,2026
15/01/2026,25481302661,Pedido,701-6901127-4035430,RA-KICF-0Q47,"Caderno Preto 20x20cm - Scrapbook Álbum De Fotos Preto 20 Folhas / 40 Páginas - Gramatura 200, Folhas Grossas",1.0,amazon.com.br,Boleto,Vendedor,Santo Antônio do Monte,MG,35560.0,"58,90",0,0,0,0,"-7,07",0,0,0,"51,83",Janeiro,2026
15/01/2026,25481715531,Pedido,702-2709743-1031455,0Q-EK6Z-SV84,"Planner 2026 Floral - Planejamento Anual com Roda da Vida A5, Gestão Financeira, Organização Pessoal, Metas e Saúde, Capa Dura Laminada, Agenda Se",1.0,amazon.com.br,Crédito Mastercard e outros,Vendedor,são Paulo,São Paulo,3727.0,"78,90",0,0,0,0,"-10,26",0,0,0,"68,64",Janeiro,2026
15/01/2026,25481715531,Pedido,702-3459873-4686623,MQ-STXD-11EM,"Planner Premium 2026 - Planejamento Anual com Roda da Vida A5, Gestão Financeira, Organização Pessoal, Metas e Saúde, Capa Dura Laminada, Agenda S",1.0,amazon.com.br,Crédito Mastercard e outros,Vendedor,Belo Horizonte,MG,30493.0,"68,90",0,0,0,0,"-8,96",0,0,0,"59,94",Janeiro,2026
15/01/2026,25481632831,Pedido,702-7694480-1421837,MQ-STXD-11EM,"Planner Premium 2026 - Planejamento Anual com Roda da Vida A5, Gestão Financeira, Organização Pessoal, Metas e Saúde, Capa Dura Laminada, Agenda S",1.0,amazon.com.br,Elo,Vendedor,juiz de fora,minas gerais,36047.0,"68,90",0,0,0,0,"-8,96",0,0,0,"59,94",Janeiro,2026
15/01/2026,25480732251,Pedido,701-1208504-7830666,MQ-STXD-11EM,"Planner Premium 2026 - Planejamento Anual com Roda da Vida A5, Gestão Financeira, Organização Pessoal, Metas e Saúde, Capa Dura Laminada, Agenda S",1.0,amazon.com.br,Amex,Vendedor,Juiz de Fora,MG,36033.0,"68,90",0,0,0,0,"-8,96",0,0,0,"59,94",Janeiro,2026
15/01/2026,25481715531,Pedido,701-2734490-9742631,6R-CADM-OAHJ,Planner 2026 - Seu novo começo começa aqui - o planner que floresce com você.,1.0,amazon.com.br,Crédito Mastercard e outros,Vendedor,belo horizonte,mg,30380.0,"78,90",0,0,0,0,"-10,26",0,0,0,"68,64",Janeiro,2026
15/01/2026,25481715531,Pedido,701-1443568-5261011,AA-2SEI-HBU9,"Planner 2026 - Delicado por fora, poderoso por dentro - organize-se com encanto!",1.0,amazon.com.br,Crédito Mastercard e outros,Vendedor,Niteroi,Rj,24230.0,"78,90",0,0,0,0,"-10,26",0,0,0,"68,64",Janeiro,2026
15/01/2026,25481463851,Pedido,702-2942137-9162663,6R-CADM-OAHJ,Planner 2026 - Seu novo começo começa aqui - o planner que floresce com você.,1.0,amazon.com.br,Visa Crédito,Vendedor,Curitiba,PR,82320.0,"78,90",0,0,0,0,"-10,26",0,0,0,"68,64",Janeiro,2026
15/01/2026,25481302661,Pedido,702-4571683-7684219,0Q-EK6Z-SV84,"Planner 2026 Floral - Planejamento Anual com Roda da Vida A5, Gestão Financeira, Organização Pessoal, Metas e Saúde, Capa Dura Laminada, Agenda Se",1.0,amazon.com.br,Boleto,Vendedor,Carapicuíba,SP,6343.0,"78,90",0,0,0,0,"-10,26",0,0,0,"68,64",Janeiro,2026
15/01/2026,25481463851,Pedido,702-0658072-4556210,4G-7YLB-CHKW,Planejamento Financeiro Pessoal - Planner Financeiro - Controle Financeiro (Preto 1),1.0,amazon.com.br,Visa Crédito,Amazon,Recife,PE,50761.0,"78,90",0,0,0,0,"-10,26",0,0,0,"68,64",Janeiro,2026
15/01/2026,25481715531,Pedido,701-4863044-7337811,WC-0G0K-5CCC,"Planner Financeiro Mensal Datado 2026, Roda Da Vida A5 -Planejamento anual, Organização pessoal Metas e objetivos, Gestão financeira Monitoramento",1.0,amazon.com.br,Crédito Mastercard e outros,Vendedor,Santa Cruz,RN,59200.0,"75,90","21,57",0,0,0,"-9,87",0,0,0,"87,60",Janeiro,2026
15/01/2026,25481302661,Pedido,702-4605949-9469017,U4-M0T9-N2ML,"Planner Premium 2026 - Planejamento Anual com Roda da Vida A5, Gestão Financeira, Organização Pessoal, Metas e Saúde, Capa Dura Laminada, Agenda S",1.0,amazon.com.br,Boleto,Vendedor,São Paulo,SP,5001.0,"78,90",0,0,0,0,"-10,26",0,0,0,"68,64",Janeiro,2026
15/01/2026,25481463851,Pedido,701-2996574-2401034,0Q-EK6Z-SV84,"Planner 2026 Floral - Planejamento Anual com Roda da Vida A5, Gestão Financeira, Organização Pessoal, Metas e Saúde, Capa Dura Laminada, Agenda Se",1.0,amazon.com.br,Visa Crédito,Vendedor,Rio de Janeiro,RJ,22790.0,"78,90",0,0,0,0,"-10,26",0,0,0,"68,64",Janeiro,2026
15/01/2026,25481715531,Pedido,701-8769642-0752258,RA-KICF-0Q47,"Caderno Preto 20x20cm - Scrapbook Álbum De Fotos Preto 20 Folhas / 40 Páginas - Gramatura 200, Folhas Grossas",1.0,amazon.com.br,Crédito Mastercard e outros,Vendedor,São Paulo,São Paulo,2374.0,"58,90",0,0,0,0,"-7,07",0,0,0,"51,83",Janeiro,2026
15/01/2026,25481715531,Pedido,702-6907100-0069009,WC-0G0K-5CCC,"Planner Financeiro Mensal Datado 2026, Roda Da Vida A5 -Planejamento anual, Organização pessoal Metas e objetivos, Gestão financeira Monitoramento",1.0,amazon.com.br,Crédito Mastercard e outros,Vendedor,Uberaba,MG,38010.0,"75,90",0,0,0,0,"-9,87",0,0,0,"66,03",Janeiro,2026
15/01/2026,25481463851,Pedido,701-1236122-1869017,MQ-STXD-11EM,"Planner Premium 2026 - Planejamento Anual com Roda da Vida A5, Gestão Financeira, Organização Pessoal, Metas e Saúde, Capa Dura Laminada, Agenda S",1.0,amazon.com.br,Visa Crédito,Vendedor,Rio de Janeiro,RJ,20530.0,"68,90",0,0,0,0,"-8,96",0,0,0,"59,94",Janeiro,2026
15/01/2026,25481302661,Pedido,702-9628551-5389005,0Q-EK6Z-SV84,"Planner 2026 Floral - Planejamento Anual com Roda da Vida A5, Gestão Financeira, Organização Pessoal, Metas e Saúde, Capa Dura Laminada, Agenda Se",1.0,amazon.com.br,Boleto,Vendedor,São Paulo,SP,4282.0,"78,90",0,0,0,0,"-10,26",0,0,0,"68,64",Janeiro,2026
15/01/2026,25481715531,Pedido,702-9265901-1874666,0Q-EK6Z-SV84,"Planner 2026 Floral - Planejamento Anual com Roda da Vida A5, Gestão Financeira, Organização Pessoal, Metas e Saúde, Capa Dura Laminada, Agenda Se",1.0,amazon.com.br,Crédito Mastercard e outros,Vendedor,Limeira,SP,13480.0,"78,90",0,0,0,0,"-10,26",0,0,0,"68,64",Janeiro,2026
15/01/2026,25481302661,Pedido,702-1778189-8824258,AA-2SEI-HBU9,"Planner 2026 - Delicado por fora, poderoso por dentro - organize-se com encanto!",1.0,amazon.com.br,Boleto,Vendedor,Brasília,DF,72155.0,"78,90",0,0,0,0,"-10,26",0,0,0,"68,64",Janeiro,2026
15/01/2026,25481302661,Pedido,701-8847810-0606600,AA-2SEI-HBU9,"Planner 2026 - Delicado por fora, poderoso por dentro - organize-se com encanto!",1.0,amazon.com.br,Boleto,Vendedor,Itapema,SC,88220.0,"78,90",0,0,0,0,"-10,26",0,0,0,"68,64",Janeiro,2026
15/01/2026,25481302661,Pedido,702-7012575-3049838,MQ-STXD-11EM,"Planner Premium 2026 - Planejamento Anual com Roda da Vida A5, Gestão Financeira, Organização Pessoal, Metas e Saúde, Capa Dura Laminada, Agenda S",1.0,amazon.com.br,Boleto,Vendedor,São José,SC,88113.0,"68,90",0,0,0,0,"-8,96",0,0,0,"59,94",Janeiro,2026
15/01/2026,25481715531,Pedido,701-6929670-3229052,BT-HCTV-ZOJY,"Planner 2026 Napolitano - Planejamento Anual com Roda da Vida A5, Gestão Financeira, Organização Pessoal, Metas e Saúde, Capa Dura Laminada, Agend",1.0,amazon.com.br,Crédito Mastercard e outros,Vendedor,São Paulo,SP,4604.0,"78,90",0,0,0,0,"-10,26",0,0,0,"68,64",Janeiro,2026
15/01/2026,25481463851,Pedido,702-6133856-1770618,MQ-STXD-11EM,"Planner Premium 2026 - Planejamento Anual com Roda da Vida A5, Gestão Financeira, Organização Pessoal, Metas e Saúde, Capa Dura Laminada, Agenda S",1.0,amazon.com.br,Visa Crédito,Vendedor,Juiz de Fora,MG,36038.0,"68,90",0,0,0,0,"-8,96",0,0,0,"59,94",Janeiro,2026
15/01/2026,25481715531,Pedido,701-5268370-8646662,AA-2SEI-HBU9,"Planner 2026 - Delicado por fora, poderoso por dentro - organize-se com encanto!",1.0,amazon.com.br,Crédito Mastercard e outros,Vendedor,Itajaí,SC,88303.0,"78,90",0,0,0,0,"-10,26",0,0,0,"68,64",Janeiro,2026
15/01/2026,25480732251,Pedido,701-9213216-3491462,RM-WZSV-E4J3,Planner 2026 - Transforme seus dias com o planner que une beleza e funcionalidade,1.0,amazon.com.br,Amex,Vendedor,Rio de Janeiro,RJ,22631.0,"78,90",0,0,0,0,"-10,26",0,0,0,"68,64",Janeiro,2026
15/01/2026,25481463851,Pedido,701-3940799-4845044,MQ-STXD-11EM,"Planner Premium 2026 - Planejamento Anual com Roda da Vida A5, Gestão Financeira, Organização Pessoal, Metas e Saúde, Capa Dura Laminada, Agenda S",1.0,amazon.com.br,Visa Crédito,Vendedor,Osasco,SP,6026.0,"68,90",0,0,0,0,"-8,96",0,0,0,"59,94",Janeiro,2026
15/01/2026,25481463851,Pedido,702-1131264-9484224,AA-2SEI-HBU9,"Planner 2026 - Delicado por fora, poderoso por dentro - organize-se com encanto!",1.0,amazon.com.br,Visa Crédito,Vendedor,Campos dos Goytacazes,RJ,28020.0,"78,90",0,0,0,0,"-10,26",0,0,0,"68,64",Janeiro,2026
15/01/2026,25481715531,Pedido,701-2121553-5745850,6R-CADM-OAHJ,Planner 2026 - Seu novo começo começa aqui - o planner que floresce com você.,1.0,amazon.com.br,Crédito Mastercard e outros,Vendedor,Rio de Janeiro,RJ,22631.0,"78,90",0,0,0,0,"-10,26",0,0,0,"68,64",Janeiro,2026
15/01/2026,25481715531,Pedido,702-7809787-6720264,OI-WF8T-IXUA,Planner 2026 - Transforme seus dias com o planner que une beleza e funcionalidade Azul,1.0,amazon.com.br,Crédito Mastercard e outros,Amazon,Teresina,PI,64000.0,"58,90",0,0,0,0,"-7,66",0,0,0,"51,24",Janeiro,2026
15/01/2026,25481302661,Pedido,701-9858022-8253839,RA-KICF-0Q47,"Caderno Preto 20x20cm - Scrapbook Álbum De Fotos Preto 20 Folhas / 40 Páginas - Gramatura 200, Folhas Grossas",1.0,amazon.com.br,Boleto,Vendedor,Porto Alegre,RS,91040.0,"58,90",0,0,0,0,"-7,07",0,0,0,"51,83",Janeiro,2026
15/01/2026,25481715531,Pedido,701-1636944-3155433,U4-M0T9-N2ML,"Planner Premium 2026 - Planejamento Anual com Roda da Vida A5, Gestão Financeira, Organização Pessoal, Metas e Saúde, Capa Dura Laminada, Agenda S",1.0,amazon.com.br,Crédito Mastercard e outros,Vendedor,Porto Alegre,RS,90050.0,"78,90",0,0,0,0,"-10,26",0,0,0,"68,64",Janeiro,2026
15/01/2026,25481715531,Pedido,702-7899244-5537802,MQ-STXD-11EM,"Planner Premium 2026 - Planejamento Anual com Roda da Vida A5, Gestão Financeira, Organização Pessoal, Metas e Saúde, Capa Dura Laminada, Agenda S",1.0,amazon.com.br,Crédito Mastercard e outros,Vendedor,Belo Horizonte,MG,30140.0,"68,90",0,0,0,0,"-8,96",0,0,0,"59,94",Janeiro,2026
15/01/2026,25481715531,Pedido,701-6086213-4787419,V7-N8TP-MCL5,Album fotografico scrapbook - Coleção Corações (Vermelho),1.0,amazon.com.br,Crédito Mastercard e outros,Vendedor,Rio de Janeiro,RJ,22750.0,"78,90",0,0,0,0,"-10,26",0,0,0,"68,64",Janeiro,2026
15/01/2026,25481463851,Pedido,701-3376369-7331454,RA-KICF-0Q47,"Caderno Preto 20x20cm - Scrapbook Álbum De Fotos Preto 20 Folhas / 40 Páginas - Gramatura 200, Folhas Grossas",1.0,amazon.com.br,Visa Crédito,Vendedor,Gama DF,DF,72426.0,"58,90",0,0,0,0,"-7,07",0,0,0,"51,83",Janeiro,2026
15/01/2026,25481463851,Pedido,701-0095812-5810604,IL-M7A6-AB2K,Planner 2026 - Life Capa Dura com Controle Financeiro e Roda da Vida (Capa 02),1.0,amazon.com.br,Visa Crédito,Vendedor,Canoas,RS,92410.0,"78,90",0,0,0,0,"-10,26",0,0,0,"68,64",Janeiro,2026
15/01/2026,25480732251,Pedido,701-7612370-1771450,VQ-1XP0-KLCF,Planner Permanente Vintage - Agenda Semanal e Mensal com Capa Clássica Wire-O,1.0,amazon.com.br,Amex,Vendedor,Belo Horizonte,MG,30140.0,"78,90",0,0,0,0,"-10,26",0,0,0,"68,64",Janeiro,2026
15/01/2026,25481463851,Pedido,701-2946798-5590623,VW-M9WL-7RY7,Caderno Scrapbook - Kraft - 20 Folhas - 20x20cm - Bege - Sem Pauta - Folhas Grossas - Album de Fotos - Album de fotos artesanal - Scrapbook colagem de,1.0,amazon.com.br,Visa Crédito,Vendedor,RIO DE JANEIRO,RJ,20540.0,"58,90",0,0,0,0,"-7,07",0,0,0,"51,83",Janeiro,2026
15/01/2026,25481302661,Pedido,702-0455864-7997024,0Q-EK6Z-SV84,"Planner 2026 Floral - Planejamento Anual com Roda da Vida A5, Gestão Financeira, Organização Pessoal, Metas e Saúde, Capa Dura Laminada, Agenda Se",1.0,amazon.com.br,Boleto,Vendedor,Petrópolis,RJ,25730.0,"78,90",0,0,0,0,"-10,26",0,0,0,"68,64",Janeiro,2026
15/01/2026,25481302661,Pedido,702-6804644-4816234,A9-81RP-O347,"Planner Financeiro Mensal 2026, Roda Da Vida A5 -Planejamento anual, Organização pessoal Metas e objetivos, Gestão financeira Monitoramento de saú",1.0,amazon.com.br,Boleto,Vendedor,Paulínia,São Paulo,13140.0,"68,92",0,0,0,0,"-8,96",0,0,0,"59,96",Janeiro,2026
15/01/2026,25481463851,Pedido,702-5163438-2390613,J7-1RCD-8P3P,Scrapbook Kraft 20x20: Crie Seu Álbum Artesanal Único,1.0,amazon.com.br,Visa Crédito,Amazon,Indaiatuba,SP,13338.0,"68,90",0,0,0,0,"-8,27",0,0,0,"60,63",Janeiro,2026
15/01/2026,25481715531,Pedido,701-5708059-2889838,0Q-EK6Z-SV84,"Planner 2026 Floral - Planejamento Anual com Roda da Vida A5, Gestão Financeira, Organização Pessoal, Metas e Saúde, Capa Dura Laminada, Agenda Se",1.0,amazon.com.br,Crédito Mastercard e outros,Vendedor,Bragança Paulista,SP,12914.0,"78,90",0,0,0,0,"-10,26",0,0,0,"68,64",Janeiro,2026
15/01/2026,25481463851,Pedido,701-3084873-1341803,0Q-EK6Z-SV84,"Planner 2026 Floral - Planejamento Anual com Roda da Vida A5, Gestão Financeira, Organização Pessoal, Metas e Saúde, Capa Dura Laminada, Agenda Se",1.0,amazon.com.br,Visa Crédito,Vendedor,Campinas,SP,13023.0,"78,90",0,0,0,0,"-10,26",0,0,0,"68,64",Janeiro,2026
15/01/2026,25481463851,Pedido,701-3461950-1185051,OI-WF8T-IXUA,Planner 2026 - Transforme seus dias com o planner que une beleza e funcionalidade Azul,1.0,amazon.com.br,Visa Crédito,Amazon,São Paulo,SP,3314.0,"58,90",0,0,0,0,"-7,66",0,0,0,"51,24",Janeiro,2026
15/01/2026,25481715531,Pedido,701-7799311-7573866,RA-KICF-0Q47,"Caderno Preto 20x20cm - Scrapbook Álbum De Fotos Preto 20 Folhas / 40 Páginas - Gramatura 200, Folhas Grossas",1.0,amazon.com.br,Crédito Mastercard e outros,Vendedor,Porto Alegre,RS,90450.0,"58,90",0,0,0,0,"-7,07",0,0,0,"51,83",Janeiro,2026
15/01/2026,25481463851,Pedido,701-5731645-5594641,BT-HCTV-ZOJY,"Planner 2026 Napolitano - Planejamento Anual com Roda da Vida A5, Gestão Financeira, Organização Pessoal, Metas e Saúde, Capa Dura Laminada, Agend",1.0,amazon.com.br,Visa Crédito,Vendedor,São Paulo,SP,5061.0,"78,90",0,0,0,0,"-10,26",0,0,0,"68,64",Janeiro,2026
15/01/2026,25481715531,Pedido,701-3835723-5965030,0Q-EK6Z-SV84,"Planner 2026 Floral - Planejamento Anual com Roda da Vida A5, Gestão Financeira, Organização Pessoal, Metas e Saúde, Capa Dura Laminada, Agenda Se",1.0,amazon.com.br,Crédito Mastercard e outros,Vendedor,Goiânia,GO,74230.0,"78,90","22,02",0,0,0,"-10,26",0,0,0,"90,66",Janeiro,2026
15/01/2026,25481302661,Pedido,701-9378345-6070612,OI-WF8T-IXUA,Planner 2026 - Transforme seus dias com o planner que une beleza e funcionalidade Azul,1.0,amazon.com.br,Boleto,Amazon,Maranguape,CE,61948.0,"58,90",0,0,0,0,"-7,66",0,0,0,"51,24",Janeiro,2026
15/01/2026,25481715531,Pedido,702-7545758-4573061,WC-0G0K-5CCC,"Planner Financeiro Mensal Datado 2026, Roda Da Vida A5 -Planejamento anual, Organização pessoal Metas e objetivos, Gestão financeira Monitoramento",1.0,amazon.com.br,Crédito Mastercard e outros,Vendedor,Sorocaba,SP,18050.0,"75,90",0,0,0,0,"-9,87",0,0,0,"66,03",Janeiro,2026
15/01/2026,25481715531,Pedido,701-7091941-0811430,0Q-EK6Z-SV84,"Planner 2026 Floral - Planejamento Anual com Roda da Vida A5, Gestão Financeira, Organização Pessoal, Metas e Saúde, Capa Dura Laminada, Agenda Se",1.0,amazon.com.br,Crédito Mastercard e outros,Vendedor,São Paulo,SP,5036.0,"78,90",0,0,0,0,"-10,26",0,0,0,"68,64",Janeiro,2026
15/01/2026,25481715531,Pedido,702-1720808-2493807,0Q-EK6Z-SV84,"Planner 2026 Floral - Planejamento Anual com Roda da Vida A5, Gestão Financeira, Organização Pessoal, Metas e Saúde, Capa Dura Laminada, Agenda Se",1.0,amazon.com.br,Crédito Mastercard e outros,Vendedor,Itapema,SC,88220.0,"78,90",0,0,0,0,"-10,26",0,0,0,"68,64",Janeiro,2026
15/01/2026,25481463851,Pedido,702-0467327-7042663,0Q-EK6Z-SV84,"Planner 2026 Floral - Planejamento Anual com Roda da Vida A5, Gestão Financeira, Organização Pessoal, Metas e Saúde, Capa Dura Laminada, Agenda Se",1.0,amazon.com.br,Visa Crédito,Vendedor,São Paulo,SP,4106.0,"78,90",0,0,0,0,"-10,26",0,0,0,"68,64",Janeiro,2026
15/01/2026,25481715531,Pedido,702-2720884-8753857,YL-NANJ-F7TC,"Caderno Preto 20x20cm - Scrapbook Álbum De Fotos Preto 20 Folhas / 40 Páginas - Gramatura 200, Folhas Grossas",3.0,amazon.com.br,Crédito Mastercard e outros,Amazon,Fortaleza,CE,60025.0,"206,70",0,0,0,0,"-24,81",0,0,0,"181,89",Janeiro,2026
15/01/2026,25481715531,Pedido,702-4589712-0747439,MQ-STXD-11EM,"Planner Premium 2026 - Planejamento Anual com Roda da Vida A5, Gestão Financeira, Organização Pessoal, Metas e Saúde, Capa Dura Laminada, Agenda S",1.0,amazon.com.br,Crédito Mastercard e outros,Vendedor,Florianópolis,SC,88080.0,"68,90",0,0,0,0,"-8,96",0,0,0,"59,94",Janeiro,2026
15/01/2026,25481463851,Pedido,701-9593056-7529040,0Q-EK6Z-SV84,"Planner 2026 Floral - Planejamento Anual com Roda da Vida A5, Gestão Financeira, Organização Pessoal, Metas e Saúde, Capa Dura Laminada, Agenda Se",1.0,amazon.com.br,Visa Crédito,Vendedor,Cruzeiro,DF,70673.0,"78,90",0,0,0,0,"-10,26",0,0,0,"68,64",Janeiro,2026
15/01/2026,25481463851,Pedido,701-6642479-0607457,0Q-EK6Z-SV84,"Planner 2026 Floral - Planejamento Anual com Roda da Vida A5, Gestão Financeira, Organização Pessoal, Metas e Saúde, Capa Dura Laminada, Agenda Se",1.0,amazon.com.br,Visa Crédito,Vendedor,Belo Horizonte,MG,31030.0,"78,90",0,0,0,0,"-10,26",0,0,0,"68,64",Janeiro,2026
15/01/2026,25481715531,Pedido,702-3108157-7485032,0Q-EK6Z-SV84,"Planner 2026 Floral - Planejamento Anual com Roda da Vida A5, Gestão Financeira, Organização Pessoal, Metas e Saúde, Capa Dura Laminada, Agenda Se",1.0,amazon.com.br,Crédito Mastercard e outros,Vendedor,São Paulo,SP,4545.0,"78,90",0,0,0,0,"-10,26",0,0,0,"68,64",Janeiro,2026
15/01/2026,25481715531,Pedido,701-9277942-9441049,AA-2SEI-HBU9,"Planner 2026 - Delicado por fora, poderoso por dentro - organize-se com encanto!",1.0,amazon.com.br,Crédito Mastercard e outros,Vendedor,Cotia,SP,6711.0,"78,90",0,0,0,0,"-10,26",0,0,0,"68,64",Janeiro,2026
15/01/2026,25481302661,Pedido,702-7524141-0069037,HE-SAFO-BF3P,Agenda 2026 1 Dia Por Folha Com Horario Coleção Inspire,1.0,amazon.com.br,Boleto,Amazon,BELO HORIZONTE,MG,30210.0,"58,90",0,0,0,0,"-7,66",0,0,0,"51,24",Janeiro,2026
15/01/2026,25481463851,Pedido,702-9680672-8919448,BT-HCTV-ZOJY,"Planner 2026 Napolitano - Planejamento Anual com Roda da Vida A5, Gestão Financeira, Organização Pessoal, Metas e Saúde, Capa Dura Laminada, Agend",1.0,amazon.com.br,Visa Crédito,Vendedor,Campinas,SP,13091.0,"78,90",0,0,0,0,"-10,26",0,0,0,"68,64",Janeiro,2026
15/01/2026,25481463851,Pedido,701-6820790-6329064,0Q-EK6Z-SV84,"Planner 2026 Floral - Planejamento Anual com Roda da Vida A5, Gestão Financeira, Organização Pessoal, Metas e Saúde, Capa Dura Laminada, Agenda Se",1.0,amazon.com.br,Visa Crédito,Vendedor,Itajubá,MG,37501.0,"78,90",0,0,0,0,"-10,26",0,0,0,"68,64",Janeiro,2026
15/01/2026,25481463851,Pedido,702-8520893-6614601,0Q-EK6Z-SV84,"Planner 2026 Floral - Planejamento Anual com Roda da Vida A5, Gestão Financeira, Organização Pessoal, Metas e Saúde, Capa Dura Laminada, Agenda Se",1.0,amazon.com.br,Visa Crédito,Vendedor,Rio de Janeiro,RJ,22221.0,"78,90",0,0,0,0,"-10,26",0,0,0,"68,64",Janeiro,2026
15/01/2026,25481715531,Serviços de Envio,701-7269276-8840260,,Tarifa de manuseio com base no peso Delivery by Amazon,,Amazon.com.br,Crédito Mastercard e outros,Vendedor,,,,0,0,0,0,0,0,0,"-6,75",0,"-6,75",Janeiro,2026
15/01/2026,25481715531,Serviços de Envio,701-7269276-8840260,,Estorno do frete pago pelo comprador,,Amazon.com.br,Crédito Mastercard e outros,Vendedor,,,,0,0,0,0,0,0,0,0,0,0,Janeiro,2026
15/01/2026,25481715531,Serviços de Envio,701-7596840-0830623,,Tarifa de manuseio com base no peso Delivery by Amazon,,Amazon.com.br,Crédito Mastercard e outros,Vendedor,,,,0,0,0,0,0,0,0,"-6,75",0,"-6,75",Janeiro,2026
15/01/2026,25481715531,Serviços de Envio,701-7596840-0830623,,Estorno do frete pago pelo comprador,,Amazon.com.br,Crédito Mastercard e outros,Vendedor,,,,0,0,0,0,0,0,0,0,0,0,Janeiro,2026
15/01/2026,25481715531,Serviços de Envio,701-2528073-5261852,,Tarifa de manuseio com base no peso Delivery by Amazon,,Amazon.com.br,Crédito Mastercard e outros,Vendedor,,,,0,0,0,0,0,0,0,"-6,75",0,"-6,75",Janeiro,2026
15/01/2026,25481715531,Serviços de Envio,701-2528073-5261852,,Estorno do frete pago pelo comprador,,Amazon.com.br,Crédito Mastercard e outros,Vendedor,,,,0,0,0,0,0,0,0,0,0,0,Janeiro,2026
15/01/2026,25481715531,Serviços de Envio,702-2687474-2021039,,Tarifa de manuseio com base no peso Delivery by Amazon,,Amazon.com.br,Crédito Mastercard e outros,Vendedor,,,,0,0,0,0,0,0,0,"-6,75",0,"-6,75",Janeiro,2026
15/01/2026,25481715531,Serviços de Envio,702-2687474-2021039,,Estorno do frete pago pelo comprador,,Amazon.com.br,Crédito Mastercard e outros,Vendedor,,,,0,0,0,0,0,0,0,0,0,0,Janeiro,2026
15/01/2026,25481715531,Serviços de Envio,702-0903191-1994602,,Tarifa de manuseio com base no peso Delivery by Amazon,,Amazon.com.br,Crédito Mastercard e outros,Vendedor,,,,0,0,0,0,0,0,0,"-6,75",0,"-6,75",Janeiro,2026
15/01/2026,25481715531,Serviços de Envio,702-0903191-1994602,,Estorno do frete pago pelo comprador,,Amazon.com.br,Crédito Mastercard e outros,Vendedor,,,,0,0,0,0,0,0,0,0,0,0,Janeiro,2026
15/01/2026,25481715531,Serviços de Envio,701-8636847-1922644,,Tarifa de manuseio com base no peso Delivery by Amazon,,Amazon.com.br,Crédito Mastercard e outros,Vendedor,,,,0,0,0,0,0,0,0,"-6,75",0,"-6,75",Janeiro,2026
15/01/2026,25481715531,Serviços de Envio,701-8636847-1922644,,Estorno do frete pago pelo comprador,,Amazon.com.br,Crédito Mastercard e outros,Vendedor,,,,0,0,0,0,0,0,0,0,0,0,Janeiro,2026
15/01/2026,25481715531,Serviços de Envio,701-7779211-6466617,,Tarifa de manuseio com base no peso Delivery by Amazon,,Amazon.com.br,Crédito Mastercard e outros,Vendedor,,,,0,0,0,0,0,0,0,"-6,75",0,"-6,75",Janeiro,2026
15/01/2026,25481715531,Serviços de Envio,701-7779211-6466617,,Estorno do frete pago pelo comprador,,Amazon.com.br,Crédito Mastercard e outros,Vendedor,,,,0,0,0,0,0,0,0,0,0,0,Janeiro,2026
15/01/2026,25481715531,Serviços de Envio,701-0039104-3377804,,Tarifa de manuseio com base no peso Delivery by Amazon,,Amazon.com.br,Crédito Mastercard e outros,Vendedor,,,,0,0,0,0,0,0,0,"-6,75",0,"-6,75",Janeiro,2026
15/01/2026,25481715531,Serviços de Envio,701-0039104-3377804,,Estorno do frete pago pelo comprador,,Amazon.com.br,Crédito Mastercard e outros,Vendedor,,,,0,0,0,0,0,0,0,0,0,0,Janeiro,2026
15/01/2026,25481715531,Serviços de Envio,702-7253199-9567462,,Tarifa de manuseio com base no peso Delivery by Amazon,,Amazon.com.br,Crédito Mastercard e outros,Vendedor,,,,0,0,0,0,0,0,0,"-6,75",0,"-6,75",Janeiro,2026
15/01/2026,25481715531,Serviços de Envio,702-7253199-9567462,,Estorno do frete pago pelo comprador,,Amazon.com.br,Crédito Mastercard e outros,Vendedor,,,,0,0,0,0,0,0,0,0,0,0,Janeiro,2026
15/01/2026,25481715531,Serviços de Envio,702-5941484-4114646,,Tarifa de manuseio com base no peso Delivery by Amazon,,Amazon.com.br,Crédito Mastercard e outros,Vendedor,,,,0,0,0,0,0,0,0,"-6,75",0,"-6,75",Janeiro,2026
15/01/2026,25481715531,Serviços de Envio,702-5941484-4114646,,Estorno do frete pago pelo comprador,,Amazon.com.br,Crédito Mastercard e outros,Vendedor,,,,0,0,0,0,0,0,0,0,0,0,Janeiro,2026
15/01/2026,25481715531,Serviços de Envio,702-8685027-0006656,,Tarifa de manuseio com base no peso Delivery by Amazon,,Amazon.com.br,Crédito Mastercard e outros,Vendedor,,,,0,0,0,0,0,0,0,"-6,75",0,"-6,75",Janeiro,2026
15/01/2026,25481715531,Serviços de Envio,702-8685027-0006656,,Estorno do frete pago pelo comprador,,Amazon.com.br,Crédito Mastercard e outros,Vendedor,,,,0,0,0,0,0,0,0,0,0,0,Janeiro,2026
15/01/2026,25481715531,Serviços de Envio,701-0769121-6797812,,Tarifa de manuseio com base no peso Delivery by Amazon,,Amazon.com.br,Crédito Mastercard e outros,Vendedor,,,,0,0,0,0,0,0,0,"-6,75",0,"-6,75",Janeiro,2026
15/01/2026,25481715531,Serviços de Envio,701-0769121-6797812,,Estorno do frete pago pelo comprador,,Amazon.com.br,Crédito Mastercard e outros,Vendedor,,,,0,0,0,0,0,0,0,"-21,84",0,"-21,84",Janeiro,2026
15/01/2026,25481715531,Serviços de Envio,701-0236979-9138611,,Tarifa de manuseio com base no peso Delivery by Amazon,,Amazon.com.br,Crédito Mastercard e outros,Vendedor,,,,0,0,0,0,0,0,0,"-6,75",0,"-6,75",Janeiro,2026
15/01/2026,25481715531,Serviços de Envio,701-0236979-9138611,,Estorno do frete pago pelo comprador,,Amazon.com.br,Crédito Mastercard e outros,Vendedor,,,,0,0,0,0,0,0,0,0,0,0,Janeiro,2026
15/01/2026,25481715531,Serviços de Envio,701-6128898-6268208,,Tarifa de manuseio com base no peso Delivery by Amazon,,Amazon.com.br,Crédito Mastercard e outros,Vendedor,,,,0,0,0,0,0,0,0,"-6,75",0,"-6,75",Janeiro,2026
15/01/2026,25481715531,Serviços de Envio,701-6128898-6268208,,Estorno do frete pago pelo comprador,,Amazon.com.br,Crédito Mastercard e outros,Vendedor,,,,0,0,0,0,0,0,0,0,0,0,Janeiro,2026
15/01/2026,25481715531,Serviços de Envio,702-8226764-0414624,,Tarifa de manuseio com base no peso Delivery by Amazon,,Amazon.com.br,Crédito Mastercard e outros,Vendedor,,,,0,0,0,0,0,0,0,"-6,75",0,"-6,75",Janeiro,2026
15/01/2026,25481715531,Serviços de Envio,702-8226764-0414624,,Estorno do frete pago pelo comprador,,Amazon.com.br,Crédito Mastercard e outros,Vendedor,,,,0,0,0,0,0,0,0,"-35,99",0,"-35,99",Janeiro,2026
15/01/2026,25481715531,Serviços de Envio,702-8614683-7997826,,Tarifa de manuseio com base no peso Delivery by Amazon,,Amazon.com.br,Crédito Mastercard e outros,Vendedor,,,,0,0,0,0,0,0,0,"-6,75",0,"-6,75",Janeiro,2026
15/01/2026,25481715531,Serviços de Envio,702-8614683-7997826,,Estorno do frete pago pelo comprador,,Amazon.com.br,Crédito Mastercard e outros,Vendedor,,,,0,0,0,0,0,0,0,0,0,0,Janeiro,2026
15/01/2026,25481715531,Serviços de Envio,702-2971524-7636215,,Tarifa de manuseio com base no peso Delivery by Amazon,,Amazon.com.br,Crédito Mastercard e outros,Vendedor,,,,0,0,0,0,0,0,0,"-6,75",0,"-6,75",Janeiro,2026
15/01/2026,25481715531,Serviços de Envio,702-2971524-7636215,,Estorno do frete pago pelo comprador,,Amazon.com.br,Crédito Mastercard e outros,Vendedor,,,,0,0,0,0,0,0,0,0,0,0,Janeiro,2026
15/01/2026,25481715531,Serviços de Envio,701-0042264-3130649,,Tarifa de manuseio com base no peso Delivery by Amazon,,Amazon.com.br,Crédito Mastercard e outros,Vendedor,,,,0,0,0,0,0,0,0,"-6,75",0,"-6,75",Janeiro,2026
15/01/2026,25481715531,Serviços de Envio,701-0042264-3130649,,Estorno do frete pago pelo comprador,,Amazon.com.br,Crédito Mastercard e outros,Vendedor,,,,0,0,0,0,0,0,0,0,0,0,Janeiro,2026
15/01/2026,25481715531,Serviços de Envio,702-4657209-6179437,,Tarifa de manuseio com base no peso Delivery by Amazon,,Amazon.com.br,Crédito Mastercard e outros,Vendedor,,,,0,0,0,0,0,0,0,"-6,75",0,"-6,75",Janeiro,2026
15/01/2026,25481715531,Serviços de Envio,702-4657209-6179437,,Estorno do frete pago pelo comprador,,Amazon.com.br,Crédito Mastercard e outros,Vendedor,,,,0,0,0,0,0,0,0,0,0,0,Janeiro,2026
15/01/2026,25481715531,Serviços de Envio,701-0389953-4560221,,Tarifa de manuseio com base no peso Delivery by Amazon,,Amazon.com.br,Crédito Mastercard e outros,Vendedor,,,,0,0,0,0,0,0,0,"-6,75",0,"-6,75",Janeiro,2026
15/01/2026,25481715531,Serviços de Envio,701-0389953-4560221,,Estorno do frete pago pelo comprador,,Amazon.com.br,Crédito Mastercard e outros,Vendedor,,,,0,0,0,0,0,0,0,0,0,0,Janeiro,2026
15/01/2026,25481715531,Serviços de Envio,702-0759821-8209034,,Tarifa de manuseio com base no peso Delivery by Amazon,,Amazon.com.br,Crédito Mastercard e outros,Vendedor,,,,0,0,0,0,0,0,0,"-6,75",0,"-6,75",Janeiro,2026
15/01/2026,25481715531,Serviços de Envio,702-0759821-8209034,,Estorno do frete pago pelo comprador,,Amazon.com.br,Crédito Mastercard e outros,Vendedor,,,,0,0,0,0,0,0,0,0,0,0,Janeiro,2026
15/01/2026,25481715531,Serviços de Envio,701-0568496-3696225,,Tarifa de manuseio com base no peso Delivery by Amazon,,Amazon.com.br,Crédito Mastercard e outros,Vendedor,,,,0,0,0,0,0,0,0,"-6,75",0,"-6,75",Janeiro,2026
15/01/2026,25481715531,Serviços de Envio,701-0568496-3696225,,Estorno do frete pago pelo comprador,,Amazon.com.br,Crédito Mastercard e outros,Vendedor,,,,0,0,0,0,0,0,0,0,0,0,Janeiro,2026
15/01/2026,25481715531,Serviços de Envio,701-5442914-1093839,,Tarifa de manuseio com base no peso Delivery by Amazon,,Amazon.com.br,Crédito Mastercard e outros,Vendedor,,,,0,0,0,0,0,0,0,"-6,75",0,"-6,75",Janeiro,2026
15/01/2026,25481715531,Serviços de Envio,701-5442914-1093839,,Estorno do frete pago pelo comprador,,Amazon.com.br,Crédito Mastercard e outros,Vendedor,,,,0,0,0,0,0,0,0,0,0,0,Janeiro,2026
15/01/2026,25481715531,Serviços de Envio,702-0584128-6691429,,Tarifa de manuseio com base no peso Delivery by Amazon,,Amazon.com.br,Crédito Mastercard e outros,Vendedor,,,,0,0,0,0,0,0,0,"-6,75",0,"-6,75",Janeiro,2026
15/01/2026,25481715531,Serviços de Envio,702-0584128-6691429,,Estorno do frete pago pelo comprador,,Amazon.com.br,Crédito Mastercard e outros,Vendedor,,,,0,0,0,0,0,0,0,0,0,0,Janeiro,2026
15/01/2026,25481715531,Serviços de Envio,702-4897795-8570633,,Tarifa de manuseio com base no peso Delivery by Amazon,,Amazon.com.br,Crédito Mastercard e outros,Vendedor,,,,0,0,0,0,0,0,0,"-6,75",0,"-6,75",Janeiro,2026
15/01/2026,25481715531,Serviços de Envio,702-4897795-8570633,,Estorno do frete pago pelo comprador,,Amazon.com.br,Crédito Mastercard e outros,Vendedor,,,,0,0,0,0,0,0,0,0,0,0,Janeiro,2026
15/01/2026,25481715531,Pedido,702-1948154-4656227,RW-FUR9-X25R,"Planner 2026 - Respire, floresça, torne-se - um planner para sua melhor versão!",1.0,amazon.com.br,Crédito Mastercard e outros,Vendedor,São Paulo,SP,5588.0,"78,90",0,0,0,0,"-10,26",0,0,0,"68,64",Janeiro,2026
15/01/2026,25481715531,Pedido,701-5312467-2220228,0Q-EK6Z-SV84,"Planner 2026 Floral - Planejamento Anual com Roda da Vida A5, Gestão Financeira, Organização Pessoal, Metas e Saúde, Capa Dura Laminada, Agenda Se",1.0,amazon.com.br,Crédito Mastercard e outros,Vendedor,Porto Alegre,RS,91920.0,"78,90",0,0,0,0,"-10,26",0,0,0,"68,64",Janeiro,2026
15/01/2026,25481463851,Pedido,701-9557434-0145808,AA-2SEI-HBU9,"Planner 2026 - Delicado por fora, poderoso por dentro - organize-se com encanto!",1.0,amazon.com.br,Visa Crédito,Vendedor,Brasília,DF,70864.0,"78,90",0,0,0,0,"-10,26",0,0,0,"68,64",Janeiro,2026
15/01/2026,25481302661,Transferir,,,Conta bancária com final: 192,,,Boleto,,,,,0,0,0,0,0,0,0,0,"-4.784,03","-4.784,03",Janeiro,2026
15/01/2026,25481715531,Pedido,702-3297178-6733819,A9-81RP-O347,"Planner Financeiro Mensal 2026, Roda Da Vida A5 -Planejamento anual, Organização pessoal Metas e objetivos, Gestão financeira Monitoramento de saú",1.0,amazon.com.br,Crédito Mastercard e outros,Vendedor,Rio de Janeiro,RJ,20540.0,"68,92",0,0,0,0,"-8,96",0,0,0,"59,96",Janeiro,2026
15/01/2026,25481715531,Taxa de serviço,,,Custo de Publicidade,,,Crédito Mastercard e outros,,,,,0,0,0,0,0,0,0,"-2.530,81",0,"-2.530,81",Janeiro,2026
15/01/2026,25481463851,Pedido,702-5483930-6840230,OI-WF8T-IXUA,Planner 2026 - Transforme seus dias com o planner que une beleza e funcionalidade Azul,1.0,amazon.com.br,Visa Crédito,Amazon,Brasília,DF,71680.0,"58,90",0,0,0,0,"-7,66",0,0,0,"51,24",Janeiro,2026
15/01/2026,25481715531,Pedido,701-1166143-3678650,RA-KICF-0Q47,"Caderno Preto 20x20cm - Scrapbook Álbum De Fotos Preto 20 Folhas / 40 Páginas - Gramatura 200, Folhas Grossas",1.0,amazon.com.br,Crédito Mastercard e outros,Vendedor,São Paulo,SP,5125.0,"58,90",0,0,0,0,"-7,07",0,0,0,"51,83",Janeiro,2026
15/01/2026,25481715531,Pedido,702-1148722-8667401,0Q-EK6Z-SV84,"Planner 2026 Floral - Planejamento Anual com Roda da Vida A5, Gestão Financeira, Organização Pessoal, Metas e Saúde, Capa Dura Laminada, Agenda Se",1.0,amazon.com.br,Crédito Mastercard e outros,Vendedor,Capelinha,MG,39683.0,"78,90",0,0,0,0,"-10,26",0,0,0,"68,64",Janeiro,2026
15/01/2026,25481715531,Pedido,701-8949520-2141040,IS-UA22-XKCF,Planner 2026 - Cada flor no seu tempo: planeje o ano com calma e propósito.,1.0,amazon.com.br,Crédito Mastercard e outros,Vendedor,Bombinhas,SC,88215.0,"78,90",0,0,0,0,"-10,26",0,0,0,"68,64",Janeiro,2026
15/01/2026,25481715531,Pedido,701-5058583-8692204,A9-81RP-O347,"Planner Financeiro Mensal 2026, Roda Da Vida A5 -Planejamento anual, Organização pessoal Metas e objetivos, Gestão financeira Monitoramento de saú",1.0,amazon.com.br,Crédito Mastercard e outros,Vendedor,Rio de Janeiro,RJ,21321.0,"68,92",0,0,0,0,"-8,96",0,0,0,"59,96",Janeiro,2026
15/01/2026,25481715531,Pedido,702-4735934-4464248,UN-GE1Q-635D,Planner 2026 - Life Capa Dura com Controle Financeiro e Roda da Vida (Capa 01),1.0,amazon.com.br,Crédito Mastercard e outros,Vendedor,Curitiba,PR,82600.0,"78,90",0,0,0,0,"-10,26",0,0,0,"68,64",Janeiro,2026
15/01/2026,25481715531,Pedido,702-4735934-4464248,IL-M7A6-AB2K,Planner 2026 - Life Capa Dura com Controle Financeiro e Roda da Vida (Capa 02),1.0,amazon.com.br,Crédito Mastercard e outros,Vendedor,Curitiba,PR,82600.0,"78,90",0,0,0,0,"-10,26",0,0,0,"68,64",Janeiro,2026
15/01/2026,25481302661,Pedido,701-7376270-3079447,0Q-EK6Z-SV84,"Planner 2026 Floral - Planejamento Anual com Roda da Vida A5, Gestão Financeira, Organização Pessoal, Metas e Saúde, Capa Dura Laminada, Agenda Se",1.0,amazon.com.br,Boleto,Vendedor,Recanto das Emas,Df,72622.0,"78,90",0,0,0,0,"-10,26",0,0,0,"68,64",Janeiro,2026
15/01/2026,25481632831,Pedido,701-2905316-2579457,RU-9EXZ-G6IE,Sketchbook Profissional 20x20cm Espiral 180g - Caderno Artístico para Desenho e Aquarela,1.0,amazon.com.br,Elo,Amazon,Manaus,AM,69055.0,"78,90",0,0,0,0,"-9,47",0,0,0,"69,43",Janeiro,2026
15/01/2026,25481715531,Pedido,702-2301491-8181823,0Q-EK6Z-SV84,"Planner 2026 Floral - Planejamento Anual com Roda da Vida A5, Gestão Financeira, Organização Pessoal, Metas e Saúde, Capa Dura Laminada, Agenda Se",1.0,amazon.com.br,Crédito Mastercard e outros,Vendedor,Rio de Janeiro,RJ,22210.0,"78,90",0,0,0,0,"-10,26",0,0,0,"68,64",Janeiro,2026
15/01/2026,25481463851,Pedido,701-6416554-0617805,S1-SAO6-CBNU,"Planner Financeiro Mensal Datado 2026, Roda Da Vida A5 - Planner premium Agenda 2026 Planejamento anual Organização pessoal Metas e objetivos Gestã",1.0,amazon.com.br,Visa Crédito,Vendedor,Sertãozinho,SP,14169.0,"78,90",0,0,0,0,"-10,26",0,0,0,"68,64",Janeiro,2026
15/01/2026,25481302661,Pedido,701-0451864-8065847,AA-2SEI-HBU9,"Planner 2026 - Delicado por fora, poderoso por dentro - organize-se com encanto!",1.0,amazon.com.br,Boleto,Vendedor,São Paulo,SP,5362.0,"78,90",0,0,0,0,"-10,26",0,0,0,"68,64",Janeiro,2026
16/01/2026,25481302661,Pedido,701-6481364-9284214,BT-HCTV-ZOJY,"Planner 2026 Napolitano - Planejamento Anual com Roda da Vida A5, Gestão Financeira, Organização Pessoal, Metas e Saúde, Capa Dura Laminada, Agend",1.0,amazon.com.br,Boleto,Vendedor,São Paulo,SP,5413.0,"78,90",0,0,0,0,"-10,26",0,0,0,"68,64",Janeiro,2026
16/01/2026,25481463851,Pedido,702-4006641-5411460,V7-N8TP-MCL5,Album fotografico scrapbook - Coleção Corações (Vermelho),1.0,amazon.com.br,Visa Crédito,Vendedor,Criciúma,SC,88818.0,"78,90",0,0,0,0,"-10,26",0,0,0,"68,64",Janeiro,2026
16/01/2026,25481715531,Pedido,701-0964232-3649858,OI-WF8T-IXUA,Planner 2026 - Transforme seus dias com o planner que une beleza e funcionalidade Azul,1.0,amazon.com.br,Crédito Mastercard e outros,Amazon,Fortaleza,CE,60192.0,"58,90",0,0,0,0,"-7,66",0,0,0,"51,24",Janeiro,2026
16/01/2026,25481302661,Pedido,702-0679740-9679430,MQ-STXD-11EM,"Planner Premium 2026 - Planejamento Anual com Roda da Vida A5, Gestão Financeira, Organização Pessoal, Metas e Saúde, Capa Dura Laminada, Agenda S",1.0,amazon.com.br,Boleto,Vendedor,São Paulo,SP,5734.0,"68,90",0,0,0,0,"-8,96",0,0,0,"59,94",Janeiro,2026
16/01/2026,25481715531,Pedido,702-5741768-5716250,MY-P05M-MBEP,"Caderno Quadriculado 1x1cm, Capa dura, diversas capas, 80 folhas, 24x15cm",1.0,amazon.com.br,Crédito Mastercard e outros,Vendedor,BRASILIA,DF,71510.0,"38,90",0,0,0,0,"-5,06",0,0,0,"33,84",Janeiro,2026
16/01/2026,25481715531,Pedido,701-6817907-4528217,0Q-EK6Z-SV84,"Planner 2026 Floral - Planejamento Anual com Roda da Vida A5, Gestão Financeira, Organização Pessoal, Metas e Saúde, Capa Dura Laminada, Agenda Se",1.0,amazon.com.br,Crédito Mastercard e outros,Vendedor,Santos,SP,11025.0,"78,90",0,0,0,0,"-10,26",0,0,0,"68,64",Janeiro,2026
16/01/2026,25481302661,Pedido,701-9648523-5322657,MQ-STXD-11EM,"Planner Premium 2026 - Planejamento Anual com Roda da Vida A5, Gestão Financeira, Organização Pessoal, Metas e Saúde, Capa Dura Laminada, Agenda S",1.0,amazon.com.br,Boleto,Vendedor,Suzano,SP,8676.0,"68,90",0,0,0,0,"-8,96",0,0,0,"59,94",Janeiro,2026
16/01/2026,25481463851,Pedido,702-5681344-0599466,0Q-EK6Z-SV84,"Planner 2026 Floral - Planejamento Anual com Roda da Vida A5, Gestão Financeira, Organização Pessoal, Metas e Saúde, Capa Dura Laminada, Agenda Se",1.0,amazon.com.br,Visa Crédito,Vendedor,Guarulhos,SP,7243.0,"78,90",0,0,0,0,"-10,26",0,0,0,"68,64",Janeiro,2026
16/01/2026,25481715531,Pedido,701-8698594-9149051,BQ-HFZX-614B,Planner Financeiro 2026 Coleção Living - Controle Financeiro - Planner Life,1.0,amazon.com.br,Crédito Mastercard e outros,Amazon,Salvador,Bahia,41770.0,"55,90",0,0,0,0,"-7,27",0,0,0,"48,63",Janeiro,2026
16/01/2026,25481463851,Pedido,702-5869375-4476251,0Q-EK6Z-SV84,"Planner 2026 Floral - Planejamento Anual com Roda da Vida A5, Gestão Financeira, Organização Pessoal, Metas e Saúde, Capa Dura Laminada, Agenda Se",1.0,amazon.com.br,Visa Crédito,Vendedor,Rio de Janeiro,Rio de Janeiro,22790.0,"78,90",0,0,0,0,"-10,26",0,0,0,"68,64",Janeiro,2026
16/01/2026,25481715531,Pedido,701-7600395-0669029,D3-VGD4-YDTV,"Planner Premium 2026 - Planejamento Anual com Roda da Vida A5, Gestão Financeira, Organização Pessoal, Metas e Saúde, Capa Dura Laminada, Agenda S",1.0,amazon.com.br,Crédito Mastercard e outros,Amazon,Guiratinga,MT,78760.0,"78,90","8,90",0,"-8,90",0,"-10,26",0,0,0,"68,64",Janeiro,2026
16/01/2026,25481302661,Pedido,702-0319272-4454661,XH-KNXQ-DP76,"Planner 2026 - Um planner para viver com mais cor, equilíbrio e inspiração.",1.0,amazon.com.br,Boleto,Vendedor,Anápolis,GO,75064.0,"78,90","21,71",0,0,0,"-10,26",0,0,0,"90,35",Janeiro,2026
16/01/2026,25481463851,Pedido,701-3303599-7669064,7I-1FLT-DOZ6,Planner 2026 - Transforme seus dias com o planner que une beleza e funcionalidade,1.0,amazon.com.br,Visa Crédito,Amazon,Macapá,AP,68903.0,"78,90",0,0,0,0,"-10,26",0,0,0,"68,64",Janeiro,2026
16/01/2026,25481463851,Pedido,702-5631497-1178639,A9-81RP-O347,"Planner Financeiro Mensal 2026, Roda Da Vida A5 -Planejamento anual, Organização pessoal Metas e objetivos, Gestão financeira Monitoramento de saú",1.0,amazon.com.br,Visa Crédito,Vendedor,Patos de Minas,MG,38706.0,"68,92",0,0,0,0,"-8,96",0,0,0,"59,96",Janeiro,2026
16/01/2026,25481715531,Pedido,701-7323024-6124202,MQ-STXD-11EM,"Planner Premium 2026 - Planejamento Anual com Roda da Vida A5, Gestão Financeira, Organização Pessoal, Metas e Saúde, Capa Dura Laminada, Agenda S",1.0,amazon.com.br,Crédito Mastercard e outros,Vendedor,Brasília,DF,70740.0,"68,90",0,0,0,0,"-8,96",0,0,0,"59,94",Janeiro,2026
16/01/2026,25481463851,Pedido,701-1594861-5132225,OR-QD8C-Y86U,"Planner Financeiro Mensal Datado 2026, Roda Da Vida A5 -Planejamento anual, Organização pessoal Metas e objetivos, Gestão financeira Monitoramento",1.0,amazon.com.br,Visa Crédito,Vendedor,Juiz de Fora,MG,36016.0,"78,90",0,0,0,0,"-10,26",0,0,0,"68,64",Janeiro,2026
16/01/2026,25481463851,Pedido,702-6861157-1709066,0Q-EK6Z-SV84,"Planner 2026 Floral - Planejamento Anual com Roda da Vida A5, Gestão Financeira, Organização Pessoal, Metas e Saúde, Capa Dura Laminada, Agenda Se",1.0,amazon.com.br,Visa Crédito,Vendedor,Mandaguari,Paraná,86975.0,"78,90",0,0,0,0,"-10,26",0,0,0,"68,64",Janeiro,2026
16/01/2026,25481715531,Pedido,702-0492102-3071416,0Q-EK6Z-SV84,"Planner 2026 Floral - Planejamento Anual com Roda da Vida A5, Gestão Financeira, Organização Pessoal, Metas e Saúde, Capa Dura Laminada, Agenda Se",1.0,amazon.com.br,Crédito Mastercard e outros,Vendedor,São José dos Campos,SP,12246.0,"78,90",0,0,0,0,"-10,26",0,0,0,"68,64",Janeiro,2026
16/01/2026,25481715531,Pedido,702-6726665-4726611,AA-2SEI-HBU9,"Planner 2026 - Delicado por fora, poderoso por dentro - organize-se com encanto!",1.0,amazon.com.br,Crédito Mastercard e outros,Vendedor,Varginha,Minas Gerais,37006.0,"78,90",0,0,0,0,"-10,26",0,0,0,"68,64",Janeiro,2026
16/01/2026,25481715531,Pedido,701-2746607-1736238,OI-WF8T-IXUA,Planner 2026 - Transforme seus dias com o planner que une beleza e funcionalidade Azul,1.0,amazon.com.br,Crédito Mastercard e outros,Amazon,Curitiba,PR,82590.0,"58,90",0,0,0,0,"-7,66",0,0,0,"51,24",Janeiro,2026
16/01/2026,25481302661,Pedido,701-6865666-9022624,VQ-0TZ7-QK96,Planner 2026 - Floresça que inspira leveza e organização!,1.0,amazon.com.br,Boleto,Vendedor,Porto Alegre,RS,91350.0,"78,90",0,0,0,0,"-10,26",0,0,0,"68,64",Janeiro,2026
16/01/2026,25481715531,Pedido,701-4448730-5710655,4K-3HFM-I3A1,Planner 2026 - Transforme seus dias com o planner que une beleza e funcionalidade Rosa,1.0,amazon.com.br,Crédito Mastercard e outros,Amazon,Porto Alegre,RS,90230.0,"54,90","8,90",0,"-8,90",0,"-7,14",0,0,0,"47,76",Janeiro,2026
16/01/2026,25481463851,Pedido,702-8525300-9946659,4S-C6M7-1NCT,Planner 2026 Amarelo - Life Capa Dura com Controle Financeiro e Roda da Vida,1.0,amazon.com.br,Visa Crédito,Vendedor,Guarulhos,SP,7122.0,"78,90",0,0,0,0,"-10,26",0,0,0,"68,64",Janeiro,2026
16/01/2026,25481715531,Pedido,701-6940668-0279427,7I-1FLT-DOZ6,Planner 2026 - Transforme seus dias com o planner que une beleza e funcionalidade,1.0,amazon.com.br,Crédito Mastercard e outros,Amazon,Salvador,Bahia,40170.0,"78,90",0,0,0,0,"-10,26",0,0,0,"68,64",Janeiro,2026
16/01/2026,25481463851,Pedido,702-7075930-3188265,OI-WF8T-IXUA,Planner 2026 - Transforme seus dias com o planner que une beleza e funcionalidade Azul,1.0,amazon.com.br,Visa Crédito,Amazon,Belo Horizonte,MG,30660.0,"58,90",0,0,0,0,"-7,66",0,0,0,"51,24",Janeiro,2026
16/01/2026,25481632831,Pedido,702-1950803-4417027,MQ-STXD-11EM,"Planner Premium 2026 - Planejamento Anual com Roda da Vida A5, Gestão Financeira, Organização Pessoal, Metas e Saúde, Capa Dura Laminada, Agenda S",1.0,amazon.com.br,Elo,Vendedor,Brasília,DF,71687.0,"68,90",0,0,0,0,"-8,96",0,0,0,"59,94",Janeiro,2026
16/01/2026,25481715531,Pedido,701-0103638-1914663,MQ-STXD-11EM,"Planner Premium 2026 - Planejamento Anual com Roda da Vida A5, Gestão Financeira, Organização Pessoal, Metas e Saúde, Capa Dura Laminada, Agenda S",1.0,amazon.com.br,Crédito Mastercard e outros,Vendedor,Arujá,sp,7436.0,"68,90",0,0,0,0,"-8,96",0,0,0,"59,94",Janeiro,2026
16/01/2026,25481302661,Pedido,702-6309108-4475465,0Q-EK6Z-SV84,"Planner 2026 Floral - Planejamento Anual com Roda da Vida A5, Gestão Financeira, Organização Pessoal, Metas e Saúde, Capa Dura Laminada, Agenda Se",1.0,amazon.com.br,Boleto,Vendedor,Alfenas,MG,37137.0,"78,90",0,0,0,0,"-10,26",0,0,0,"68,64",Janeiro,2026
16/01/2026,25481715531,Pedido,701-0407291-9043446,BT-HCTV-ZOJY,"Planner 2026 Napolitano - Planejamento Anual com Roda da Vida A5, Gestão Financeira, Organização Pessoal, Metas e Saúde, Capa Dura Laminada, Agend",1.0,amazon.com.br,Crédito Mastercard e outros,Vendedor,Belo Horizonte,MG,30421.0,"78,90",0,0,0,0,"-10,26",0,0,0,"68,64",Janeiro,2026
16/01/2026,25481302661,Pedido,702-2396095-2777003,RA-KICF-0Q47,"Caderno Preto 20x20cm - Scrapbook Álbum De Fotos Preto 20 Folhas / 40 Páginas - Gramatura 200, Folhas Grossas",1.0,amazon.com.br,Boleto,Vendedor,Rio de Janeiro,RJ,23092.0,"58,90",0,0,0,0,"-7,07",0,0,0,"51,83",Janeiro,2026
16/01/2026,25481302661,Pedido,701-6882270-5582664,WC-0G0K-5CCC,"Planner Financeiro Mensal Datado 2026, Roda Da Vida A5 -Planejamento anual, Organização pessoal Metas e objetivos, Gestão financeira Monitoramento",1.0,amazon.com.br,Boleto,Vendedor,Contagem,MG,32042.0,"75,90",0,0,0,0,"-9,87",0,0,0,"66,03",Janeiro,2026
16/01/2026,25481715531,Pedido,702-7669135-5081004,WC-0G0K-5CCC,"Planner Financeiro Mensal Datado 2026, Roda Da Vida A5 -Planejamento anual, Organização pessoal Metas e objetivos, Gestão financeira Monitoramento",1.0,amazon.com.br,Crédito Mastercard e outros,Vendedor,Uberlândia,MG,38425.0,"75,90",0,0,0,0,"-9,87",0,0,0,"66,03",Janeiro,2026
16/01/2026,25481715531,Pedido,701-6790139-0322609,UN-GE1Q-635D,Planner 2026 - Life Capa Dura com Controle Financeiro e Roda da Vida (Capa 01),1.0,amazon.com.br,Crédito Mastercard e outros,Vendedor,São Paulo,SP,4696.0,"78,90",0,0,0,0,"-10,26",0,0,0,"68,64",Janeiro,2026
16/01/2026,25481715531,Pedido,702-1305864-9610650,0Q-EK6Z-SV84,"Planner 2026 Floral - Planejamento Anual com Roda da Vida A5, Gestão Financeira, Organização Pessoal, Metas e Saúde, Capa Dura Laminada, Agenda Se",1.0,amazon.com.br,Crédito Mastercard e outros,Vendedor,Fazenda Rio Grande,PR,83833.0,"78,90",0,0,0,0,"-10,26",0,0,0,"68,64",Janeiro,2026
16/01/2026,25481463851,Pedido,701-8201915-1233802,BT-HCTV-ZOJY,"Planner 2026 Napolitano - Planejamento Anual com Roda da Vida A5, Gestão Financeira, Organização Pessoal, Metas e Saúde, Capa Dura Laminada, Agend",1.0,amazon.com.br,Visa Crédito,Vendedor,Chapecó,SC,89803.0,"78,90",0,0,0,0,"-10,26",0,0,0,"68,64",Janeiro,2026
16/01/2026,25481463851,Pedido,701-5476852-9824206,AA-2SEI-HBU9,"Planner 2026 - Delicado por fora, poderoso por dentro - organize-se com encanto!",1.0,amazon.com.br,Visa Crédito,Vendedor,Brasília,DF,71994.0,"78,90",0,0,0,0,"-10,26",0,0,0,"68,64",Janeiro,2026
16/01/2026,25481463851,Pedido,701-3364276-7009037,MQ-STXD-11EM,"Planner Premium 2026 - Planejamento Anual com Roda da Vida A5, Gestão Financeira, Organização Pessoal, Metas e Saúde, Capa Dura Laminada, Agenda S",1.0,amazon.com.br,Visa Crédito,Vendedor,Rio de Janeiro,RJ,20030.0,"68,90",0,0,0,0,"-8,96",0,0,0,"59,94",Janeiro,2026
16/01/2026,25481463851,Pedido,702-1226291-4675425,0Q-EK6Z-SV84,"Planner 2026 Floral - Planejamento Anual com Roda da Vida A5, Gestão Financeira, Organização Pessoal, Metas e Saúde, Capa Dura Laminada, Agenda Se",1.0,amazon.com.br,Visa Crédito,Vendedor,BELO HORZONTE,MG,30421.0,"78,90",0,0,0,0,"-10,26",0,0,0,"68,64",Janeiro,2026
16/01/2026,25481302661,Pedido,702-9191684-5941039,YL-NANJ-F7TC,"Caderno Preto 20x20cm - Scrapbook Álbum De Fotos Preto 20 Folhas / 40 Páginas - Gramatura 200, Folhas Grossas",1.0,amazon.com.br,Boleto,Amazon,Recife,PE,51170.0,"68,90","1,72",0,"-1,72",0,"-8,27",0,0,0,"60,63",Janeiro,2026
16/01/2026,25481715531,Pedido,702-0158507-6249063,YL-NANJ-F7TC,"Caderno Preto 20x20cm - Scrapbook Álbum De Fotos Preto 20 Folhas / 40 Páginas - Gramatura 200, Folhas Grossas",1.0,amazon.com.br,Crédito Mastercard e outros,Amazon,Parnamirim,RN,59144.0,"68,90",0,0,0,0,"-8,27",0,0,0,"60,63",Janeiro,2026
16/01/2026,25481463851,Pedido,701-7164368-0632246,0Q-EK6Z-SV84,"Planner 2026 Floral - Planejamento Anual com Roda da Vida A5, Gestão Financeira, Organização Pessoal, Metas e Saúde, Capa Dura Laminada, Agenda Se",1.0,amazon.com.br,Visa Crédito,Vendedor,Ferraz de Vasconcelos,SP,8538.0,"78,90",0,0,0,0,"-10,26",0,0,0,"68,64",Janeiro,2026
16/01/2026,25481302661,Pedido,701-8741028-9053035,MQ-STXD-11EM,"Planner Premium 2026 - Planejamento Anual com Roda da Vida A5, Gestão Financeira, Organização Pessoal, Metas e Saúde, Capa Dura Laminada, Agenda S",1.0,amazon.com.br,Boleto,Vendedor,Toledo,PR,85903.0,"68,90",0,0,0,0,"-8,96",0,0,0,"59,94",Janeiro,2026
16/01/2026,25481715531,Pedido,701-5022583-3321012,MQ-STXD-11EM,"Planner Premium 2026 - Planejamento Anual com Roda da Vida A5, Gestão Financeira, Organização Pessoal, Metas e Saúde, Capa Dura Laminada, Agenda S",1.0,amazon.com.br,Crédito Mastercard e outros,Vendedor,Farroupilha,RS,95182.0,"68,90",0,0,0,0,"-8,96",0,0,0,"59,94",Janeiro,2026
16/01/2026,25481463851,Pedido,701-3514080-5830617,MQ-STXD-11EM,"Planner Premium 2026 - Planejamento Anual com Roda da Vida A5, Gestão Financeira, Organização Pessoal, Metas e Saúde, Capa Dura Laminada, Agenda S",1.0,amazon.com.br,Visa Crédito,Vendedor,São Paulo,SP,5883.0,"68,90",0,0,0,0,"-8,96",0,0,0,"59,94",Janeiro,2026
16/01/2026,25481715531,Pedido,702-8567647-1433818,CN-BSCD-6VWJ,"Caderno A5-1 Frase por pagina - 200 Paginas - Pautado - Estoicismo, filosofia",1.0,amazon.com.br,Crédito Mastercard e outros,Amazon,São Paulo,SP,2965.0,"52,90",0,0,0,0,"-6,88",0,0,0,"46,02",Janeiro,2026
16/01/2026,25481715531,Pedido,702-2326104-4793850,OI-WF8T-IXUA,Planner 2026 - Transforme seus dias com o planner que une beleza e funcionalidade Azul,1.0,amazon.com.br,Crédito Mastercard e outros,Amazon,Caucaia,CE,61650.0,"58,90",0,0,0,0,"-7,66",0,0,0,"51,24",Janeiro,2026
16/01/2026,25481715531,Pedido,702-6346897-5471452,BT-HCTV-ZOJY,"Planner 2026 Napolitano - Planejamento Anual com Roda da Vida A5, Gestão Financeira, Organização Pessoal, Metas e Saúde, Capa Dura Laminada, Agend",1.0,amazon.com.br,Crédito Mastercard e outros,Vendedor,São Paulo,SP,5705.0,"78,90",0,0,0,0,"-10,26",0,0,0,"68,64",Janeiro,2026
16/01/2026,25481715531,Pedido,702-7701982-1525046,IS-UA22-XKCF,Planner 2026 - Cada flor no seu tempo: planeje o ano com calma e propósito.,1.0,amazon.com.br,Crédito Mastercard e outros,Vendedor,Valinhos,SP,13271.0,"78,90",0,0,0,0,"-10,26",0,0,0,"68,64",Janeiro,2026
16/01/2026,25481715531,Pedido,701-2011940-0865852,UN-GE1Q-635D,Planner 2026 - Life Capa Dura com Controle Financeiro e Roda da Vida (Capa 01),1.0,amazon.com.br,Crédito Mastercard e outros,Vendedor,Betim,MG,32604.0,"78,90",0,0,0,0,"-10,26",0,0,0,"68,64",Janeiro,2026
16/01/2026,25481302661,Pedido,702-1170305-5338610,UN-GE1Q-635D,Planner 2026 - Life Capa Dura com Controle Financeiro e Roda da Vida (Capa 01),1.0,amazon.com.br,Boleto,Vendedor,"Jardim Botânico, Brasília",DF,71680.0,"78,90",0,0,0,0,"-10,26",0,0,0,"68,64",Janeiro,2026
16/01/2026,25481715531,Pedido,701-5861313-4341005,RW-FUR9-X25R,"Planner 2026 - Respire, floresça, torne-se - um planner para sua melhor versão!",1.0,amazon.com.br,Crédito Mastercard e outros,Vendedor,Florianopolis,SC,88.02,"78,90",0,0,0,0,"-10,26",0,0,0,"68,64",Janeiro,2026
16/01/2026,25481715531,Pedido,702-2212827-6762667,MQ-STXD-11EM,"Planner Premium 2026 - Planejamento Anual com Roda da Vida A5, Gestão Financeira, Organização Pessoal, Metas e Saúde, Capa Dura Laminada, Agenda S",1.0,amazon.com.br,Crédito Mastercard e outros,Vendedor,Niterói,RJ,24030.0,"68,90",0,0,0,0,"-8,96",0,0,0,"59,94",Janeiro,2026
16/01/2026,25481463851,Pedido,702-3630232-6246666,MQ-STXD-11EM,"Planner Premium 2026 - Planejamento Anual com Roda da Vida A5, Gestão Financeira, Organização Pessoal, Metas e Saúde, Capa Dura Laminada, Agenda S",1.0,amazon.com.br,Visa Crédito,Vendedor,Rio de Janeiro,Rio de Janeiro,22775.0,"68,90",0,0,0,0,"-8,96",0,0,0,"59,94",Janeiro,2026
16/01/2026,25481463851,Pedido,702-0256729-7369071,MQ-STXD-11EM,"Planner Premium 2026 - Planejamento Anual com Roda da Vida A5, Gestão Financeira, Organização Pessoal, Metas e Saúde, Capa Dura Laminada, Agenda S",1.0,amazon.com.br,Visa Crédito,Vendedor,Monte Azul Paulista,SP,14730.0,"68,90",0,0,0,0,"-8,96",0,0,0,"59,94",Janeiro,2026
16/01/2026,25481463851,Pedido,701-6715467-2489010,MQ-STXD-11EM,"Planner Premium 2026 - Planejamento Anual com Roda da Vida A5, Gestão Financeira, Organização Pessoal, Metas e Saúde, Capa Dura Laminada, Agenda S",1.0,amazon.com.br,Visa Crédito,Vendedor,Caxias do Sul,RS,95032.0,"68,90",0,0,0,0,"-8,96",0,0,0,"59,94",Janeiro,2026
16/01/2026,25481715531,Pedido,701-4378590-5685848,MQ-STXD-11EM,"Planner Premium 2026 - Planejamento Anual com Roda da Vida A5, Gestão Financeira, Organização Pessoal, Metas e Saúde, Capa Dura Laminada, Agenda S",1.0,amazon.com.br,Crédito Mastercard e outros,Vendedor,Vitória,ES,29015.0,"68,90",0,0,0,0,"-8,96",0,0,0,"59,94",Janeiro,2026
16/01/2026,25481463851,Pedido,702-5464679-6677858,RW-FUR9-X25R,"Planner 2026 - Respire, floresça, torne-se - um planner para sua melhor versão!",1.0,amazon.com.br,Visa Crédito,Vendedor,São Paulo,SP,3133.0,"78,90",0,0,0,0,"-10,26",0,0,0,"68,64",Janeiro,2026
16/01/2026,25481715531,Pedido,702-8613327-5076219,MQ-STXD-11EM,"Planner Premium 2026 - Planejamento Anual com Roda da Vida A5, Gestão Financeira, Organização Pessoal, Metas e Saúde, Capa Dura Laminada, Agenda S",1.0,amazon.com.br,Crédito Mastercard e outros,Vendedor,GUARA,DF,71090.0,"68,90",0,0,0,0,"-8,96",0,0,0,"59,94",Janeiro,2026
16/01/2026,25481463851,Pedido,701-5446959-4856251,IS-UA22-XKCF,Planner 2026 - Cada flor no seu tempo: planeje o ano com calma e propósito.,1.0,amazon.com.br,Visa Crédito,Vendedor,Porto Alegre,RS,91410.0,"78,90",0,0,0,0,"-10,26",0,0,0,"68,64",Janeiro,2026
16/01/2026,25481463851,Pedido,702-9734119-8539406,0Q-EK6Z-SV84,"Planner 2026 Floral - Planejamento Anual com Roda da Vida A5, Gestão Financeira, Organização Pessoal, Metas e Saúde, Capa Dura Laminada, Agenda Se",1.0,amazon.com.br,Visa Crédito,Vendedor,São Paulo,SP,4119.0,"78,90",0,0,0,0,"-10,26",0,0,0,"68,64",Janeiro,2026
16/01/2026,25481463851,Pedido,702-8554879-0533865,WC-0G0K-5CCC,"Planner Financeiro Mensal Datado 2026, Roda Da Vida A5 -Planejamento anual, Organização pessoal Metas e objetivos, Gestão financeira Monitoramento",1.0,amazon.com.br,Visa Crédito,Vendedor,São Paulo,SP,4524.0,"75,90",0,0,0,0,"-9,87",0,0,0,"66,03",Janeiro,2026
16/01/2026,25481463851,Pedido,702-8148193-4717843,9X-HUC9-I83L,"Planner 2026 - Respire, floresça, torne-se - um planner para sua melhor versão!",1.0,amazon.com.br,Visa Crédito,Vendedor,Guarulhos,SP,7124.0,"78,90",0,0,0,0,"-10,26",0,0,0,"68,64",Janeiro,2026
16/01/2026,25481302661,Pedido,702-5346246-7193068,MQ-STXD-11EM,"Planner Premium 2026 - Planejamento Anual com Roda da Vida A5, Gestão Financeira, Organização Pessoal, Metas e Saúde, Capa Dura Laminada, Agenda S",1.0,amazon.com.br,Boleto,Vendedor,São José dos Campos,São Paulo,12227.0,"68,90",0,0,0,0,"-8,96",0,0,0,"59,94",Janeiro,2026
16/01/2026,25481715531,Pedido,702-9390317-0070613,A9-81RP-O347,"Planner Financeiro Mensal 2026, Roda Da Vida A5 -Planejamento anual, Organização pessoal Metas e objetivos, Gestão financeira Monitoramento de saú",1.0,amazon.com.br,Crédito Mastercard e outros,Vendedor,São Paulo,SP,4134.0,"68,92",0,0,0,0,"-8,96",0,0,0,"59,96",Janeiro,2026
16/01/2026,25481302661,Pedido,702-4245502-8740215,WC-0G0K-5CCC,"Planner Financeiro Mensal Datado 2026, Roda Da Vida A5 -Planejamento anual, Organização pessoal Metas e objetivos, Gestão financeira Monitoramento",1.0,amazon.com.br,Boleto,Vendedor,maringá,pr,87020.0,"75,90",0,0,0,0,"-9,87",0,0,0,"66,03",Janeiro,2026
16/01/2026,25481463851,Pedido,702-3736187-4139411,0Q-EK6Z-SV84,"Planner 2026 Floral - Planejamento Anual com Roda da Vida A5, Gestão Financeira, Organização Pessoal, Metas e Saúde, Capa Dura Laminada, Agenda Se",1.0,amazon.com.br,Visa Crédito,Vendedor,São Paulo,SP,4018.0,"78,90",0,0,0,0,"-10,26",0,0,0,"68,64",Janeiro,2026
16/01/2026,25481715531,Pedido,701-6593106-8689819,JC-LA79-2HC8,"Caderno Espiral Capa Dura, A5 210x150mm, 80 Folhas, Van gogh, Frases estoicas (Capa 2)",1.0,amazon.com.br,Crédito Mastercard e outros,Amazon,Brasília,DF,71925.0,"35,90","8,90",0,"-8,90",0,"-4,67",0,0,0,"31,23",Janeiro,2026
16/01/2026,25481463851,Pedido,702-7591162-4314665,0Q-EK6Z-SV84,"Planner 2026 Floral - Planejamento Anual com Roda da Vida A5, Gestão Financeira, Organização Pessoal, Metas e Saúde, Capa Dura Laminada, Agenda Se",1.0,amazon.com.br,Visa Crédito,Vendedor,Volta Redonda,RJ,27259.0,"78,90",0,0,0,0,"-10,26",0,0,0,"68,64",Janeiro,2026
16/01/2026,25481302661,Pedido,701-6415372-7075461,0Q-EK6Z-SV84,"Planner 2026 Floral - Planejamento Anual com Roda da Vida A5, Gestão Financeira, Organização Pessoal, Metas e Saúde, Capa Dura Laminada, Agenda Se",1.0,amazon.com.br,Boleto,Vendedor,Porto Alegre,Rio grande do sul,91430.0,"78,90",0,0,0,0,"-10,26",0,0,0,"68,64",Janeiro,2026
16/01/2026,25481463851,Pedido,701-1500677-9539461,RW-FUR9-X25R,"Planner 2026 - Respire, floresça, torne-se - um planner para sua melhor versão!",1.0,amazon.com.br,Visa Crédito,Vendedor,Joinville,SC,89227.0,"78,90",0,0,0,0,"-10,26",0,0,0,"68,64",Janeiro,2026
16/01/2026,25481463851,Pedido,701-0248175-3367405,RA-KICF-0Q47,"Caderno Preto 20x20cm - Scrapbook Álbum De Fotos Preto 20 Folhas / 40 Páginas - Gramatura 200, Folhas Grossas",1.0,amazon.com.br,Visa Crédito,Vendedor,Belo Horizonte,MG,30380.0,"58,90",0,0,0,0,"-7,07",0,0,0,"51,83",Janeiro,2026
16/01/2026,25481463851,Pedido,702-6338786-2530654,IS-UA22-XKCF,Planner 2026 - Cada flor no seu tempo: planeje o ano com calma e propósito.,1.0,amazon.com.br,Visa Crédito,Vendedor,Brasília,DF,72005.0,"78,90",0,0,0,0,"-10,26",0,0,0,"68,64",Janeiro,2026
16/01/2026,25481715531,Reembolsos,701-0591962-0122655,ZX-SGSY-F93V,Reembolso para pacotes extraviados,1.0,amazon.com.br,Crédito Mastercard e outros,Vendedor,,,,0,0,0,0,0,0,0,0,"68,90","68,90",Janeiro,2026
16/01/2026,25481715531,Serviços de Envio,702-0901115-0263462,,Tarifa de manuseio com base no peso Delivery by Amazon,,Amazon.com.br,Crédito Mastercard e outros,Vendedor,,,,0,0,0,0,0,0,0,"-6,75",0,"-6,75",Janeiro,2026
16/01/2026,25481715531,Serviços de Envio,702-0901115-0263462,,Estorno do frete pago pelo comprador,,Amazon.com.br,Crédito Mastercard e outros,Vendedor,,,,0,0,0,0,0,0,0,0,0,0,Janeiro,2026
16/01/2026,25481715531,Serviços de Envio,701-4797497-9553037,,Tarifa de manuseio com base no peso Delivery by Amazon,,Amazon.com.br,Crédito Mastercard e outros,Vendedor,,,,0,0,0,0,0,0,0,"-6,75",0,"-6,75",Janeiro,2026
16/01/2026,25481715531,Serviços de Envio,701-4797497-9553037,,Estorno do frete pago pelo comprador,,Amazon.com.br,Crédito Mastercard e outros,Vendedor,,,,0,0,0,0,0,0,0,"-21,80",0,"-21,80",Janeiro,2026
16/01/2026,25481715531,Serviços de Envio,702-9031147-2937032,,Tarifa de manuseio com base no peso Delivery by Amazon,,Amazon.com.br,Crédito Mastercard e outros,Vendedor,,,,0,0,0,0,0,0,0,"-6,75",0,"-6,75",Janeiro,2026
16/01/2026,25481715531,Serviços de Envio,702-9031147-2937032,,Estorno do frete pago pelo comprador,,Amazon.com.br,Crédito Mastercard e outros,Vendedor,,,,0,0,0,0,0,0,0,0,0,0,Janeiro,2026
16/01/2026,25481715531,Serviços de Envio,701-4489844-8755441,,Tarifa de manuseio com base no peso Delivery by Amazon,,Amazon.com.br,Crédito Mastercard e outros,Vendedor,,,,0,0,0,0,0,0,0,"-6,75",0,"-6,75",Janeiro,2026
16/01/2026,25481715531,Serviços de Envio,701-4489844-8755441,,Estorno do frete pago pelo comprador,,Amazon.com.br,Crédito Mastercard e outros,Vendedor,,,,0,0,0,0,0,0,0,0,0,0,Janeiro,2026
16/01/2026,25481715531,Serviços de Envio,702-8996369-9235427,,Tarifa de manuseio com base no peso Delivery by Amazon,,Amazon.com.br,Crédito Mastercard e outros,Vendedor,,,,0,0,0,0,0,0,0,"-6,75",0,"-6,75",Janeiro,2026
16/01/2026,25481715531,Serviços de Envio,702-8996369-9235427,,Estorno do frete pago pelo comprador,,Amazon.com.br,Crédito Mastercard e outros,Vendedor,,,,0,0,0,0,0,0,0,0,0,0,Janeiro,2026
16/01/2026,25481715531,Serviços de Envio,702-6623403-7288225,,Tarifa de manuseio com base no peso Delivery by Amazon,,Amazon.com.br,Crédito Mastercard e outros,Vendedor,,,,0,0,0,0,0,0,0,"-6,75",0,"-6,75",Janeiro,2026
16/01/2026,25481715531,Serviços de Envio,702-6623403-7288225,,Estorno do frete pago pelo comprador,,Amazon.com.br,Crédito Mastercard e outros,Vendedor,,,,0,0,0,0,0,0,0,0,0,0,Janeiro,2026
16/01/2026,25481715531,Serviços de Envio,701-6341766-0883452,,Tarifa de manuseio com base no peso Delivery by Amazon,,Amazon.com.br,Crédito Mastercard e outros,Vendedor,,,,0,0,0,0,0,0,0,"-6,75",0,"-6,75",Janeiro,2026
16/01/2026,25481715531,Serviços de Envio,701-6341766-0883452,,Estorno do frete pago pelo comprador,,Amazon.com.br,Crédito Mastercard e outros,Vendedor,,,,0,0,0,0,0,0,0,"-21,53",0,"-21,53",Janeiro,2026
16/01/2026,25481715531,Serviços de Envio,701-4011267-7949830,,Tarifa de manuseio com base no peso Delivery by Amazon,,Amazon.com.br,Crédito Mastercard e outros,Vendedor,,,,0,0,0,0,0,0,0,"-6,75",0,"-6,75",Janeiro,2026
16/01/2026,25481715531,Serviços de Envio,701-4011267-7949830,,Estorno do frete pago pelo comprador,,Amazon.com.br,Crédito Mastercard e outros,Vendedor,,,,0,0,0,0,0,0,0,0,0,0,Janeiro,2026
16/01/2026,25481715531,Serviços de Envio,702-1929674-5042633,,Tarifa de manuseio com base no peso Delivery by Amazon,,Amazon.com.br,Crédito Mastercard e outros,Vendedor,,,,0,0,0,0,0,0,0,"-6,50",0,"-6,50",Janeiro,2026
16/01/2026,25481715531,Serviços de Envio,702-1929674-5042633,,Estorno do frete pago pelo comprador,,Amazon.com.br,Crédito Mastercard e outros,Vendedor,,,,0,0,0,0,0,0,0,0,0,0,Janeiro,2026
16/01/2026,25481715531,Serviços de Envio,702-1405481-4025017,,Tarifa de manuseio com base no peso Delivery by Amazon,,Amazon.com.br,Crédito Mastercard e outros,Vendedor,,,,0,0,0,0,0,0,0,"-13,50",0,"-13,50",Janeiro,2026
16/01/2026,25481715531,Serviços de Envio,702-1405481-4025017,,Estorno do frete pago pelo comprador,,Amazon.com.br,Crédito Mastercard e outros,Vendedor,,,,0,0,0,0,0,0,0,0,0,0,Janeiro,2026
16/01/2026,25481715531,Serviços de Envio,701-2783922-1724241,,Tarifa de manuseio com base no peso Delivery by Amazon,,Amazon.com.br,Crédito Mastercard e outros,Vendedor,,,,0,0,0,0,0,0,0,"-6,75",0,"-6,75",Janeiro,2026
16/01/2026,25481715531,Serviços de Envio,701-2783922-1724241,,Estorno do frete pago pelo comprador,,Amazon.com.br,Crédito Mastercard e outros,Vendedor,,,,0,0,0,0,0,0,0,0,0,0,Janeiro,2026
16/01/2026,25481715531,Serviços de Envio,702-8835548-3344260,,Tarifa de manuseio com base no peso Delivery by Amazon,,Amazon.com.br,Crédito Mastercard e outros,Vendedor,,,,0,0,0,0,0,0,0,"-6,75",0,"-6,75",Janeiro,2026
16/01/2026,25481715531,Serviços de Envio,702-8835548-3344260,,Estorno do frete pago pelo comprador,,Amazon.com.br,Crédito Mastercard e outros,Vendedor,,,,0,0,0,0,0,0,0,0,0,0,Janeiro,2026
16/01/2026,25481715531,Serviços de Envio,702-3875967-9588229,,Tarifa de manuseio com base no peso Delivery by Amazon,,Amazon.com.br,Crédito Mastercard e outros,Vendedor,,,,0,0,0,0,0,0,0,"-6,75",0,"-6,75",Janeiro,2026
16/01/2026,25481715531,Serviços de Envio,702-3875967-9588229,,Estorno do frete pago pelo comprador,,Amazon.com.br,Crédito Mastercard e outros,Vendedor,,,,0,0,0,0,0,0,0,0,0,0,Janeiro,2026
16/01/2026,25481715531,Serviços de Envio,701-5709224-1537051,,Tarifa de manuseio com base no peso Delivery by Amazon,,Amazon.com.br,Crédito Mastercard e outros,Vendedor,,,,0,0,0,0,0,0,0,"-6,75",0,"-6,75",Janeiro,2026
16/01/2026,25481715531,Serviços de Envio,701-5709224-1537051,,Estorno do frete pago pelo comprador,,Amazon.com.br,Crédito Mastercard e outros,Vendedor,,,,0,0,0,0,0,0,0,0,0,0,Janeiro,2026
16/01/2026,25481715531,Serviços de Envio,702-9903792-8007454,,Tarifa de manuseio com base no peso Delivery by Amazon,,Amazon.com.br,Crédito Mastercard e outros,Vendedor,,,,0,0,0,0,0,0,0,"-6,75",0,"-6,75",Janeiro,2026
16/01/2026,25481715531,Serviços de Envio,702-9903792-8007454,,Estorno do frete pago pelo comprador,,Amazon.com.br,Crédito Mastercard e outros,Vendedor,,,,0,0,0,0,0,0,0,0,0,0,Janeiro,2026
16/01/2026,25481715531,Serviços de Envio,701-6655819-4376214,,Tarifa de manuseio com base no peso Delivery by Amazon,,Amazon.com.br,Crédito Mastercard e outros,Vendedor,,,,0,0,0,0,0,0,0,"-6,75",0,"-6,75",Janeiro,2026
16/01/2026,25481715531,Serviços de Envio,701-6655819-4376214,,Estorno do frete pago pelo comprador,,Amazon.com.br,Crédito Mastercard e outros,Vendedor,,,,0,0,0,0,0,0,0,0,0,0,Janeiro,2026
16/01/2026,25481715531,Serviços de Envio,701-6759040-8189821,,Tarifa de manuseio com base no peso Delivery by Amazon,,Amazon.com.br,Crédito Mastercard e outros,Vendedor,,,,0,0,0,0,0,0,0,"-6,75",0,"-6,75",Janeiro,2026
16/01/2026,25481715531,Serviços de Envio,701-6759040-8189821,,Estorno do frete pago pelo comprador,,Amazon.com.br,Crédito Mastercard e outros,Vendedor,,,,0,0,0,0,0,0,0,0,0,0,Janeiro,2026
16/01/2026,25481715531,Serviços de Envio,702-1650110-8837800,,Tarifa de manuseio com base no peso Delivery by Amazon,,Amazon.com.br,Crédito Mastercard e outros,Vendedor,,,,0,0,0,0,0,0,0,"-6,75",0,"-6,75",Janeiro,2026
16/01/2026,25481715531,Serviços de Envio,702-1650110-8837800,,Estorno do frete pago pelo comprador,,Amazon.com.br,Crédito Mastercard e outros,Vendedor,,,,0,0,0,0,0,0,0,0,0,0,Janeiro,2026
16/01/2026,25481715531,Serviços de Envio,702-7194710-9552269,,Tarifa de manuseio com base no peso Delivery by Amazon,,Amazon.com.br,Crédito Mastercard e outros,Vendedor,,,,0,0,0,0,0,0,0,"-6,75",0,"-6,75",Janeiro,2026
16/01/2026,25481715531,Serviços de Envio,702-7194710-9552269,,Estorno do frete pago pelo comprador,,Amazon.com.br,Crédito Mastercard e outros,Vendedor,,,,0,0,0,0,0,0,0,0,0,0,Janeiro,2026
16/01/2026,25481715531,Serviços de Envio,702-2696641-9220224,,Tarifa de manuseio com base no peso Delivery by Amazon,,Amazon.com.br,Crédito Mastercard e outros,Vendedor,,,,0,0,0,0,0,0,0,"-6,75",0,"-6,75",Janeiro,2026
16/01/2026,25481715531,Serviços de Envio,702-2696641-9220224,,Estorno do frete pago pelo comprador,,Amazon.com.br,Crédito Mastercard e outros,Vendedor,,,,0,0,0,0,0,0,0,0,0,0,Janeiro,2026
16/01/2026,25481715531,Serviços de Envio,702-5390397-1425014,,Tarifa de manuseio com base no peso Delivery by Amazon,,Amazon.com.br,Crédito Mastercard e outros,Vendedor,,,,0,0,0,0,0,0,0,"-6,75",0,"-6,75",Janeiro,2026
16/01/2026,25481715531,Serviços de Envio,702-5390397-1425014,,Estorno do frete pago pelo comprador,,Amazon.com.br,Crédito Mastercard e outros,Vendedor,,,,0,0,0,0,0,0,0,0,0,0,Janeiro,2026
16/01/2026,25481715531,Pedido,701-0306530-3798638,14-02SK-RART,Caderno De Anotações - 200 Pag - Flores Naturais,1.0,amazon.com.br,Crédito Mastercard e outros,Amazon,Araraquara,SP,14801.0,"49,90",0,0,0,0,"-6,49",0,0,0,"43,41",Janeiro,2026
16/01/2026,25481302661,Pedido,702-0535484-0269030,V1-M81P-IY8O,Planner Pessoal Permanente - Comece Quando Quiser!,1.0,amazon.com.br,Boleto,Vendedor,Rio de Janeiro,RJ,21725.0,"78,90",0,0,0,0,"-10,26",0,0,0,"68,64",Janeiro,2026
16/01/2026,25481302661,Pedido,701-9813822-0121803,OI-WF8T-IXUA,Planner 2026 - Transforme seus dias com o planner que une beleza e funcionalidade Azul,1.0,amazon.com.br,Boleto,Amazon,Araçatuba,SP,16072.0,"58,90",0,0,0,0,"-7,66",0,0,0,"51,24",Janeiro,2026
16/01/2026,25481715531,Pedido,702-4174915-1109059,0Q-EK6Z-SV84,"Planner 2026 Floral - Planejamento Anual com Roda da Vida A5, Gestão Financeira, Organização Pessoal, Metas e Saúde, Capa Dura Laminada, Agenda Se",1.0,amazon.com.br,Crédito Mastercard e outros,Vendedor,Niterói,RJ,24346.0,"78,90",0,0,0,0,"-10,26",0,0,0,"68,64",Janeiro,2026
16/01/2026,25481715531,Pedido,702-2071756-9065037,MQ-STXD-11EM,"Planner Premium 2026 - Planejamento Anual com Roda da Vida A5, Gestão Financeira, Organização Pessoal, Metas e Saúde, Capa Dura Laminada, Agenda S",1.0,amazon.com.br,Crédito Mastercard e outros,Vendedor,Gravataí,Rio Grande do Sul,94120.0,"68,90",0,0,0,0,"-8,96",0,0,0,"59,94",Janeiro,2026
16/01/2026,25481302661,Pedido,701-4952832-8766630,OI-WF8T-IXUA,Planner 2026 - Transforme seus dias com o planner que une beleza e funcionalidade Azul,1.0,amazon.com.br,Boleto,Amazon,Belo Horizonte,MG,31720.0,"58,90","8,90",0,"-8,90",0,"-7,66",0,0,0,"51,24",Janeiro,2026
16/01/2026,25481302661,Pedido,702-0145387-3851456,MQ-STXD-11EM,"Planner Premium 2026 - Planejamento Anual com Roda da Vida A5, Gestão Financeira, Organização Pessoal, Metas e Saúde, Capa Dura Laminada, Agenda S",1.0,amazon.com.br,Boleto,Vendedor,Santa Maria,RS,97030.0,"68,90",0,0,0,0,"-8,96",0,0,0,"59,94",Janeiro,2026
16/01/2026,25481715531,Pedido,702-4241680-1699466,MQ-STXD-11EM,"Planner Premium 2026 - Planejamento Anual com Roda da Vida A5, Gestão Financeira, Organização Pessoal, Metas e Saúde, Capa Dura Laminada, Agenda S",1.0,amazon.com.br,Crédito Mastercard e outros,Vendedor,São José dos Campos,SP,12246.0,"68,90",0,0,0,0,"-8,96",0,0,0,"59,94",Janeiro,2026
16/01/2026,25481715531,Pedido,702-6618944-2505000,YL-NANJ-F7TC,"Caderno Preto 20x20cm - Scrapbook Álbum De Fotos Preto 20 Folhas / 40 Páginas - Gramatura 200, Folhas Grossas",1.0,amazon.com.br,Crédito Mastercard e outros,Amazon,Recife,PE,51030.0,"68,90",0,0,0,0,"-8,27",0,0,0,"60,63",Janeiro,2026
16/01/2026,25481302661,Pedido,702-6171066-3213845,WC-0G0K-5CCC,"Planner Financeiro Mensal Datado 2026, Roda Da Vida A5 -Planejamento anual, Organização pessoal Metas e objetivos, Gestão financeira Monitoramento",1.0,amazon.com.br,Boleto,Vendedor,São Paulo,São paulo,5013.0,"75,90",0,0,0,0,"-9,87",0,0,0,"66,03",Janeiro,2026
16/01/2026,25481715531,Pedido,701-1593437-8704252,AA-2SEI-HBU9,"Planner 2026 - Delicado por fora, poderoso por dentro - organize-se com encanto!",1.0,amazon.com.br,Crédito Mastercard e outros,Vendedor,BELO HORIZONTE,MG,31741.0,"78,90",0,0,0,0,"-10,26",0,0,0,"68,64",Janeiro,2026
16/01/2026,25481715531,Pedido,702-0642189-1606621,JC-LA79-2HC8,"Caderno Espiral Capa Dura, A5 210x150mm, 80 Folhas, Van gogh, Frases estoicas (Capa 2)",1.0,amazon.com.br,Crédito Mastercard e outros,Amazon,Vitória,ES,29065.0,"35,90",0,0,0,0,"-4,67",0,0,0,"31,23",Janeiro,2026
16/01/2026,25481463851,Pedido,702-3029515-7457813,OI-WF8T-IXUA,Planner 2026 - Transforme seus dias com o planner que une beleza e funcionalidade Azul,1.0,amazon.com.br,Visa Crédito,Amazon,Natal,RN,59068.0,"58,90",0,0,0,0,"-7,66",0,0,0,"51,24",Janeiro,2026
16/01/2026,25481715531,Pedido,701-6301915-6681808,0Q-EK6Z-SV84,"Planner 2026 Floral - Planejamento Anual com Roda da Vida A5, Gestão Financeira, Organização Pessoal, Metas e Saúde, Capa Dura Laminada, Agenda Se",1.0,amazon.com.br,Crédito Mastercard e outros,Vendedor,SObradinho,DF,73025.0,"78,90",0,0,0,0,"-10,26",0,0,0,"68,64",Janeiro,2026
16/01/2026,25481715531,Pedido,701-9664273-6440256,IS-UA22-XKCF,Planner 2026 - Cada flor no seu tempo: planeje o ano com calma e propósito.,1.0,amazon.com.br,Crédito Mastercard e outros,Vendedor,Guarulhos,SP,7190.0,"78,90",0,0,0,0,"-10,26",0,0,0,"68,64",Janeiro,2026
16/01/2026,25481302661,Pedido,702-0338986-0908216,4G-7YLB-CHKW,Planejamento Financeiro Pessoal - Planner Financeiro - Controle Financeiro (Preto 1),1.0,amazon.com.br,Boleto,Amazon,São Paulo,SP,1408.0,"78,90","8,90",0,"-8,90",0,"-10,26",0,0,0,"68,64",Janeiro,2026
16/01/2026,25481302661,Pedido,702-6403312-0773869,HE-SAFO-BF3P,Agenda 2026 1 Dia Por Folha Com Horario Coleção Inspire,1.0,amazon.com.br,Boleto,Amazon,Recife,PE,52110.0,"58,90","7,77",0,"-7,77",0,"-7,66",0,0,0,"51,24",Janeiro,2026
17/01/2026,25481715531,Pedido,701-3598342-1160248,MQ-STXD-11EM,"Planner Premium 2026 - Planejamento Anual com Roda da Vida A5, Gestão Financeira, Organização Pessoal, Metas e Saúde, Capa Dura Laminada, Agenda S",1.0,amazon.com.br,Crédito Mastercard e outros,Vendedor,Fazenda Rio Grande,PR,83820.0,"68,90",0,0,0,0,"-8,96",0,0,0,"59,94",Janeiro,2026
17/01/2026,25481715531,Pedido,701-1765738-0537833,0Q-EK6Z-SV84,"Planner 2026 Floral - Planejamento Anual com Roda da Vida A5, Gestão Financeira, Organização Pessoal, Metas e Saúde, Capa Dura Laminada, Agenda Se",1.0,amazon.com.br,Crédito Mastercard e outros,Vendedor,São Bernardo do Campo,SP,9852.0,"78,90",0,0,0,0,"-10,26",0,0,0,"68,64",Janeiro,2026
17/01/2026,25481715531,Pedido,701-3799100-4180246,0Q-EK6Z-SV84,"Planner 2026 Floral - Planejamento Anual com Roda da Vida A5, Gestão Financeira, Organização Pessoal, Metas e Saúde, Capa Dura Laminada, Agenda Se",1.0,amazon.com.br,Crédito Mastercard e outros,Vendedor,São Paulo,SP,1231.0,"78,90",0,0,0,0,"-10,26",0,0,0,"68,64",Janeiro,2026
17/01/2026,25481302661,Pedido,702-6159680-9405007,IS-UA22-XKCF,Planner 2026 - Cada flor no seu tempo: planeje o ano com calma e propósito.,1.0,amazon.com.br,Boleto,Vendedor,Irati,PR,84505.0,"78,90",0,0,0,0,"-10,26",0,0,0,"68,64",Janeiro,2026
17/01/2026,25481715531,Pedido,702-0027725-3533075,AA-2SEI-HBU9,"Planner 2026 - Delicado por fora, poderoso por dentro - organize-se com encanto!",1.0,amazon.com.br,Crédito Mastercard e outros,Vendedor,São José,SC,88111.0,"78,90",0,0,0,0,"-10,26",0,0,0,"68,64",Janeiro,2026
17/01/2026,25481715531,Pedido,701-4504684-5302665,LZ-XCCB-5AVH,"Controle Financeiro Flork: ""Linda, Forte e Corajosa"" (Roxo)",1.0,amazon.com.br,Crédito Mastercard e outros,Amazon,São Paulo,SP,1531.0,"59,90",0,0,0,0,"-7,79",0,0,0,"52,11",Janeiro,2026
17/01/2026,25481715531,Pedido,702-5985681-4628200,A9-81RP-O347,"Planner Financeiro Mensal 2026, Roda Da Vida A5 -Planejamento anual, Organização pessoal Metas e objetivos, Gestão financeira Monitoramento de saú",1.0,amazon.com.br,Crédito Mastercard e outros,Vendedor,Balneário Camboriú,SC,88330.0,"68,92",0,0,0,0,"-8,96",0,0,0,"59,96",Janeiro,2026
17/01/2026,25481715531,Pedido,702-0523678-3084264,BT-HCTV-ZOJY,"Planner 2026 Napolitano - Planejamento Anual com Roda da Vida A5, Gestão Financeira, Organização Pessoal, Metas e Saúde, Capa Dura Laminada, Agend",1.0,amazon.com.br,Crédito Mastercard e outros,Vendedor,Guarulhos,Sp,7022.0,"78,90",0,0,0,0,"-10,26",0,0,0,"68,64",Janeiro,2026
17/01/2026,25481715531,Pedido,702-5164492-2330656,MQ-STXD-11EM,"Planner Premium 2026 - Planejamento Anual com Roda da Vida A5, Gestão Financeira, Organização Pessoal, Metas e Saúde, Capa Dura Laminada, Agenda S",1.0,amazon.com.br,Crédito Mastercard e outros,Vendedor,Itapejara d'Oeste,PR,85580.0,"68,90",0,0,0,0,"-8,96",0,0,0,"59,94",Janeiro,2026
17/01/2026,25481302661,Pedido,701-4154702-9809864,0Q-EK6Z-SV84,"Planner 2026 Floral - Planejamento Anual com Roda da Vida A5, Gestão Financeira, Organização Pessoal, Metas e Saúde, Capa Dura Laminada, Agenda Se",1.0,amazon.com.br,Boleto,Vendedor,Jau,SP,17206.0,"78,90",0,0,0,0,"-10,26",0,0,0,"68,64",Janeiro,2026
17/01/2026,25481302661,Pedido,702-1250338-5985015,AA-2SEI-HBU9,"Planner 2026 - Delicado por fora, poderoso por dentro - organize-se com encanto!",1.0,amazon.com.br,Boleto,Vendedor,Londrina,PR,86047.0,"78,90",0,0,0,0,"-10,26",0,0,0,"68,64",Janeiro,2026
17/01/2026,25481715531,Pedido,702-3804827-6387462,0Q-EK6Z-SV84,"Planner 2026 Floral - Planejamento Anual com Roda da Vida A5, Gestão Financeira, Organização Pessoal, Metas e Saúde, Capa Dura Laminada, Agenda Se",1.0,amazon.com.br,Crédito Mastercard e outros,Vendedor,Maringá,PR,87025.0,"78,90",0,0,0,0,"-10,26",0,0,0,"68,64",Janeiro,2026
17/01/2026,25481302661,Pedido,702-3383802-1830657,9X-HUC9-I83L,"Planner 2026 - Respire, floresça, torne-se - um planner para sua melhor versão!",1.0,amazon.com.br,Boleto,Vendedor,Forquilhinha,SC,88850.0,"78,90",0,0,0,0,"-10,26",0,0,0,"68,64",Janeiro,2026
17/01/2026,25481302661,Pedido,701-7551366-9001845,0Q-EK6Z-SV84,"Planner 2026 Floral - Planejamento Anual com Roda da Vida A5, Gestão Financeira, Organização Pessoal, Metas e Saúde, Capa Dura Laminada, Agenda Se",1.0,amazon.com.br,Boleto,Vendedor,Belo Horizonte,MG,31540.0,"78,90",0,0,0,0,"-10,26",0,0,0,"68,64",Janeiro,2026
17/01/2026,25481715531,Pedido,701-5340649-2529868,AA-2SEI-HBU9,"Planner 2026 - Delicado por fora, poderoso por dentro - organize-se com encanto!",1.0,amazon.com.br,Crédito Mastercard e outros,Vendedor,Maringá,PR,87053.0,"78,90",0,0,0,0,"-10,26",0,0,0,"68,64",Janeiro,2026
17/01/2026,25481463851,Pedido,702-7366238-1607425,0Q-EK6Z-SV84,"Planner 2026 Floral - Planejamento Anual com Roda da Vida A5, Gestão Financeira, Organização Pessoal, Metas e Saúde, Capa Dura Laminada, Agenda Se",1.0,amazon.com.br,Visa Crédito,Vendedor,Caieiras,SP,7700.0,"78,90",0,0,0,0,"-10,26",0,0,0,"68,64",Janeiro,2026
17/01/2026,25481715531,Pedido,701-0642508-5661848,BT-HCTV-ZOJY,"Planner 2026 Napolitano - Planejamento Anual com Roda da Vida A5, Gestão Financeira, Organização Pessoal, Metas e Saúde, Capa Dura Laminada, Agend",1.0,amazon.com.br,Crédito Mastercard e outros,Vendedor,Maringá,PR,87065.0,"78,90",0,0,0,0,"-10,26",0,0,0,"68,64",Janeiro,2026
17/01/2026,25481715531,Pedido,701-2704755-2956255,0Q-EK6Z-SV84,"Planner 2026 Floral - Planejamento Anual com Roda da Vida A5, Gestão Financeira, Organização Pessoal, Metas e Saúde, Capa Dura Laminada, Agenda Se",1.0,amazon.com.br,Crédito Mastercard e outros,Vendedor,São Paulo,SP,4431.0,"78,90",0,0,0,0,"-10,26",0,0,0,"68,64",Janeiro,2026
17/01/2026,25481302661,Pedido,702-7815034-6965846,22-5ATG-S6FS,Planner Semanal Permanente com Capa Dura - Visual Clean,1.0,amazon.com.br,Boleto,Amazon,Fortaleza,CE,60415.0,"52,90",0,0,0,0,"-6,88",0,0,0,"46,02",Janeiro,2026
17/01/2026,25481715531,Pedido,701-5716171-6737057,OI-WF8T-IXUA,Planner 2026 - Transforme seus dias com o planner que une beleza e funcionalidade Azul,1.0,amazon.com.br,Crédito Mastercard e outros,Amazon,Campo Grande,MS,79011.0,"58,90",0,"3,90",0,0,"-7,66","-3,90",0,0,"51,24",Janeiro,2026
17/01/2026,25481302661,Pedido,701-8470517-1759411,V7-N8TP-MCL5,Album fotografico scrapbook - Coleção Corações (Vermelho),1.0,amazon.com.br,Boleto,Vendedor,Brasília,DF,72120.0,"78,90",0,0,0,0,"-10,26",0,0,0,"68,64",Janeiro,2026
17/01/2026,25481715531,Pedido,702-7887048-0822613,MQ-STXD-11EM,"Planner Premium 2026 - Planejamento Anual com Roda da Vida A5, Gestão Financeira, Organização Pessoal, Metas e Saúde, Capa Dura Laminada, Agenda S",1.0,amazon.com.br,Crédito Mastercard e outros,Vendedor,Uberlândia,MG,38409.0,"68,90",0,0,0,0,"-8,96",0,0,0,"59,94",Janeiro,2026
17/01/2026,25481302661,Pedido,702-5138982-1054628,0Q-EK6Z-SV84,"Planner 2026 Floral - Planejamento Anual com Roda da Vida A5, Gestão Financeira, Organização Pessoal, Metas e Saúde, Capa Dura Laminada, Agenda Se",1.0,amazon.com.br,Boleto,Vendedor,Lago Sul,Distrito Federal,71660.0,"78,90",0,0,0,0,"-10,26",0,0,0,"68,64",Janeiro,2026
17/01/2026,25481715531,Pedido,702-8096029-3635410,XH-KNXQ-DP76,"Planner 2026 - Um planner para viver com mais cor, equilíbrio e inspiração.",1.0,amazon.com.br,Crédito Mastercard e outros,Vendedor,Belo Horizonte,MG,30140.0,"78,90",0,0,0,0,"-10,26",0,0,0,"68,64",Janeiro,2026
17/01/2026,25481715531,Pedido,702-8096029-3635410,AA-2SEI-HBU9,"Planner 2026 - Delicado por fora, poderoso por dentro - organize-se com encanto!",1.0,amazon.com.br,Crédito Mastercard e outros,Vendedor,Belo Horizonte,MG,30140.0,"78,90",0,0,0,0,"-10,26",0,0,0,"68,64",Janeiro,2026
17/01/2026,25481463851,Pedido,701-1828617-9229051,BT-HCTV-ZOJY,"Planner 2026 Napolitano - Planejamento Anual com Roda da Vida A5, Gestão Financeira, Organização Pessoal, Metas e Saúde, Capa Dura Laminada, Agend",1.0,amazon.com.br,Visa Crédito,Vendedor,São Paulo,SP,5061.0,"78,90","8,43",0,0,0,"-10,26",0,0,0,"77,07",Janeiro,2026
17/01/2026,25481463851,Pedido,701-9057514-6691451,MQ-STXD-11EM,"Planner Premium 2026 - Planejamento Anual com Roda da Vida A5, Gestão Financeira, Organização Pessoal, Metas e Saúde, Capa Dura Laminada, Agenda S",1.0,amazon.com.br,Visa Crédito,Vendedor,Brasília,DF,70630.0,"68,90",0,0,0,0,"-8,96",0,0,0,"59,94",Janeiro,2026
17/01/2026,25481302661,Pedido,701-1821791-9120266,CN-BSCD-6VWJ,"Caderno A5-1 Frase por pagina - 200 Paginas - Pautado - Estoicismo, filosofia",1.0,amazon.com.br,Boleto,Amazon,Teresópolis,RJ,25976.0,"78,90","0,50",0,"-0,50",0,"-10,26",0,0,0,"68,64",Janeiro,2026
17/01/2026,25481302661,Pedido,701-8642158-1544247,BT-HCTV-ZOJY,"Planner 2026 Napolitano - Planejamento Anual com Roda da Vida A5, Gestão Financeira, Organização Pessoal, Metas e Saúde, Capa Dura Laminada, Agend",1.0,amazon.com.br,Boleto,Vendedor,Mogi das Cruzes,SP,8730.0,"78,90",0,0,0,0,"-10,26",0,0,0,"68,64",Janeiro,2026
17/01/2026,25481302661,Pedido,702-1328295-2425013,22-5ATG-S6FS,Planner Semanal Permanente com Capa Dura - Visual Clean,1.0,amazon.com.br,Boleto,Amazon,Rio de Janeiro,RJ,22011.0,"52,90","4,09",0,"-4,09",0,"-6,88",0,0,0,"46,02",Janeiro,2026
17/01/2026,25481715531,Pedido,701-1939790-6211464,OR-QD8C-Y86U,"Planner Financeiro Mensal Datado 2026, Roda Da Vida A5 -Planejamento anual, Organização pessoal Metas e objetivos, Gestão financeira Monitoramento",1.0,amazon.com.br,Crédito Mastercard e outros,Vendedor,Santos,São Paulo,11060.0,"78,90",0,0,0,0,"-10,26",0,0,0,"68,64",Janeiro,2026
17/01/2026,25481715531,Pedido,702-2822738-5357868,MQ-STXD-11EM,"Planner Premium 2026 - Planejamento Anual com Roda da Vida A5, Gestão Financeira, Organização Pessoal, Metas e Saúde, Capa Dura Laminada, Agenda S",1.0,amazon.com.br,Crédito Mastercard e outros,Vendedor,Magé,RJ,25901.0,"68,90",0,0,0,0,"-8,96",0,0,0,"59,94",Janeiro,2026
17/01/2026,25481463851,Pedido,702-1614483-8417036,AA-2SEI-HBU9,"Planner 2026 - Delicado por fora, poderoso por dentro - organize-se com encanto!",1.0,amazon.com.br,Visa Crédito,Vendedor,São Paulo,SP,8060.0,"78,90",0,0,0,0,"-10,26",0,0,0,"68,64",Janeiro,2026
17/01/2026,25481463851,Pedido,702-4477752-5093068,0Q-EK6Z-SV84,"Planner 2026 Floral - Planejamento Anual com Roda da Vida A5, Gestão Financeira, Organização Pessoal, Metas e Saúde, Capa Dura Laminada, Agenda Se",1.0,amazon.com.br,Visa Crédito,Vendedor,São Paulo,SP,5833.0,"78,90",0,0,0,0,"-10,26",0,0,0,"68,64",Janeiro,2026
17/01/2026,25481463851,Pedido,702-1701721-1907406,MQ-STXD-11EM,"Planner Premium 2026 - Planejamento Anual com Roda da Vida A5, Gestão Financeira, Organização Pessoal, Metas e Saúde, Capa Dura Laminada, Agenda S",1.0,amazon.com.br,Visa Crédito,Vendedor,Belo Horizonte,MG,30441.0,"68,90",0,0,0,0,"-8,96",0,0,0,"59,94",Janeiro,2026
17/01/2026,25481302661,Pedido,702-7039985-4020253,BT-HCTV-ZOJY,"Planner 2026 Napolitano - Planejamento Anual com Roda da Vida A5, Gestão Financeira, Organização Pessoal, Metas e Saúde, Capa Dura Laminada, Agend",1.0,amazon.com.br,Boleto,Vendedor,Santos,SP,11075.0,"78,90",0,0,0,0,"-10,26",0,0,0,"68,64",Janeiro,2026
17/01/2026,25481302661,Pedido,702-9218302-0961053,S1-SAO6-CBNU,"Planner Financeiro Mensal Datado 2026, Roda Da Vida A5 - Planner premium Agenda 2026 Planejamento anual Organização pessoal Metas e objetivos Gestã",1.0,amazon.com.br,Boleto,Vendedor,Santa isabel,São Paulo,7500.0,"78,90",0,0,0,0,"-10,26",0,0,0,"68,64",Janeiro,2026
17/01/2026,25481715531,Pedido,701-2698523-5276211,MQ-STXD-11EM,"Planner Premium 2026 - Planejamento Anual com Roda da Vida A5, Gestão Financeira, Organização Pessoal, Metas e Saúde, Capa Dura Laminada, Agenda S",1.0,amazon.com.br,Crédito Mastercard e outros,Vendedor,Santo André,SP,9030.0,"68,90",0,0,0,0,"-8,96",0,0,0,"59,94",Janeiro,2026
17/01/2026,25481302661,Pedido,701-7268443-0905021,JC-LA79-2HC8,"Caderno Espiral Capa Dura, A5 210x150mm, 80 Folhas, Van gogh, Frases estoicas (Capa 2)",1.0,amazon.com.br,Boleto,Amazon,Campinas,SP,13063.0,"35,90",0,0,0,0,"-4,67",0,0,0,"31,23",Janeiro,2026
17/01/2026,25481302661,Pedido,701-6692998-5311424,HE-SAFO-BF3P,Agenda 2026 1 Dia Por Folha Com Horario Coleção Inspire,1.0,amazon.com.br,Boleto,Amazon,Campina Grande,PB,58414.0,"58,90",0,0,0,0,"-7,66",0,0,0,"51,24",Janeiro,2026
17/01/2026,25481715531,Pedido,702-9031678-8350657,0Q-EK6Z-SV84,"Planner 2026 Floral - Planejamento Anual com Roda da Vida A5, Gestão Financeira, Organização Pessoal, Metas e Saúde, Capa Dura Laminada, Agenda Se",1.0,amazon.com.br,Crédito Mastercard e outros,Vendedor,Londrina,PR,86010.0,"78,90",0,0,0,0,"-10,26",0,0,0,"68,64",Janeiro,2026
17/01/2026,25481302661,Pedido,701-0268469-2604262,H2-QF9W-3BSI,Planner 2026 - Cada flor no seu tempo: planeje o ano com calma e propósito.,1.0,amazon.com.br,Boleto,Amazon,Mossoró,Rio Grande do Norte,59612.0,"78,90",0,0,0,0,"-10,26",0,0,0,"68,64",Janeiro,2026
17/01/2026,25481302661,Pedido,702-9235979-1857067,9X-HUC9-I83L,"Planner 2026 - Respire, floresça, torne-se - um planner para sua melhor versão!",1.0,amazon.com.br,Boleto,Vendedor,Itatiba,SP,13253.0,"78,90",0,0,0,0,"-10,26",0,0,0,"68,64",Janeiro,2026
17/01/2026,25481715531,Pedido,701-4652103-4509026,RW-FUR9-X25R,"Planner 2026 - Respire, floresça, torne-se - um planner para sua melhor versão!",1.0,amazon.com.br,Crédito Mastercard e outros,Vendedor,Ribeirão Preto,SP,14021.0,"78,90",0,0,0,0,"-10,26",0,0,0,"68,64",Janeiro,2026
17/01/2026,25481715531,Pedido,701-5283157-9065014,0Q-EK6Z-SV84,"Planner 2026 Floral - Planejamento Anual com Roda da Vida A5, Gestão Financeira, Organização Pessoal, Metas e Saúde, Capa Dura Laminada, Agenda Se",1.0,amazon.com.br,Crédito Mastercard e outros,Vendedor,Conchal,SP,13837.0,"78,90",0,0,0,0,"-10,26",0,0,0,"68,64",Janeiro,2026
17/01/2026,25481715531,Pedido,701-5191420-3373846,0Q-EK6Z-SV84,"Planner 2026 Floral - Planejamento Anual com Roda da Vida A5, Gestão Financeira, Organização Pessoal, Metas e Saúde, Capa Dura Laminada, Agenda Se",1.0,amazon.com.br,Crédito Mastercard e outros,Vendedor,São José do Rio Preto,SP,15057.0,"78,90",0,0,0,0,"-10,26",0,0,0,"68,64",Janeiro,2026
17/01/2026,25481302661,Pedido,702-4244249-3453827,YL-NANJ-F7TC,"Caderno Preto 20x20cm - Scrapbook Álbum De Fotos Preto 20 Folhas / 40 Páginas - Gramatura 200, Folhas Grossas",1.0,amazon.com.br,Boleto,Amazon,Fortaleza,CE,60192.0,"68,90",0,0,0,0,"-8,27",0,0,0,"60,63",Janeiro,2026
17/01/2026,25481302661,Pedido,702-1065421-4632248,0Q-EK6Z-SV84,"Planner 2026 Floral - Planejamento Anual com Roda da Vida A5, Gestão Financeira, Organização Pessoal, Metas e Saúde, Capa Dura Laminada, Agenda Se",1.0,amazon.com.br,Boleto,Vendedor,Joinville,SC,89237.0,"78,90",0,0,0,0,"-10,26",0,0,0,"68,64",Janeiro,2026
17/01/2026,25481715531,Pedido,701-7443670-5469856,MQ-STXD-11EM,"Planner Premium 2026 - Planejamento Anual com Roda da Vida A5, Gestão Financeira, Organização Pessoal, Metas e Saúde, Capa Dura Laminada, Agenda S",1.0,amazon.com.br,Crédito Mastercard e outros,Vendedor,Caxambu,MG,37440.0,"68,90",0,0,0,0,"-8,96",0,0,0,"59,94",Janeiro,2026
17/01/2026,25481463851,Pedido,702-6059726-7409043,92-CTAN-4AJQ,Caderno Scrapbook - 20 Folhas - Livro De Assinatura Folhas Pretas 20x19 Álbum De Fotos Scrapbook Preto 40 Páginas - 20x19,1.0,amazon.com.br,Visa Crédito,Amazon,São Paulo,São Paulo,4750.0,"78,90",0,0,0,0,"-9,47",0,0,0,"69,43",Janeiro,2026
17/01/2026,25481715531,Pedido,702-4235797-8107462,WC-0G0K-5CCC,"Planner Financeiro Mensal Datado 2026, Roda Da Vida A5 -Planejamento anual, Organização pessoal Metas e objetivos, Gestão financeira Monitoramento",1.0,amazon.com.br,Crédito Mastercard e outros,Vendedor,Brasília,DF,70330.0,"75,90",0,0,0,0,"-9,87",0,0,0,"66,03",Janeiro,2026
17/01/2026,25481302661,Pedido,701-8494275-8178602,IS-UA22-XKCF,Planner 2026 - Cada flor no seu tempo: planeje o ano com calma e propósito.,1.0,amazon.com.br,Boleto,Vendedor,CURITIBA,PR,80060.0,"78,90",0,0,0,0,"-10,26",0,0,0,"68,64",Janeiro,2026
17/01/2026,25481715531,Pedido,702-9109302-3824229,BT-HCTV-ZOJY,"Planner 2026 Napolitano - Planejamento Anual com Roda da Vida A5, Gestão Financeira, Organização Pessoal, Metas e Saúde, Capa Dura Laminada, Agend",1.0,amazon.com.br,Crédito Mastercard e outros,Vendedor,Araraquara,SP,14806.0,"78,90",0,0,0,0,"-10,26",0,0,0,"68,64",Janeiro,2026
17/01/2026,25481715531,Pedido,702-8843591-8142647,RW-FUR9-X25R,"Planner 2026 - Respire, floresça, torne-se - um planner para sua melhor versão!",1.0,amazon.com.br,Crédito Mastercard e outros,Vendedor,Brasília,DF,70750.0,"78,90",0,0,0,0,"-10,26",0,0,0,"68,64",Janeiro,2026
17/01/2026,25480732251,Pedido,701-1294412-1454634,0Q-EK6Z-SV84,"Planner 2026 Floral - Planejamento Anual com Roda da Vida A5, Gestão Financeira, Organização Pessoal, Metas e Saúde, Capa Dura Laminada, Agenda Se",1.0,amazon.com.br,Amex,Vendedor,São Paulo,SP,1551.0,"78,90",0,0,0,0,"-10,26",0,0,0,"68,64",Janeiro,2026
17/01/2026,25481302661,Pedido,702-0741878-0860263,14-02SK-RART,Caderno De Anotações - 200 Pag - Flores Naturais,1.0,amazon.com.br,Boleto,Amazon,Caçapava do Sul,RS,96570.0,"68,90","8,90",0,"-8,90",0,"-8,96",0,0,0,"59,94",Janeiro,2026
17/01/2026,25481715531,Pedido,702-3955401-1975412,CN-BSCD-6VWJ,"Caderno A5-1 Frase por pagina - 200 Paginas - Pautado - Estoicismo, filosofia",1.0,amazon.com.br,Crédito Mastercard e outros,Amazon,Rio de Janeiro,RJ,22031.0,"52,90",0,0,0,0,"-6,88",0,0,0,"46,02",Janeiro,2026
17/01/2026,25481715531,Pedido,701-9528032-1570612,VQ-0TZ7-QK96,Planner 2026 - Floresça que inspira leveza e organização!,1.0,amazon.com.br,Crédito Mastercard e outros,Vendedor,Ribeirão Pires,SP,9402.0,"78,90",0,0,0,0,"-10,26",0,0,0,"68,64",Janeiro,2026
17/01/2026,25481463851,Pedido,701-7413550-2544210,RW-FUR9-X25R,"Planner 2026 - Respire, floresça, torne-se - um planner para sua melhor versão!",1.0,amazon.com.br,Visa Crédito,Vendedor,São paulo,São paulo,4135.0,"78,90",0,0,0,0,"-10,26",0,0,0,"68,64",Janeiro,2026
17/01/2026,25481715531,Pedido,701-4367891-9829825,WC-0G0K-5CCC,"Planner Financeiro Mensal Datado 2026, Roda Da Vida A5 -Planejamento anual, Organização pessoal Metas e objetivos, Gestão financeira Monitoramento",1.0,amazon.com.br,Crédito Mastercard e outros,Vendedor,Jandaia do Sul,PR,86900.0,"75,90",0,0,0,0,"-9,87",0,0,0,"66,03",Janeiro,2026
17/01/2026,25481302661,Pedido,701-5048843-8106613,MQ-STXD-11EM,"Planner Premium 2026 - Planejamento Anual com Roda da Vida A5, Gestão Financeira, Organização Pessoal, Metas e Saúde, Capa Dura Laminada, Agenda S",1.0,amazon.com.br,Boleto,Vendedor,São Luiz Gonzaga,RS,97800.0,"68,90",0,0,0,0,"-8,96",0,0,0,"59,94",Janeiro,2026
17/01/2026,25481715531,Pedido,702-0009290-5685038,VQ-1XP0-KLCF,Planner Permanente Vintage - Agenda Semanal e Mensal com Capa Clássica Wire-O,1.0,amazon.com.br,Crédito Mastercard e outros,Vendedor,Bras&iacute;lia,DF,71930.0,"78,90",0,0,0,0,"-10,26",0,0,0,"68,64",Janeiro,2026
17/01/2026,25481302661,Pedido,701-8522053-2882651,92-CTAN-4AJQ,Caderno Scrapbook - 20 Folhas - Livro De Assinatura Folhas Pretas 20x19 Álbum De Fotos Scrapbook Preto 40 Páginas - 20x19,1.0,amazon.com.br,Boleto,Amazon,Fortaleza,CE,60714.0,"78,90",0,0,0,0,"-9,47",0,0,0,"69,43",Janeiro,2026
17/01/2026,25481463851,Pedido,702-7834129-1490651,0Q-EK6Z-SV84,"Planner 2026 Floral - Planejamento Anual com Roda da Vida A5, Gestão Financeira, Organização Pessoal, Metas e Saúde, Capa Dura Laminada, Agenda Se",1.0,amazon.com.br,Visa Crédito,Vendedor,Rio de janeiro,Rj,23026.0,"78,90",0,0,0,0,"-10,26",0,0,0,"68,64",Janeiro,2026
17/01/2026,25481302661,Pedido,702-0750700-3706646,14-02SK-RART,Caderno De Anotações - 200 Pag - Flores Naturais,1.0,amazon.com.br,Boleto,Amazon,Campinas,SP,13087.0,"49,90",0,0,0,0,"-6,49",0,0,0,"43,41",Janeiro,2026
17/01/2026,25481715531,Pedido,702-2518995-6907402,BT-HCTV-ZOJY,"Planner 2026 Napolitano - Planejamento Anual com Roda da Vida A5, Gestão Financeira, Organização Pessoal, Metas e Saúde, Capa Dura Laminada, Agend",1.0,amazon.com.br,Crédito Mastercard e outros,Vendedor,São Paulo,SP,4349.0,"78,90",0,0,0,0,"-10,26",0,0,0,"68,64",Janeiro,2026
17/01/2026,25481715531,Pedido,701-0871485-3549008,0Q-EK6Z-SV84,"Planner 2026 Floral - Planejamento Anual com Roda da Vida A5, Gestão Financeira, Organização Pessoal, Metas e Saúde, Capa Dura Laminada, Agenda Se",1.0,amazon.com.br,Crédito Mastercard e outros,Vendedor,Campos do Jordão,SP,12465.0,"78,90",0,0,0,0,"-10,26",0,0,0,"68,64",Janeiro,2026
17/01/2026,25481715531,Pedido,702-9006700-5323453,0Q-EK6Z-SV84,"Planner 2026 Floral - Planejamento Anual com Roda da Vida A5, Gestão Financeira, Organização Pessoal, Metas e Saúde, Capa Dura Laminada, Agenda Se",1.0,amazon.com.br,Crédito Mastercard e outros,Vendedor,brasilia,Distrito federal,71020.0,"78,90",0,0,0,0,"-10,26",0,0,0,"68,64",Janeiro,2026
17/01/2026,25481715531,Pedido,701-9780331-7264259,IL-M7A6-AB2K,Planner 2026 - Life Capa Dura com Controle Financeiro e Roda da Vida (Capa 02),1.0,amazon.com.br,Crédito Mastercard e outros,Vendedor,Guarulhos,São Paulo,7080.0,"78,90",0,0,0,0,"-10,26",0,0,0,"68,64",Janeiro,2026
18/01/2026,25481715531,Pedido,701-4893728-3015419,0Q-EK6Z-SV84,"Planner 2026 Floral - Planejamento Anual com Roda da Vida A5, Gestão Financeira, Organização Pessoal, Metas e Saúde, Capa Dura Laminada, Agenda Se",1.0,amazon.com.br,Crédito Mastercard e outros,Vendedor,Fortaleza,Ceará,60115.0,"78,90","22,02",0,0,0,"-10,26",0,0,0,"90,66",Janeiro,2026
18/01/2026,25481715531,Pedido,702-5428159-3494662,VW-M9WL-7RY7,Caderno Scrapbook - Kraft - 20 Folhas - 20x20cm - Bege - Sem Pauta - Folhas Grossas - Album de Fotos - Album de fotos artesanal - Scrapbook colagem de,1.0,amazon.com.br,Crédito Mastercard e outros,Vendedor,Contagem,MG,32185.0,"58,90",0,0,0,0,"-7,07",0,0,0,"51,83",Janeiro,2026
18/01/2026,25481463851,Pedido,701-9715249-9730624,CN-BSCD-6VWJ,"Caderno A5-1 Frase por pagina - 200 Paginas - Pautado - Estoicismo, filosofia",1.0,amazon.com.br,Visa Crédito,Amazon,São Bernardo do Campo,SP,9725.0,"52,90",0,0,0,0,"-6,88",0,0,0,"46,02",Janeiro,2026
18/01/2026,25481715531,Pedido,702-9128631-8976244,MQ-STXD-11EM,"Planner Premium 2026 - Planejamento Anual com Roda da Vida A5, Gestão Financeira, Organização Pessoal, Metas e Saúde, Capa Dura Laminada, Agenda S",1.0,amazon.com.br,Crédito Mastercard e outros,Vendedor,Porto Alegre,RS,90035.0,"68,90",0,0,0,0,"-8,96",0,0,0,"59,94",Janeiro,2026
18/01/2026,25481302661,Pedido,701-3892578-3871427,RW-FUR9-X25R,"Planner 2026 - Respire, floresça, torne-se - um planner para sua melhor versão!",1.0,amazon.com.br,Boleto,Vendedor,Poços de Caldas,MG,37705.0,"78,90",0,0,0,0,"-10,26",0,0,0,"68,64",Janeiro,2026
18/01/2026,25481715531,Pedido,702-0496434-3187458,IS-UA22-XKCF,Planner 2026 - Cada flor no seu tempo: planeje o ano com calma e propósito.,1.0,amazon.com.br,Crédito Mastercard e outros,Vendedor,Santo André,SP,9015.0,"78,90",0,0,0,0,"-10,26",0,0,0,"68,64",Janeiro,2026
18/01/2026,25481715531,Pedido,701-5319281-2316230,4S-C6M7-1NCT,Planner 2026 Amarelo - Life Capa Dura com Controle Financeiro e Roda da Vida,1.0,amazon.com.br,Crédito Mastercard e outros,Vendedor,Rio de Janeiro,Rio de Janeiro,22010.0,"78,90",0,0,0,0,"-10,26",0,0,0,"68,64",Janeiro,2026
18/01/2026,25481715531,Pedido,701-5232867-8780251,BT-HCTV-ZOJY,"Planner 2026 Napolitano - Planejamento Anual com Roda da Vida A5, Gestão Financeira, Organização Pessoal, Metas e Saúde, Capa Dura Laminada, Agend",1.0,amazon.com.br,Crédito Mastercard e outros,Vendedor,Londrina,Paraná,86061.0,"78,90",0,0,0,0,"-10,26",0,0,0,"68,64",Janeiro,2026
18/01/2026,25481463851,Pedido,701-3314816-2857061,9X-HUC9-I83L,"Planner 2026 - Respire, floresça, torne-se - um planner para sua melhor versão!",1.0,amazon.com.br,Visa Crédito,Vendedor,Lavras,MG,37203.0,"78,90",0,0,0,0,"-10,26",0,0,0,"68,64",Janeiro,2026
18/01/2026,25481463851,Pedido,702-3388407-9650620,RM-WZSV-E4J3,Planner 2026 - Transforme seus dias com o planner que une beleza e funcionalidade,1.0,amazon.com.br,Visa Crédito,Vendedor,Aracaju,SE,49095.0,"78,90","22,02",0,0,0,"-10,26",0,0,0,"90,66",Janeiro,2026
18/01/2026,25481715531,Pedido,702-3450692-3210662,7U-MQT5-0IY4,Agenda 2026 Boboletas 1 Dia Por Página Com Horário Capa Dura - Agenda Cristã 2026 - Agenda 2026 com versículos bíblicos - Agenda diária com hor�,1.0,amazon.com.br,Crédito Mastercard e outros,Vendedor,BRASILIA,DF,70390.0,"78,90",0,0,0,0,"-10,26",0,0,0,"68,64",Janeiro,2026
18/01/2026,25481632831,Pedido,702-9125083-6957023,WC-0G0K-5CCC,"Planner Financeiro Mensal Datado 2026, Roda Da Vida A5 -Planejamento anual, Organização pessoal Metas e objetivos, Gestão financeira Monitoramento",1.0,amazon.com.br,Elo,Vendedor,Rio de Janeiro,RJ,20260.0,"75,90",0,0,0,0,"-9,87",0,0,0,"66,03",Janeiro,2026
18/01/2026,25481715531,Pedido,702-3204205-2730625,BT-HCTV-ZOJY,"Planner 2026 Napolitano - Planejamento Anual com Roda da Vida A5, Gestão Financeira, Organização Pessoal, Metas e Saúde, Capa Dura Laminada, Agend",1.0,amazon.com.br,Crédito Mastercard e outros,Vendedor,Goiânia,GO,74430.0,"78,90","21,84",0,0,0,"-10,26",0,0,0,"90,48",Janeiro,2026
18/01/2026,25481463851,Pedido,702-6096400-5415411,0Q-EK6Z-SV84,"Planner 2026 Floral - Planejamento Anual com Roda da Vida A5, Gestão Financeira, Organização Pessoal, Metas e Saúde, Capa Dura Laminada, Agenda Se",1.0,amazon.com.br,Visa Crédito,Vendedor,Brasília,DF,71525.0,"78,90",0,0,0,0,"-10,26",0,0,0,"68,64",Janeiro,2026
18/01/2026,25481302661,Pedido,702-6407701-0683447,MQ-STXD-11EM,"Planner Premium 2026 - Planejamento Anual com Roda da Vida A5, Gestão Financeira, Organização Pessoal, Metas e Saúde, Capa Dura Laminada, Agenda S",1.0,amazon.com.br,Boleto,Vendedor,Porto Alegre,RS,90640.0,"68,90",0,0,0,0,"-8,96",0,0,0,"59,94",Janeiro,2026
18/01/2026,25481715531,Pedido,702-3319577-6133860,0Q-EK6Z-SV84,"Planner 2026 Floral - Planejamento Anual com Roda da Vida A5, Gestão Financeira, Organização Pessoal, Metas e Saúde, Capa Dura Laminada, Agenda Se",1.0,amazon.com.br,Crédito Mastercard e outros,Vendedor,Eusébio,CE,61765.0,"78,90","22,02",0,0,0,"-10,26",0,0,0,"90,66",Janeiro,2026
18/01/2026,25481715531,Pedido,702-2481989-0589056,YL-NANJ-F7TC,"Caderno Preto 20x20cm - Scrapbook Álbum De Fotos Preto 20 Folhas / 40 Páginas - Gramatura 200, Folhas Grossas",1.0,amazon.com.br,Crédito Mastercard e outros,Amazon,Fortaleza,CE,60861.0,"68,90",0,0,0,0,"-8,27",0,0,0,"60,63",Janeiro,2026
18/01/2026,25481463851,Pedido,702-1234479-7127409,0Q-EK6Z-SV84,"Planner 2026 Floral - Planejamento Anual com Roda da Vida A5, Gestão Financeira, Organização Pessoal, Metas e Saúde, Capa Dura Laminada, Agenda Se",1.0,amazon.com.br,Visa Crédito,Vendedor,Salvador,BA,41150.0,"78,90","22,02",0,0,0,"-10,26",0,0,0,"90,66",Janeiro,2026
18/01/2026,25481463851,Pedido,701-3991804-0637801,YL-NANJ-F7TC,"Caderno Preto 20x20cm - Scrapbook Álbum De Fotos Preto 20 Folhas / 40 Páginas - Gramatura 200, Folhas Grossas",1.0,amazon.com.br,Visa Crédito,Amazon,São Paulo,SP,3319.0,"68,90",0,0,0,0,"-8,27",0,0,0,"60,63",Janeiro,2026
18/01/2026,25481463851,Pedido,701-5540682-5263468,MQ-STXD-11EM,"Planner Premium 2026 - Planejamento Anual com Roda da Vida A5, Gestão Financeira, Organização Pessoal, Metas e Saúde, Capa Dura Laminada, Agenda S",1.0,amazon.com.br,Visa Crédito,Vendedor,Uberlândia,MG,38410.0,"68,90",0,0,0,0,"-8,96",0,0,0,"59,94",Janeiro,2026
18/01/2026,25481463851,Pedido,702-9986125-1005857,9X-HUC9-I83L,"Planner 2026 - Respire, floresça, torne-se - um planner para sua melhor versão!",1.0,amazon.com.br,Visa Crédito,Vendedor,Brasília,DF,70790.0,"78,90",0,0,0,0,"-10,26",0,0,0,"68,64",Janeiro,2026
18/01/2026,25481463851,Pedido,702-6022102-2093066,DV-9MDQ-YD9E,Scrapbook Álbum De Fotos Preto 20 Folhas / 40 Páginas,1.0,amazon.com.br,Visa Crédito,Amazon,Brasília,DF,72150.0,"78,90",0,0,0,0,"-9,47",0,0,0,"69,43",Janeiro,2026
18/01/2026,25481715531,Pedido,701-9307797-0503416,RW-FUR9-X25R,"Planner 2026 - Respire, floresça, torne-se - um planner para sua melhor versão!",1.0,amazon.com.br,Crédito Mastercard e outros,Vendedor,Curitiba,Paraná,81670.0,"78,90",0,0,0,0,"-10,26",0,0,0,"68,64",Janeiro,2026
18/01/2026,25481463851,Pedido,702-2809508-2924202,9X-HUC9-I83L,"Planner 2026 - Respire, floresça, torne-se - um planner para sua melhor versão!",1.0,amazon.com.br,Visa Crédito,Vendedor,Niterói,RJ,24340.0,"78,90",0,0,0,0,"-10,26",0,0,0,"68,64",Janeiro,2026
18/01/2026,25481715531,Pedido,701-3828610-2981803,9X-HUC9-I83L,"Planner 2026 - Respire, floresça, torne-se - um planner para sua melhor versão!",1.0,amazon.com.br,Crédito Mastercard e outros,Vendedor,Piracicaba,SP,13414.0,"78,90",0,0,0,0,"-10,26",0,0,0,"68,64",Janeiro,2026
18/01/2026,25481715531,Pedido,701-0297736-6124224,MQ-STXD-11EM,"Planner Premium 2026 - Planejamento Anual com Roda da Vida A5, Gestão Financeira, Organização Pessoal, Metas e Saúde, Capa Dura Laminada, Agenda S",1.0,amazon.com.br,Crédito Mastercard e outros,Vendedor,Novo Hamburgo,RS,93544.0,"68,90",0,0,0,0,"-8,96",0,0,0,"59,94",Janeiro,2026
18/01/2026,25481302661,Pedido,702-9485810-4829834,DV-9MDQ-YD9E,Scrapbook Álbum De Fotos Preto 20 Folhas / 40 Páginas,1.0,amazon.com.br,Boleto,Amazon,São Paulo,SP,2874.0,"78,90","8,90",0,"-8,90",0,"-9,47",0,0,0,"69,43",Janeiro,2026
18/01/2026,25481302661,Pedido,701-1354142-9571432,BT-HCTV-ZOJY,"Planner 2026 Napolitano - Planejamento Anual com Roda da Vida A5, Gestão Financeira, Organização Pessoal, Metas e Saúde, Capa Dura Laminada, Agend",1.0,amazon.com.br,Boleto,Vendedor,Salvador,BA,41830.0,"78,90","21,84",0,0,0,"-10,26",0,0,0,"90,48",Janeiro,2026
18/01/2026,25481463851,Pedido,701-1682201-3982653,92-CTAN-4AJQ,Caderno Scrapbook - 20 Folhas - Livro De Assinatura Folhas Pretas 20x19 Álbum De Fotos Scrapbook Preto 40 Páginas - 20x19,1.0,amazon.com.br,Visa Crédito,Amazon,Manaus,AM,69055.0,"78,90",0,0,0,0,"-9,47",0,0,0,"69,43",Janeiro,2026
18/01/2026,25481715531,Pedido,702-8743722-5716256,JC-LA79-2HC8,"Caderno Espiral Capa Dura, A5 210x150mm, 80 Folhas, Van gogh, Frases estoicas (Capa 2)",1.0,amazon.com.br,Crédito Mastercard e outros,Amazon,Fortaleza,ce,60160.0,"35,90",0,0,0,0,"-4,67",0,0,0,"31,23",Janeiro,2026
18/01/2026,25481302661,Pedido,701-4157463-0228208,92-CTAN-4AJQ,Caderno Scrapbook - 20 Folhas - Livro De Assinatura Folhas Pretas 20x19 Álbum De Fotos Scrapbook Preto 40 Páginas - 20x19,1.0,amazon.com.br,Boleto,Amazon,Rio de Janeiro,RJ,22795.0,"78,90","8,90",0,"-8,90",0,"-9,47",0,0,0,"69,43",Janeiro,2026
18/01/2026,25481715531,Pedido,701-2765316-0235444,EG-KOZD-5QLH,Caderno Para Controle Financeiro - Minhas Contas Organizadas,2.0,amazon.com.br,Crédito Mastercard e outros,Amazon,Olinda,PE,53060.0,"105,80",0,0,0,0,"-13,76",0,0,0,"92,04",Janeiro,2026
18/01/2026,25481463851,Pedido,702-8733015-0912256,BT-HCTV-ZOJY,"Planner 2026 Napolitano - Planejamento Anual com Roda da Vida A5, Gestão Financeira, Organização Pessoal, Metas e Saúde, Capa Dura Laminada, Agend",1.0,amazon.com.br,Visa Crédito,Vendedor,Brasília,DF,70683.0,"78,90",0,0,0,0,"-10,26",0,0,0,"68,64",Janeiro,2026
18/01/2026,25481715531,Pedido,701-9456347-1827425,0Q-EK6Z-SV84,"Planner 2026 Floral - Planejamento Anual com Roda da Vida A5, Gestão Financeira, Organização Pessoal, Metas e Saúde, Capa Dura Laminada, Agenda Se",1.0,amazon.com.br,Crédito Mastercard e outros,Vendedor,Natal,RN,59092.0,"78,90","22,02",0,0,0,"-10,26",0,0,0,"90,66",Janeiro,2026
18/01/2026,25481463851,Pedido,702-0355470-6491476,YL-NANJ-F7TC,"Caderno Preto 20x20cm - Scrapbook Álbum De Fotos Preto 20 Folhas / 40 Páginas - Gramatura 200, Folhas Grossas",1.0,amazon.com.br,Visa Crédito,Amazon,Santana,AP,68926.0,"68,90",0,0,0,0,"-8,27",0,0,0,"60,63",Janeiro,2026
19/01/2026,25481302661,Pedido,702-9850858-4007460,YL-NANJ-F7TC,"Caderno Preto 20x20cm - Scrapbook Álbum De Fotos Preto 20 Folhas / 40 Páginas - Gramatura 200, Folhas Grossas",1.0,amazon.com.br,Boleto,Amazon,Anápolis,GO,75143.0,"68,90",0,0,0,0,"-8,27",0,0,0,"60,63",Janeiro,2026
19/01/2026,25481302661,Pedido,701-4670457-7801038,0Q-EK6Z-SV84,"Planner 2026 Floral - Planejamento Anual com Roda da Vida A5, Gestão Financeira, Organização Pessoal, Metas e Saúde, Capa Dura Laminada, Agenda Se",1.0,amazon.com.br,Boleto,Vendedor,Jundiaí,SP,13216.0,"78,90",0,0,0,0,"-10,26",0,0,0,"68,64",Janeiro,2026
19/01/2026,25481715531,Pedido,702-7926980-6309049,YL-NANJ-F7TC,"Caderno Preto 20x20cm - Scrapbook Álbum De Fotos Preto 20 Folhas / 40 Páginas - Gramatura 200, Folhas Grossas",1.0,amazon.com.br,Crédito Mastercard e outros,Amazon,Fortaleza,CE,60821.0,"68,90",0,0,0,0,"-8,27",0,0,0,"60,63",Janeiro,2026
19/01/2026,25532195811,Pedido,701-8070839-1472267,AA-2SEI-HBU9,"Planner 2026 - Delicado por fora, poderoso por dentro - organize-se com encanto!",1.0,amazon.com.br,Visa Crédito,Vendedor,Fernandópolis,SP,15603.0,"78,90",0,0,0,0,"-10,26",0,0,0,"68,64",Janeiro,2026
19/01/2026,25532195811,Pedido,702-3155382-3349039,IL-M7A6-AB2K,Planner 2026 - Life Capa Dura com Controle Financeiro e Roda da Vida (Capa 02),1.0,amazon.com.br,Visa Crédito,Vendedor,Nova Friburgo,RJ,28615.0,"78,90",0,0,0,0,"-10,26",0,0,0,"68,64",Janeiro,2026
19/01/2026,25532195871,Pedido,702-4152995-6951454,6O-N0LL-EHW0,Meu Planner Permanente Elegante - Organizador Planner Mensal Wire-O,1.0,amazon.com.br,Boleto,Amazon,Parnamirim,RN,59148.0,"78,90",0,0,0,0,"-10,26",0,0,0,"68,64",Janeiro,2026
19/01/2026,25532195811,Pedido,702-5983355-5410603,BT-HCTV-ZOJY,"Planner 2026 Napolitano - Planejamento Anual com Roda da Vida A5, Gestão Financeira, Organização Pessoal, Metas e Saúde, Capa Dura Laminada, Agend",1.0,amazon.com.br,Visa Crédito,Vendedor,São Paulo,SP,4704.0,"78,90",0,0,0,0,"-10,26",0,0,0,"68,64",Janeiro,2026
19/01/2026,25532805691,Pedido,701-7037018-7249012,MY-P05M-MBEP,"Caderno Quadriculado 1x1cm, Capa dura, diversas capas, 80 folhas, 24x15cm",1.0,amazon.com.br,Crédito Mastercard e outros,Vendedor,Carapicuíba,SP,6315.0,"38,90",0,0,0,0,"-5,06",0,0,0,"33,84",Janeiro,2026
19/01/2026,25532805691,Pedido,702-6714849-1757001,OI-WF8T-IXUA,Planner 2026 - Transforme seus dias com o planner que une beleza e funcionalidade Azul,1.0,amazon.com.br,Crédito Mastercard e outros,Amazon,Três De Maio,Rio Grande do sul,98910.0,"58,90",0,0,0,0,"-7,66",0,0,0,"51,24",Janeiro,2026
19/01/2026,25532805691,Pedido,701-1880239-3839464,0Q-EK6Z-SV84,"Planner 2026 Floral - Planejamento Anual com Roda da Vida A5, Gestão Financeira, Organização Pessoal, Metas e Saúde, Capa Dura Laminada, Agenda Se",1.0,amazon.com.br,Crédito Mastercard e outros,Vendedor,Pato Branco,PR,85506.0,"78,90",0,0,0,0,"-10,26",0,0,0,"68,64",Janeiro,2026
19/01/2026,25532805691,Pedido,701-2327668-2932209,JC-LA79-2HC8,"Caderno Espiral Capa Dura, A5 210x150mm, 80 Folhas, Van gogh, Frases estoicas (Capa 2)",1.0,amazon.com.br,Crédito Mastercard e outros,Amazon,Campinas,SP,13080.0,"35,90",0,0,0,0,"-4,67",0,0,0,"31,23",Janeiro,2026
19/01/2026,25532805691,Pedido,701-2327668-2932209,YY-BZFT-U04Z,"Caderno Espiral Capa Dura, A5 210x150mm, 80 Folhas, Van gogh, Frases estoicas (Capa 3)",1.0,amazon.com.br,Crédito Mastercard e outros,Amazon,Campinas,SP,13080.0,"49,90",0,0,0,0,"-6,49",0,0,0,"43,41",Janeiro,2026
19/01/2026,25532805691,Pedido,701-8538139-6889003,MQ-STXD-11EM,"Planner Premium 2026 - Planejamento Anual com Roda da Vida A5, Gestão Financeira, Organização Pessoal, Metas e Saúde, Capa Dura Laminada, Agenda S",1.0,amazon.com.br,Crédito Mastercard e outros,Vendedor,Brasília,DF,70790.0,"68,90",0,0,0,0,"-8,96",0,0,0,"59,94",Janeiro,2026
19/01/2026,25532805691,Pedido,702-1977238-0557054,BT-HCTV-ZOJY,"Planner 2026 Napolitano - Planejamento Anual com Roda da Vida A5, Gestão Financeira, Organização Pessoal, Metas e Saúde, Capa Dura Laminada, Agend",1.0,amazon.com.br,Crédito Mastercard e outros,Vendedor,Petrolina,PE,56312.0,"78,90","21,84",0,0,0,"-10,26",0,0,0,"90,48",Janeiro,2026
19/01/2026,25532805691,Pedido,701-0580949-9701862,4S-C6M7-1NCT,Planner 2026 Amarelo - Life Capa Dura com Controle Financeiro e Roda da Vida,1.0,amazon.com.br,Crédito Mastercard e outros,Vendedor,Salvador,BA,41760.0,"78,90","21,57",0,0,0,"-10,26",0,0,0,"90,21",Janeiro,2026
19/01/2026,25532195871,Pedido,701-9735463-6737026,OI-WF8T-IXUA,Planner 2026 - Transforme seus dias com o planner que une beleza e funcionalidade Azul,1.0,amazon.com.br,Boleto,Amazon,Presidente Dutra,MA,65760.0,"58,90","8,90",0,"-8,90",0,"-7,66",0,0,0,"51,24",Janeiro,2026
19/01/2026,25532805691,Pedido,702-8924398-5822608,DV-9MDQ-YD9E,Scrapbook Álbum De Fotos Preto 20 Folhas / 40 Páginas,1.0,amazon.com.br,Crédito Mastercard e outros,Amazon,São Paulo,SP,1452.0,"78,90","8,90",0,"-8,90",0,"-9,47",0,0,0,"69,43",Janeiro,2026
19/01/2026,25532195871,Pedido,702-6852969-1310637,4S-C6M7-1NCT,Planner 2026 Amarelo - Life Capa Dura com Controle Financeiro e Roda da Vida,1.0,amazon.com.br,Boleto,Vendedor,Vila Velha,ES,29102.0,"78,90",0,0,0,0,"-10,26",0,0,0,"68,64",Janeiro,2026
19/01/2026,25532195871,Pedido,702-8181009-4949015,MQ-STXD-11EM,"Planner Premium 2026 - Planejamento Anual com Roda da Vida A5, Gestão Financeira, Organização Pessoal, Metas e Saúde, Capa Dura Laminada, Agenda S",1.0,amazon.com.br,Boleto,Vendedor,Santa Maria,RS,97070.0,"68,90",0,0,0,0,"-8,96",0,0,0,"59,94",Janeiro,2026
19/01/2026,25532805691,Pedido,702-5378893-2553865,OI-WF8T-IXUA,Planner 2026 - Transforme seus dias com o planner que une beleza e funcionalidade Azul,1.0,amazon.com.br,Crédito Mastercard e outros,Amazon,Guaíra,PR,85983.0,"58,90",0,0,0,0,"-7,66",0,0,0,"51,24",Janeiro,2026
19/01/2026,25532805691,Pedido,702-9052774-5497862,92-CTAN-4AJQ,Caderno Scrapbook - 20 Folhas - Livro De Assinatura Folhas Pretas 20x19 Álbum De Fotos Scrapbook Preto 40 Páginas - 20x19,1.0,amazon.com.br,Crédito Mastercard e outros,Amazon,Manaus,AM,69060.0,"78,90",0,0,0,0,"-9,47",0,0,0,"69,43",Janeiro,2026
19/01/2026,25532195811,Pedido,702-9788156-7679435,92-CTAN-4AJQ,Caderno Scrapbook - 20 Folhas - Livro De Assinatura Folhas Pretas 20x19 Álbum De Fotos Scrapbook Preto 40 Páginas - 20x19,1.0,amazon.com.br,Visa Crédito,Amazon,Manaus,AM,69040.0,"78,90",0,0,0,0,"-9,47",0,0,0,"69,43",Janeiro,2026
19/01/2026,25532195871,Pedido,702-1243385-1581018,RU-9EXZ-G6IE,Sketchbook Profissional 20x20cm Espiral 180g - Caderno Artístico para Desenho e Aquarela,1.0,amazon.com.br,Boleto,Amazon,Curitiba,PR,80620.0,"78,90","8,90","3,90","-8,90",0,"-9,47","-3,90",0,0,"69,43",Janeiro,2026
19/01/2026,25532805691,Pedido,701-0703110-6149035,DS-AD46-QLZ8,Planner Semanal para o Ano Todo - Várias Capas Lindas!,1.0,amazon.com.br,Crédito Mastercard e outros,Amazon,Brasília,DF,71927.0,"58,90",0,0,0,0,"-7,66",0,0,0,"51,24",Janeiro,2026
19/01/2026,25532195871,Pedido,701-6418534-9851413,MQ-STXD-11EM,"Planner Premium 2026 - Planejamento Anual com Roda da Vida A5, Gestão Financeira, Organização Pessoal, Metas e Saúde, Capa Dura Laminada, Agenda S",1.0,amazon.com.br,Boleto,Vendedor,Belo Horizonte,MG,31160.0,"68,90",0,0,0,0,"-8,96",0,0,0,"59,94",Janeiro,2026
19/01/2026,25532805691,Transferir,,,Conta bancária com final: 192,,,Crédito Mastercard e outros,,,,,0,0,0,0,0,0,0,0,"-2.776,04","-2.776,04",Janeiro,2026
19/01/2026,25532998891,Transferir,,,Conta bancária com final: 192,,,Amex,,,,,0,0,0,0,0,0,0,0,"-267,19","-267,19",Janeiro,2026
19/01/2026,25532195811,Transferir,,,Conta bancária com final: 192,,,Visa Crédito,,,,,0,0,0,0,0,0,0,0,"-4.461,09","-4.461,09",Janeiro,2026
19/01/2026,25532849681,Transferir,,,Conta bancária com final: 192,,,Elo,,,,,0,0,0,0,0,0,0,0,"-255,55","-255,55",Janeiro,2026
19/01/2026,25532805691,Pedido,701-3289878-2689001,0Q-EK6Z-SV84,"Planner 2026 Floral - Planejamento Anual com Roda da Vida A5, Gestão Financeira, Organização Pessoal, Metas e Saúde, Capa Dura Laminada, Agenda Se",1.0,amazon.com.br,Crédito Mastercard e outros,Vendedor,Betim,MG,32606.0,"78,90",0,0,0,0,"-10,26",0,0,0,"68,64",Janeiro,2026
19/01/2026,25532805691,Pedido,701-1370321-1485846,0Q-EK6Z-SV84,"Planner 2026 Floral - Planejamento Anual com Roda da Vida A5, Gestão Financeira, Organização Pessoal, Metas e Saúde, Capa Dura Laminada, Agenda Se",1.0,amazon.com.br,Crédito Mastercard e outros,Vendedor,Campos do Jordão,SP,12465.0,"78,90",0,0,0,0,"-10,26",0,0,0,"68,64",Janeiro,2026
19/01/2026,25532195871,Pedido,702-4126501-4793002,UN-GE1Q-635D,Planner 2026 - Life Capa Dura com Controle Financeiro e Roda da Vida (Capa 01),1.0,amazon.com.br,Boleto,Vendedor,Osasco,SP,6184.0,"78,90",0,0,0,0,"-10,26",0,0,0,"68,64",Janeiro,2026
19/01/2026,25532805691,Pedido,701-1937416-6720262,MQ-STXD-11EM,"Planner Premium 2026 - Planejamento Anual com Roda da Vida A5, Gestão Financeira, Organização Pessoal, Metas e Saúde, Capa Dura Laminada, Agenda S",1.0,amazon.com.br,Crédito Mastercard e outros,Vendedor,Brasília,DF,71250.0,"68,90",0,0,0,0,"-8,96",0,0,0,"59,94",Janeiro,2026
19/01/2026,25532849681,Pedido,702-7486115-2797854,6R-CADM-OAHJ,Planner 2026 - Seu novo começo começa aqui - o planner que floresce com você.,1.0,amazon.com.br,Elo,Vendedor,São José dos Campos,São Paulo,12228.0,"78,90",0,0,0,0,"-10,26",0,0,0,"68,64",Janeiro,2026
19/01/2026,25532805691,Pedido,702-6202927-6229052,WC-0G0K-5CCC,"Planner Financeiro Mensal Datado 2026, Roda Da Vida A5 -Planejamento anual, Organização pessoal Metas e objetivos, Gestão financeira Monitoramento",1.0,amazon.com.br,Crédito Mastercard e outros,Vendedor,Fortaleza,CE,60824.0,"75,90","21,57",0,0,0,"-9,87",0,0,0,"87,60",Janeiro,2026
19/01/2026,25532805691,Serviços de Envio,701-6594777-0891429,,Tarifa de manuseio com base no peso Delivery by Amazon,,Amazon.com.br,Crédito Mastercard e outros,Vendedor,,,,0,0,0,0,0,0,0,"-6,75",0,"-6,75",Janeiro,2026
19/01/2026,25532805691,Serviços de Envio,701-6594777-0891429,,Estorno do frete pago pelo comprador,,Amazon.com.br,Crédito Mastercard e outros,Vendedor,,,,0,0,0,0,0,0,0,"-22,02",0,"-22,02",Janeiro,2026
19/01/2026,25532805691,Serviços de Envio,701-9489997-8082617,,Tarifa de manuseio com base no peso Delivery by Amazon,,Amazon.com.br,Crédito Mastercard e outros,Vendedor,,,,0,0,0,0,0,0,0,"-6,75",0,"-6,75",Janeiro,2026
19/01/2026,25532805691,Serviços de Envio,701-9489997-8082617,,Estorno do frete pago pelo comprador,,Amazon.com.br,Crédito Mastercard e outros,Vendedor,,,,0,0,0,0,0,0,0,0,0,0,Janeiro,2026
19/01/2026,25532805691,Serviços de Envio,702-5929057-4990614,,Tarifa de manuseio com base no peso Delivery by Amazon,,Amazon.com.br,Crédito Mastercard e outros,Vendedor,,,,0,0,0,0,0,0,0,"-6,75",0,"-6,75",Janeiro,2026
19/01/2026,25532805691,Serviços de Envio,702-5929057-4990614,,Estorno do frete pago pelo comprador,,Amazon.com.br,Crédito Mastercard e outros,Vendedor,,,,0,0,0,0,0,0,0,0,0,0,Janeiro,2026
19/01/2026,25532805691,Serviços de Envio,702-7786301-3625854,,Tarifa de manuseio com base no peso Delivery by Amazon,,Amazon.com.br,Crédito Mastercard e outros,Vendedor,,,,0,0,0,0,0,0,0,"-6,75",0,"-6,75",Janeiro,2026
19/01/2026,25532805691,Serviços de Envio,702-7786301-3625854,,Estorno do frete pago pelo comprador,,Amazon.com.br,Crédito Mastercard e outros,Vendedor,,,,0,0,0,0,0,0,0,0,0,0,Janeiro,2026
19/01/2026,25532805691,Serviços de Envio,701-5736984-4760260,,Tarifa de manuseio com base no peso Delivery by Amazon,,Amazon.com.br,Crédito Mastercard e outros,Vendedor,,,,0,0,0,0,0,0,0,"-6,75",0,"-6,75",Janeiro,2026
19/01/2026,25532805691,Serviços de Envio,701-5736984-4760260,,Estorno do frete pago pelo comprador,,Amazon.com.br,Crédito Mastercard e outros,Vendedor,,,,0,0,0,0,0,0,0,0,0,0,Janeiro,2026
19/01/2026,25532805691,Serviços de Envio,701-8854692-9381022,,Tarifa de manuseio com base no peso Delivery by Amazon,,Amazon.com.br,Crédito Mastercard e outros,Vendedor,,,,0,0,0,0,0,0,0,"-6,75",0,"-6,75",Janeiro,2026
19/01/2026,25532805691,Serviços de Envio,701-8854692-9381022,,Estorno do frete pago pelo comprador,,Amazon.com.br,Crédito Mastercard e outros,Vendedor,,,,0,0,0,0,0,0,0,0,0,0,Janeiro,2026
19/01/2026,25532805691,Serviços de Envio,702-3113019-1236238,,Tarifa de manuseio com base no peso Delivery by Amazon,,Amazon.com.br,Crédito Mastercard e outros,Vendedor,,,,0,0,0,0,0,0,0,"-6,75",0,"-6,75",Janeiro,2026
19/01/2026,25532805691,Serviços de Envio,702-3113019-1236238,,Estorno do frete pago pelo comprador,,Amazon.com.br,Crédito Mastercard e outros,Vendedor,,,,0,0,0,0,0,0,0,0,0,0,Janeiro,2026
19/01/2026,25532805691,Serviços de Envio,701-5792827-3567409,,Tarifa de manuseio com base no peso Delivery by Amazon,,Amazon.com.br,Crédito Mastercard e outros,Vendedor,,,,0,0,0,0,0,0,0,"-6,75",0,"-6,75",Janeiro,2026
19/01/2026,25532805691,Serviços de Envio,701-5792827-3567409,,Estorno do frete pago pelo comprador,,Amazon.com.br,Crédito Mastercard e outros,Vendedor,,,,0,0,0,0,0,0,0,0,0,0,Janeiro,2026
19/01/2026,25532805691,Serviços de Envio,701-1747566-4817025,,Tarifa de manuseio com base no peso Delivery by Amazon,,Amazon.com.br,Crédito Mastercard e outros,Vendedor,,,,0,0,0,0,0,0,0,"-6,75",0,"-6,75",Janeiro,2026
19/01/2026,25532805691,Serviços de Envio,701-1747566-4817025,,Estorno do frete pago pelo comprador,,Amazon.com.br,Crédito Mastercard e outros,Vendedor,,,,0,0,0,0,0,0,0,0,0,0,Janeiro,2026
19/01/2026,25532805691,Serviços de Envio,701-6699905-9409822,,Tarifa de manuseio com base no peso Delivery by Amazon,,Amazon.com.br,Crédito Mastercard e outros,Vendedor,,,,0,0,0,0,0,0,0,"-6,75",0,"-6,75",Janeiro,2026
19/01/2026,25532805691,Serviços de Envio,701-6699905-9409822,,Estorno do frete pago pelo comprador,,Amazon.com.br,Crédito Mastercard e outros,Vendedor,,,,0,0,0,0,0,0,0,0,0,0,Janeiro,2026
19/01/2026,25532805691,Serviços de Envio,701-7532029-8576209,,Tarifa de manuseio com base no peso Delivery by Amazon,,Amazon.com.br,Crédito Mastercard e outros,Vendedor,,,,0,0,0,0,0,0,0,"-6,75",0,"-6,75",Janeiro,2026
19/01/2026,25532805691,Serviços de Envio,701-7532029-8576209,,Estorno do frete pago pelo comprador,,Amazon.com.br,Crédito Mastercard e outros,Vendedor,,,,0,0,0,0,0,0,0,0,0,0,Janeiro,2026
19/01/2026,25532805691,Serviços de Envio,701-7211939-0886655,,Tarifa de manuseio com base no peso Delivery by Amazon,,Amazon.com.br,Crédito Mastercard e outros,Vendedor,,,,0,0,0,0,0,0,0,"-6,75",0,"-6,75",Janeiro,2026
19/01/2026,25532805691,Serviços de Envio,701-7211939-0886655,,Estorno do frete pago pelo comprador,,Amazon.com.br,Crédito Mastercard e outros,Vendedor,,,,0,0,0,0,0,0,0,0,0,0,Janeiro,2026
19/01/2026,25532805691,Serviços de Envio,701-6949443-7148220,,Tarifa de manuseio com base no peso Delivery by Amazon,,Amazon.com.br,Crédito Mastercard e outros,Vendedor,,,,0,0,0,0,0,0,0,"-6,75",0,"-6,75",Janeiro,2026
19/01/2026,25532805691,Serviços de Envio,701-6949443-7148220,,Estorno do frete pago pelo comprador,,Amazon.com.br,Crédito Mastercard e outros,Vendedor,,,,0,0,0,0,0,0,0,0,0,0,Janeiro,2026
19/01/2026,25532805691,Serviços de Envio,701-6000741-5646602,,Tarifa de manuseio com base no peso Delivery by Amazon,,Amazon.com.br,Crédito Mastercard e outros,Vendedor,,,,0,0,0,0,0,0,0,"-6,75",0,"-6,75",Janeiro,2026
19/01/2026,25532805691,Serviços de Envio,701-6000741-5646602,,Estorno do frete pago pelo comprador,,Amazon.com.br,Crédito Mastercard e outros,Vendedor,,,,0,0,0,0,0,0,0,0,0,0,Janeiro,2026
19/01/2026,25532805691,Serviços de Envio,701-0439604-5744243,,Tarifa de manuseio com base no peso Delivery by Amazon,,Amazon.com.br,Crédito Mastercard e outros,Vendedor,,,,0,0,0,0,0,0,0,"-6,75",0,"-6,75",Janeiro,2026
19/01/2026,25532805691,Serviços de Envio,701-0439604-5744243,,Estorno do frete pago pelo comprador,,Amazon.com.br,Crédito Mastercard e outros,Vendedor,,,,0,0,0,0,0,0,0,0,0,0,Janeiro,2026
19/01/2026,25532805691,Serviços de Envio,702-6118403-9738665,,Tarifa de manuseio com base no peso Delivery by Amazon,,Amazon.com.br,Crédito Mastercard e outros,Vendedor,,,,0,0,0,0,0,0,0,"-6,75",0,"-6,75",Janeiro,2026
19/01/2026,25532805691,Serviços de Envio,702-6118403-9738665,,Estorno do frete pago pelo comprador,,Amazon.com.br,Crédito Mastercard e outros,Vendedor,,,,0,0,0,0,0,0,0,"-21,80",0,"-21,80",Janeiro,2026
19/01/2026,25532805691,Serviços de Envio,701-0588679-8311457,,Tarifa de manuseio com base no peso Delivery by Amazon,,Amazon.com.br,Crédito Mastercard e outros,Vendedor,,,,0,0,0,0,0,0,0,"-6,75",0,"-6,75",Janeiro,2026
19/01/2026,25532805691,Serviços de Envio,701-0588679-8311457,,Estorno do frete pago pelo comprador,,Amazon.com.br,Crédito Mastercard e outros,Vendedor,,,,0,0,0,0,0,0,0,"-22,02",0,"-22,02",Janeiro,2026
19/01/2026,25532805691,Serviços de Envio,702-4628150-5697847,,Tarifa de manuseio com base no peso Delivery by Amazon,,Amazon.com.br,Crédito Mastercard e outros,Vendedor,,,,0,0,0,0,0,0,0,"-6,75",0,"-6,75",Janeiro,2026
19/01/2026,25532805691,Serviços de Envio,702-4628150-5697847,,Estorno do frete pago pelo comprador,,Amazon.com.br,Crédito Mastercard e outros,Vendedor,,,,0,0,0,0,0,0,0,0,0,0,Janeiro,2026
19/01/2026,25532805691,Serviços de Envio,701-8435528-6031465,,Tarifa de manuseio com base no peso Delivery by Amazon,,Amazon.com.br,Crédito Mastercard e outros,Vendedor,,,,0,0,0,0,0,0,0,"-6,75",0,"-6,75",Janeiro,2026
19/01/2026,25532805691,Serviços de Envio,701-8435528-6031465,,Estorno do frete pago pelo comprador,,Amazon.com.br,Crédito Mastercard e outros,Vendedor,,,,0,0,0,0,0,0,0,0,0,0,Janeiro,2026
19/01/2026,25532805691,Serviços de Envio,701-6281453-6525067,,Tarifa de manuseio com base no peso Delivery by Amazon,,Amazon.com.br,Crédito Mastercard e outros,Vendedor,,,,0,0,0,0,0,0,0,"-6,75",0,"-6,75",Janeiro,2026
19/01/2026,25532805691,Serviços de Envio,701-6281453-6525067,,Estorno do frete pago pelo comprador,,Amazon.com.br,Crédito Mastercard e outros,Vendedor,,,,0,0,0,0,0,0,0,0,0,0,Janeiro,2026
19/01/2026,25532805691,Serviços de Envio,702-1435984-8157002,,Tarifa de manuseio com base no peso Delivery by Amazon,,Amazon.com.br,Crédito Mastercard e outros,Vendedor,,,,0,0,0,0,0,0,0,"-6,75",0,"-6,75",Janeiro,2026
19/01/2026,25532805691,Serviços de Envio,702-1435984-8157002,,Estorno do frete pago pelo comprador,,Amazon.com.br,Crédito Mastercard e outros,Vendedor,,,,0,0,0,0,0,0,0,0,0,0,Janeiro,2026
19/01/2026,25532805691,Pedido,701-2053089-3017838,OI-WF8T-IXUA,Planner 2026 - Transforme seus dias com o planner que une beleza e funcionalidade Azul,1.0,amazon.com.br,Crédito Mastercard e outros,Amazon,Rio de Janeiro,RJ,20550.0,"58,90",0,0,0,0,"-7,66",0,0,0,"51,24",Janeiro,2026
19/01/2026,25532195811,Pedido,701-7009544-4401006,OI-WF8T-IXUA,Planner 2026 - Transforme seus dias com o planner que une beleza e funcionalidade Azul,1.0,amazon.com.br,Visa Crédito,Amazon,Saquarema,RJ,28999.0,"58,90","8,90","3,90","-8,90",0,"-7,66","-3,90",0,0,"51,24",Janeiro,2026
19/01/2026,25532195811,Pedido,702-8648914-5313048,OI-WF8T-IXUA,Planner 2026 - Transforme seus dias com o planner que une beleza e funcionalidade Azul,1.0,amazon.com.br,Visa Crédito,Amazon,São Paulo,SP,2220.0,"58,90",0,0,0,0,"-7,66",0,0,0,"51,24",Janeiro,2026
19/01/2026,25532805691,Pedido,701-3183692-0804225,AA-2SEI-HBU9,"Planner 2026 - Delicado por fora, poderoso por dentro - organize-se com encanto!",1.0,amazon.com.br,Crédito Mastercard e outros,Vendedor,São Paulo,SP,4081.0,"78,90",0,0,0,0,"-10,26",0,0,0,"68,64",Janeiro,2026
19/01/2026,25532195811,Pedido,702-1799372-6893862,MQ-STXD-11EM,"Planner Premium 2026 - Planejamento Anual com Roda da Vida A5, Gestão Financeira, Organização Pessoal, Metas e Saúde, Capa Dura Laminada, Agenda S",1.0,amazon.com.br,Visa Crédito,Vendedor,São José dos Campos,SP,12237.0,"68,90",0,0,0,0,"-8,96",0,0,0,"59,94",Janeiro,2026
19/01/2026,25532195871,Pedido,702-7008914-7257858,0Q-EK6Z-SV84,"Planner 2026 Floral - Planejamento Anual com Roda da Vida A5, Gestão Financeira, Organização Pessoal, Metas e Saúde, Capa Dura Laminada, Agenda Se",1.0,amazon.com.br,Boleto,Vendedor,Itararé,SP,18460.0,"78,90",0,0,0,0,"-10,26",0,0,0,"68,64",Janeiro,2026
19/01/2026,25532805691,Pedido,701-6110304-1018630,AA-2SEI-HBU9,"Planner 2026 - Delicado por fora, poderoso por dentro - organize-se com encanto!",1.0,amazon.com.br,Crédito Mastercard e outros,Vendedor,São Paulo,SP,4843.0,"78,90",0,0,0,0,"-10,26",0,0,0,"68,64",Janeiro,2026
19/01/2026,25532195871,Pedido,702-5253996-4141850,0Q-EK6Z-SV84,"Planner 2026 Floral - Planejamento Anual com Roda da Vida A5, Gestão Financeira, Organização Pessoal, Metas e Saúde, Capa Dura Laminada, Agenda Se",1.0,amazon.com.br,Boleto,Vendedor,Santa Cruz do Capibaribe,PE,55016.0,"78,90","22,02",0,0,0,"-10,26",0,0,0,"90,66",Janeiro,2026
19/01/2026,25532805691,Pedido,701-1702266-5544263,BT-HCTV-ZOJY,"Planner 2026 Napolitano - Planejamento Anual com Roda da Vida A5, Gestão Financeira, Organização Pessoal, Metas e Saúde, Capa Dura Laminada, Agend",1.0,amazon.com.br,Crédito Mastercard e outros,Vendedor,Florianópolis,SC,88062.0,"78,90",0,0,0,0,"-10,26",0,0,0,"68,64",Janeiro,2026
19/01/2026,25532195871,Pedido,702-7551825-7070643,RA-KICF-0Q47,"Caderno Preto 20x20cm - Scrapbook Álbum De Fotos Preto 20 Folhas / 40 Páginas - Gramatura 200, Folhas Grossas",1.0,amazon.com.br,Boleto,Vendedor,Recife,PE,52041.0,"58,90","21,08",0,0,0,"-7,07",0,0,0,"72,91",Janeiro,2026
19/01/2026,25532805691,Pedido,702-1880165-4550658,92-CTAN-4AJQ,Caderno Scrapbook - 20 Folhas - Livro De Assinatura Folhas Pretas 20x19 Álbum De Fotos Scrapbook Preto 40 Páginas - 20x19,1.0,amazon.com.br,Crédito Mastercard e outros,Amazon,Manaus,AM,69035.0,"78,90",0,0,0,0,"-9,47",0,0,0,"69,43",Janeiro,2026
19/01/2026,25532805691,Pedido,701-6158628-6387427,AA-2SEI-HBU9,"Planner 2026 - Delicado por fora, poderoso por dentro - organize-se com encanto!",1.0,amazon.com.br,Crédito Mastercard e outros,Vendedor,Brasília,DF,73010.0,"78,90",0,0,0,0,"-10,26",0,0,0,"68,64",Janeiro,2026
20/01/2026,25532805691,Pedido,702-5531050-7451449,0Q-EK6Z-SV84,"Planner 2026 Floral - Planejamento Anual com Roda da Vida A5, Gestão Financeira, Organização Pessoal, Metas e Saúde, Capa Dura Laminada, Agenda Se",1.0,amazon.com.br,Crédito Mastercard e outros,Vendedor,São Bernardo do Campo,SP,9751.0,"78,90",0,0,0,0,"-10,26",0,0,0,"68,64",Janeiro,2026
20/01/2026,25532195811,Pedido,701-9732586-1497060,UN-GE1Q-635D,Planner 2026 - Life Capa Dura com Controle Financeiro e Roda da Vida (Capa 01),1.0,amazon.com.br,Visa Crédito,Vendedor,Fortaleza,Ceará,60810.0,"78,90","21,84",0,0,0,"-10,26",0,0,0,"90,48",Janeiro,2026
20/01/2026,25532195871,Pedido,702-9846216-0965017,IL-M7A6-AB2K,Planner 2026 - Life Capa Dura com Controle Financeiro e Roda da Vida (Capa 02),1.0,amazon.com.br,Boleto,Vendedor,Brasília,DF,72006.0,"78,90",0,0,0,0,"-10,26",0,0,0,"68,64",Janeiro,2026
20/01/2026,25532195871,Pedido,701-3022495-2880205,0Q-EK6Z-SV84,"Planner 2026 Floral - Planejamento Anual com Roda da Vida A5, Gestão Financeira, Organização Pessoal, Metas e Saúde, Capa Dura Laminada, Agenda Se",1.0,amazon.com.br,Boleto,Vendedor,Itajobi,SP,15843.0,"78,90",0,0,0,0,"-10,26",0,0,0,"68,64",Janeiro,2026
20/01/2026,25532805691,Pedido,702-7502992-3403427,WC-0G0K-5CCC,"Planner Financeiro Mensal Datado 2026, Roda Da Vida A5 -Planejamento anual, Organização pessoal Metas e objetivos, Gestão financeira Monitoramento",1.0,amazon.com.br,Crédito Mastercard e outros,Vendedor,Bento Gonçalves,RS,95705.0,"75,90",0,0,0,0,"-9,87",0,0,0,"66,03",Janeiro,2026
20/01/2026,25532805691,Pedido,701-7970783-9286627,MQ-STXD-11EM,"Planner Premium 2026 - Planejamento Anual com Roda da Vida A5, Gestão Financeira, Organização Pessoal, Metas e Saúde, Capa Dura Laminada, Agenda S",1.0,amazon.com.br,Crédito Mastercard e outros,Vendedor,Brasília,DF,71730.0,"68,90",0,0,0,0,"-8,96",0,0,0,"59,94",Janeiro,2026
20/01/2026,25532195811,Pedido,701-3685134-1163454,92-CTAN-4AJQ,Caderno Scrapbook - 20 Folhas - Livro De Assinatura Folhas Pretas 20x19 Álbum De Fotos Scrapbook Preto 40 Páginas - 20x19,1.0,amazon.com.br,Visa Crédito,Amazon,Manaus,Amazonas,69057.0,"78,90",0,0,0,0,"-9,47",0,0,0,"69,43",Janeiro,2026
20/01/2026,25532195811,Pedido,701-1153345-4086623,BT-HCTV-ZOJY,"Planner 2026 Napolitano - Planejamento Anual com Roda da Vida A5, Gestão Financeira, Organização Pessoal, Metas e Saúde, Capa Dura Laminada, Agend",1.0,amazon.com.br,Visa Crédito,Vendedor,São Paulo,SP,4135.0,"78,90",0,0,0,0,"-10,26",0,0,0,"68,64",Janeiro,2026
20/01/2026,25532805691,Pedido,701-6336753-1573066,RW-FUR9-X25R,"Planner 2026 - Respire, floresça, torne-se - um planner para sua melhor versão!",1.0,amazon.com.br,Crédito Mastercard e outros,Vendedor,FORTALEZA,CE,60410.0,"78,90","22,51",0,0,0,"-10,26",0,0,0,"91,15",Janeiro,2026
20/01/2026,25532195811,Pedido,701-7264895-5593035,0Q-EK6Z-SV84,"Planner 2026 Floral - Planejamento Anual com Roda da Vida A5, Gestão Financeira, Organização Pessoal, Metas e Saúde, Capa Dura Laminada, Agenda Se",1.0,amazon.com.br,Visa Crédito,Vendedor,Passos,MG,37901.0,"78,90",0,0,0,0,"-10,26",0,0,0,"68,64",Janeiro,2026
20/01/2026,25532805691,Pedido,702-5295803-8693804,IL-M7A6-AB2K,Planner 2026 - Life Capa Dura com Controle Financeiro e Roda da Vida (Capa 02),1.0,amazon.com.br,Crédito Mastercard e outros,Vendedor,Fortaleza,CE,60866.0,"78,90","21,90",0,0,0,"-10,26",0,0,0,"90,54",Janeiro,2026
20/01/2026,25532195871,Pedido,701-8255975-7530601,BT-HCTV-ZOJY,"Planner 2026 Napolitano - Planejamento Anual com Roda da Vida A5, Gestão Financeira, Organização Pessoal, Metas e Saúde, Capa Dura Laminada, Agend",1.0,amazon.com.br,Boleto,Vendedor,Fortaleza,CE,60192.0,"78,90","21,84",0,0,0,"-10,26",0,0,0,"90,48",Janeiro,2026
20/01/2026,25532195811,Pedido,702-5316679-4624251,JC-LA79-2HC8,"Caderno Espiral Capa Dura, A5 210x150mm, 80 Folhas, Van gogh, Frases estoicas (Capa 2)",1.0,amazon.com.br,Visa Crédito,Amazon,Brasília,DF,72450.0,"35,90",0,0,0,0,"-4,67",0,0,0,"31,23",Janeiro,2026
20/01/2026,25532195811,Pedido,702-4189628-1057015,0Q-EK6Z-SV84,"Planner 2026 Floral - Planejamento Anual com Roda da Vida A5, Gestão Financeira, Organização Pessoal, Metas e Saúde, Capa Dura Laminada, Agenda Se",1.0,amazon.com.br,Visa Crédito,Vendedor,Pelotas,RS,96020.0,"78,90",0,0,0,0,"-10,26",0,0,0,"68,64",Janeiro,2026
20/01/2026,25532805691,Pedido,702-1693508-0007425,MQ-STXD-11EM,"Planner Premium 2026 - Planejamento Anual com Roda da Vida A5, Gestão Financeira, Organização Pessoal, Metas e Saúde, Capa Dura Laminada, Agenda S",1.0,amazon.com.br,Crédito Mastercard e outros,Vendedor,São Paulo,SP,4606.0,"68,90",0,0,0,0,"-8,96",0,0,0,"59,94",Janeiro,2026
20/01/2026,25532195811,Pedido,701-1642842-7640228,MQ-STXD-11EM,"Planner Premium 2026 - Planejamento Anual com Roda da Vida A5, Gestão Financeira, Organização Pessoal, Metas e Saúde, Capa Dura Laminada, Agenda S",1.0,amazon.com.br,Visa Crédito,Vendedor,São Paulo,SP,4718.0,"68,90",0,0,0,0,"-8,96",0,0,0,"59,94",Janeiro,2026
20/01/2026,25532195871,Pedido,701-0084563-8594629,RM-WZSV-E4J3,Planner 2026 - Transforme seus dias com o planner que une beleza e funcionalidade,1.0,amazon.com.br,Boleto,Vendedor,Cuiabá,MT,78050.0,"78,90","22,02",0,0,0,"-10,26",0,0,0,"90,66",Janeiro,2026
20/01/2026,25532195871,Pedido,701-0041790-7071442,MQ-STXD-11EM,"Planner Premium 2026 - Planejamento Anual com Roda da Vida A5, Gestão Financeira, Organização Pessoal, Metas e Saúde, Capa Dura Laminada, Agenda S",1.0,amazon.com.br,Boleto,Vendedor,São José do Egito,PE,56700.0,"68,90","21,80",0,0,0,"-8,96",0,0,0,"81,74",Janeiro,2026
20/01/2026,25532805691,Pedido,702-5501029-5464219,WC-0G0K-5CCC,"Planner Financeiro Mensal Datado 2026, Roda Da Vida A5 -Planejamento anual, Organização pessoal Metas e objetivos, Gestão financeira Monitoramento",1.0,amazon.com.br,Crédito Mastercard e outros,Vendedor,Itajaí,SC,88301.0,"75,90",0,0,0,0,"-9,87",0,0,0,"66,03",Janeiro,2026
20/01/2026,25532805691,Pedido,702-5885358-8549861,0Q-EK6Z-SV84,"Planner 2026 Floral - Planejamento Anual com Roda da Vida A5, Gestão Financeira, Organização Pessoal, Metas e Saúde, Capa Dura Laminada, Agenda Se",1.0,amazon.com.br,Crédito Mastercard e outros,Vendedor,Novo Gama,GO,72865.0,"78,90","22,02",0,0,0,"-10,26",0,0,0,"90,66",Janeiro,2026
20/01/2026,25532805691,Pedido,701-8289904-2233018,JC-LA79-2HC8,"Caderno Espiral Capa Dura, A5 210x150mm, 80 Folhas, Van gogh, Frases estoicas (Capa 2)",1.0,amazon.com.br,Crédito Mastercard e outros,Amazon,Joinville,SC,89203.0,"35,90",0,0,0,0,"-4,67",0,0,0,"31,23",Janeiro,2026
20/01/2026,25532195871,Pedido,701-7280512-6562638,HW-BT5D-E0K0,"Planner Financeiro Mensal Datado 2026, Roda Da Vida A5 -Planejamento anual, Organização pessoal Metas e objetivos, Gestão financeira Monitoramento",1.0,amazon.com.br,Boleto,Amazon,Fortaleza,CE,60125.0,"75,90",0,0,0,0,"-9,87",0,0,0,"66,03",Janeiro,2026
20/01/2026,25532195811,Pedido,702-5394450-2067418,BT-HCTV-ZOJY,"Planner 2026 Napolitano - Planejamento Anual com Roda da Vida A5, Gestão Financeira, Organização Pessoal, Metas e Saúde, Capa Dura Laminada, Agend",1.0,amazon.com.br,Visa Crédito,Vendedor,Recife,PE,50720.0,"78,90","21,84",0,0,0,"-10,26",0,0,0,"90,48",Janeiro,2026
20/01/2026,25532805691,Pedido,701-8015703-2131406,LZ-XCCB-5AVH,"Controle Financeiro Flork: ""Linda, Forte e Corajosa"" (Roxo)",1.0,amazon.com.br,Crédito Mastercard e outros,Amazon,São Paulo,SP,2403.0,"59,90",0,0,0,0,"-7,79",0,0,0,"52,11",Janeiro,2026
20/01/2026,25532195811,Pedido,701-5526975-7873812,9X-HUC9-I83L,"Planner 2026 - Respire, floresça, torne-se - um planner para sua melhor versão!",1.0,amazon.com.br,Visa Crédito,Vendedor,Foz do Iguaçu,PR,85869.0,"78,90",0,0,0,0,"-10,26",0,0,0,"68,64",Janeiro,2026
20/01/2026,25532195871,Pedido,702-9601289-5203454,0Q-EK6Z-SV84,"Planner 2026 Floral - Planejamento Anual com Roda da Vida A5, Gestão Financeira, Organização Pessoal, Metas e Saúde, Capa Dura Laminada, Agenda Se",1.0,amazon.com.br,Boleto,Vendedor,Belo Horizonte,MG,31270.0,"78,90",0,0,0,0,"-10,26",0,0,0,"68,64",Janeiro,2026
20/01/2026,25532195871,Pedido,702-5593448-8807428,4S-C6M7-1NCT,Planner 2026 Amarelo - Life Capa Dura com Controle Financeiro e Roda da Vida,1.0,amazon.com.br,Boleto,Vendedor,Belo Horizonte,MG,31365.0,"78,90",0,0,0,0,"-10,26",0,0,0,"68,64",Janeiro,2026
20/01/2026,25532195811,Pedido,702-0804257-1183441,OI-WF8T-IXUA,Planner 2026 - Transforme seus dias com o planner que une beleza e funcionalidade Azul,1.0,amazon.com.br,Visa Crédito,Amazon,Conselheiro Lafaiete,MG,36408.0,"58,90",0,0,0,0,"-7,66",0,0,0,"51,24",Janeiro,2026
20/01/2026,25532195871,Pedido,702-8122114-3968218,0Q-EK6Z-SV84,"Planner 2026 Floral - Planejamento Anual com Roda da Vida A5, Gestão Financeira, Organização Pessoal, Metas e Saúde, Capa Dura Laminada, Agenda Se",1.0,amazon.com.br,Boleto,Vendedor,Rio de Janeiro,RJ,21320.0,"78,90",0,0,0,0,"-10,26",0,0,0,"68,64",Janeiro,2026
20/01/2026,25532805691,Pedido,701-2540139-6719416,EG-KOZD-5QLH,Caderno Para Controle Financeiro - Minhas Contas Organizadas,1.0,amazon.com.br,Crédito Mastercard e outros,Amazon,Fortaleza,CE,60420.0,"52,90",0,0,0,0,"-6,88",0,0,0,"46,02",Janeiro,2026
20/01/2026,25532805691,Pedido,702-9718483-3949003,MQ-STXD-11EM,"Planner Premium 2026 - Planejamento Anual com Roda da Vida A5, Gestão Financeira, Organização Pessoal, Metas e Saúde, Capa Dura Laminada, Agenda S",1.0,amazon.com.br,Crédito Mastercard e outros,Vendedor,Fortaleza,CE,60525.0,"68,90","21,80",0,0,0,"-8,96",0,0,0,"81,74",Janeiro,2026
20/01/2026,25532805691,Reembolso,701-6158628-6387427,AA-2SEI-HBU9,"Planner 2026 - Delicado por fora, poderoso por dentro - organize-se com encanto!",1.0,amazon.com.br,Crédito Mastercard e outros,Vendedor,Brasília,DF,73010.0,"-78,90",0,0,0,0,"8,21",0,0,0,"-70,69",Janeiro,2026
20/01/2026,25532195871,Pedido,701-4738182-0595467,MQ-STXD-11EM,"Planner Premium 2026 - Planejamento Anual com Roda da Vida A5, Gestão Financeira, Organização Pessoal, Metas e Saúde, Capa Dura Laminada, Agenda S",1.0,amazon.com.br,Boleto,Vendedor,Governador Valadares,MG,35050.0,"68,90",0,0,0,0,"-8,96",0,0,0,"59,94",Janeiro,2026
20/01/2026,25532805691,Pedido,702-4998443-1097009,OI-WF8T-IXUA,Planner 2026 - Transforme seus dias com o planner que une beleza e funcionalidade Azul,1.0,amazon.com.br,Crédito Mastercard e outros,Amazon,Paulista,PE,53413.0,"58,90",0,0,0,0,"-7,66",0,0,0,"51,24",Janeiro,2026
20/01/2026,25532805691,Pedido,702-8862047-3519448,V7-N8TP-MCL5,Album fotografico scrapbook - Coleção Corações (Vermelho),1.0,amazon.com.br,Crédito Mastercard e outros,Vendedor,Santa Maria,RS,97040.0,"78,90",0,0,0,0,"-10,26",0,0,0,"68,64",Janeiro,2026
20/01/2026,25532805691,Serviços de Envio,701-4869378-4516238,,Tarifa de manuseio com base no peso Delivery by Amazon,,Amazon.com.br,Crédito Mastercard e outros,Vendedor,,,,0,0,0,0,0,0,0,"-6,75",0,"-6,75",Janeiro,2026
20/01/2026,25532805691,Serviços de Envio,701-4869378-4516238,,Estorno do frete pago pelo comprador,,Amazon.com.br,Crédito Mastercard e outros,Vendedor,,,,0,0,0,0,0,0,0,0,0,0,Janeiro,2026
20/01/2026,25532805691,Serviços de Envio,701-4677717-9235436,,Tarifa de manuseio com base no peso Delivery by Amazon,,Amazon.com.br,Crédito Mastercard e outros,Vendedor,,,,0,0,0,0,0,0,0,"-6,75",0,"-6,75",Janeiro,2026
20/01/2026,25532805691,Serviços de Envio,701-4677717-9235436,,Estorno do frete pago pelo comprador,,Amazon.com.br,Crédito Mastercard e outros,Vendedor,,,,0,0,0,0,0,0,0,"-21,80",0,"-21,80",Janeiro,2026
20/01/2026,25532805691,Serviços de Envio,702-8719069-2159442,,Tarifa de manuseio com base no peso Delivery by Amazon,,Amazon.com.br,Crédito Mastercard e outros,Vendedor,,,,0,0,0,0,0,0,0,"-6,75",0,"-6,75",Janeiro,2026
20/01/2026,25532805691,Serviços de Envio,702-8719069-2159442,,Estorno do frete pago pelo comprador,,Amazon.com.br,Crédito Mastercard e outros,Vendedor,,,,0,0,0,0,0,0,0,0,0,0,Janeiro,2026
20/01/2026,25532805691,Serviços de Envio,701-6518151-0576206,,Tarifa de manuseio com base no peso Delivery by Amazon,,Amazon.com.br,Crédito Mastercard e outros,Vendedor,,,,0,0,0,0,0,0,0,"-6,75",0,"-6,75",Janeiro,2026
20/01/2026,25532805691,Serviços de Envio,701-6518151-0576206,,Estorno do frete pago pelo comprador,,Amazon.com.br,Crédito Mastercard e outros,Vendedor,,,,0,0,0,0,0,0,0,0,0,0,Janeiro,2026
20/01/2026,25532805691,Serviços de Envio,701-2724872-6913023,,Tarifa de manuseio com base no peso Delivery by Amazon,,Amazon.com.br,Crédito Mastercard e outros,Vendedor,,,,0,0,0,0,0,0,0,"-6,75",0,"-6,75",Janeiro,2026
20/01/2026,25532805691,Serviços de Envio,701-2724872-6913023,,Estorno do frete pago pelo comprador,,Amazon.com.br,Crédito Mastercard e outros,Vendedor,,,,0,0,0,0,0,0,0,0,0,0,Janeiro,2026
20/01/2026,25532805691,Serviços de Envio,702-7286276-6282633,,Tarifa de manuseio com base no peso Delivery by Amazon,,Amazon.com.br,Crédito Mastercard e outros,Vendedor,,,,0,0,0,0,0,0,0,"-6,75",0,"-6,75",Janeiro,2026
20/01/2026,25532805691,Serviços de Envio,702-7286276-6282633,,Estorno do frete pago pelo comprador,,Amazon.com.br,Crédito Mastercard e outros,Vendedor,,,,0,0,0,0,0,0,0,0,0,0,Janeiro,2026
20/01/2026,25532805691,Serviços de Envio,702-8785672-9827405,,Tarifa de manuseio com base no peso Delivery by Amazon,,Amazon.com.br,Crédito Mastercard e outros,Vendedor,,,,0,0,0,0,0,0,0,"-6,75",0,"-6,75",Janeiro,2026
20/01/2026,25532805691,Serviços de Envio,702-8785672-9827405,,Estorno do frete pago pelo comprador,,Amazon.com.br,Crédito Mastercard e outros,Vendedor,,,,0,0,0,0,0,0,0,0,0,0,Janeiro,2026
20/01/2026,25532805691,Serviços de Envio,702-3671611-1216221,,Tarifa de manuseio com base no peso Delivery by Amazon,,Amazon.com.br,Crédito Mastercard e outros,Vendedor,,,,0,0,0,0,0,0,0,"-6,75",0,"-6,75",Janeiro,2026
20/01/2026,25532805691,Serviços de Envio,702-3671611-1216221,,Estorno do frete pago pelo comprador,,Amazon.com.br,Crédito Mastercard e outros,Vendedor,,,,0,0,0,0,0,0,0,0,0,0,Janeiro,2026
20/01/2026,25532805691,Serviços de Envio,702-8907128-9010634,,Tarifa de manuseio com base no peso Delivery by Amazon,,Amazon.com.br,Crédito Mastercard e outros,Vendedor,,,,0,0,0,0,0,0,0,"-6,75",0,"-6,75",Janeiro,2026
20/01/2026,25532805691,Serviços de Envio,702-8907128-9010634,,Estorno do frete pago pelo comprador,,Amazon.com.br,Crédito Mastercard e outros,Vendedor,,,,0,0,0,0,0,0,0,0,0,0,Janeiro,2026
20/01/2026,25532805691,Serviços de Envio,701-8468035-5653811,,Tarifa de manuseio com base no peso Delivery by Amazon,,Amazon.com.br,Crédito Mastercard e outros,Vendedor,,,,0,0,0,0,0,0,0,"-6,75",0,"-6,75",Janeiro,2026
20/01/2026,25532805691,Serviços de Envio,701-8468035-5653811,,Estorno do frete pago pelo comprador,,Amazon.com.br,Crédito Mastercard e outros,Vendedor,,,,0,0,0,0,0,0,0,0,0,0,Janeiro,2026
20/01/2026,25532805691,Serviços de Envio,702-1918498-4732200,,Tarifa de manuseio com base no peso Delivery by Amazon,,Amazon.com.br,Crédito Mastercard e outros,Vendedor,,,,0,0,0,0,0,0,0,"-6,75",0,"-6,75",Janeiro,2026
20/01/2026,25532805691,Serviços de Envio,702-1918498-4732200,,Estorno do frete pago pelo comprador,,Amazon.com.br,Crédito Mastercard e outros,Vendedor,,,,0,0,0,0,0,0,0,0,0,0,Janeiro,2026
20/01/2026,25532805691,Serviços de Envio,701-1897316-0765038,,Tarifa de manuseio com base no peso Delivery by Amazon,,Amazon.com.br,Crédito Mastercard e outros,Vendedor,,,,0,0,0,0,0,0,0,"-6,75",0,"-6,75",Janeiro,2026
20/01/2026,25532805691,Serviços de Envio,701-1897316-0765038,,Estorno do frete pago pelo comprador,,Amazon.com.br,Crédito Mastercard e outros,Vendedor,,,,0,0,0,0,0,0,0,0,0,0,Janeiro,2026
20/01/2026,25532805691,Serviços de Envio,702-3625711-3668266,,Tarifa de manuseio com base no peso Delivery by Amazon,,Amazon.com.br,Crédito Mastercard e outros,Vendedor,,,,0,0,0,0,0,0,0,"-6,75",0,"-6,75",Janeiro,2026
20/01/2026,25532805691,Serviços de Envio,702-3625711-3668266,,Estorno do frete pago pelo comprador,,Amazon.com.br,Crédito Mastercard e outros,Vendedor,,,,0,0,0,0,0,0,0,0,0,0,Janeiro,2026
20/01/2026,25532805691,Serviços de Envio,701-7712328-3160229,,Tarifa de manuseio com base no peso Delivery by Amazon,,Amazon.com.br,Crédito Mastercard e outros,Vendedor,,,,0,0,0,0,0,0,0,"-6,75",0,"-6,75",Janeiro,2026
20/01/2026,25532805691,Serviços de Envio,701-7712328-3160229,,Estorno do frete pago pelo comprador,,Amazon.com.br,Crédito Mastercard e outros,Vendedor,,,,0,0,0,0,0,0,0,0,0,0,Janeiro,2026
20/01/2026,25532805691,Serviços de Envio,701-8691485-9857055,,Tarifa de manuseio com base no peso Delivery by Amazon,,Amazon.com.br,Crédito Mastercard e outros,Vendedor,,,,0,0,0,0,0,0,0,"-6,75",0,"-6,75",Janeiro,2026
20/01/2026,25532805691,Serviços de Envio,701-8691485-9857055,,Estorno do frete pago pelo comprador,,Amazon.com.br,Crédito Mastercard e outros,Vendedor,,,,0,0,0,0,0,0,0,0,0,0,Janeiro,2026
20/01/2026,25532805691,Serviços de Envio,701-5836009-3384229,,Tarifa de manuseio com base no peso Delivery by Amazon,,Amazon.com.br,Crédito Mastercard e outros,Vendedor,,,,0,0,0,0,0,0,0,"-6,75",0,"-6,75",Janeiro,2026
20/01/2026,25532805691,Serviços de Envio,701-5836009-3384229,,Estorno do frete pago pelo comprador,,Amazon.com.br,Crédito Mastercard e outros,Vendedor,,,,0,0,0,0,0,0,0,0,0,0,Janeiro,2026
20/01/2026,25532805691,Serviços de Envio,702-0265578-7261014,,Tarifa de manuseio com base no peso Delivery by Amazon,,Amazon.com.br,Crédito Mastercard e outros,Vendedor,,,,0,0,0,0,0,0,0,"-6,75",0,"-6,75",Janeiro,2026
20/01/2026,25532805691,Serviços de Envio,702-0265578-7261014,,Estorno do frete pago pelo comprador,,Amazon.com.br,Crédito Mastercard e outros,Vendedor,,,,0,0,0,0,0,0,0,0,0,0,Janeiro,2026
20/01/2026,25532805691,Serviços de Envio,701-1458513-0242644,,Tarifa de manuseio com base no peso Delivery by Amazon,,Amazon.com.br,Crédito Mastercard e outros,Vendedor,,,,0,0,0,0,0,0,0,"-6,75",0,"-6,75",Janeiro,2026
20/01/2026,25532805691,Serviços de Envio,701-1458513-0242644,,Estorno do frete pago pelo comprador,,Amazon.com.br,Crédito Mastercard e outros,Vendedor,,,,0,0,0,0,0,0,0,"-21,84",0,"-21,84",Janeiro,2026
20/01/2026,25532805691,Serviços de Envio,701-7075560-3810606,,Tarifa de manuseio com base no peso Delivery by Amazon,,Amazon.com.br,Crédito Mastercard e outros,Vendedor,,,,0,0,0,0,0,0,0,"-6,75",0,"-6,75",Janeiro,2026
20/01/2026,25532805691,Serviços de Envio,701-7075560-3810606,,Estorno do frete pago pelo comprador,,Amazon.com.br,Crédito Mastercard e outros,Vendedor,,,,0,0,0,0,0,0,0,0,0,0,Janeiro,2026
20/01/2026,25532805691,Serviços de Envio,701-4766628-7006636,,Tarifa de manuseio com base no peso Delivery by Amazon,,Amazon.com.br,Crédito Mastercard e outros,Vendedor,,,,0,0,0,0,0,0,0,"-6,75",0,"-6,75",Janeiro,2026
20/01/2026,25532805691,Serviços de Envio,701-4766628-7006636,,Estorno do frete pago pelo comprador,,Amazon.com.br,Crédito Mastercard e outros,Vendedor,,,,0,0,0,0,0,0,0,0,0,0,Janeiro,2026
20/01/2026,25532195871,Pedido,702-8982374-7261825,XH-KNXQ-DP76,"Planner 2026 - Um planner para viver com mais cor, equilíbrio e inspiração.",1.0,amazon.com.br,Boleto,Vendedor,Rio de Janeiro,RJ,22790.0,"78,90",0,0,0,0,"-10,26",0,0,0,"68,64",Janeiro,2026
20/01/2026,25532195871,Pedido,701-0196235-7391420,BT-HCTV-ZOJY,"Planner 2026 Napolitano - Planejamento Anual com Roda da Vida A5, Gestão Financeira, Organização Pessoal, Metas e Saúde, Capa Dura Laminada, Agend",1.0,amazon.com.br,Boleto,Vendedor,Santa Cruz das Palmeiras,SP,13652.0,"78,90",0,0,0,0,"-10,26",0,0,0,"68,64",Janeiro,2026
20/01/2026,25532195871,Pedido,701-4297217-4557810,MQ-STXD-11EM,"Planner Premium 2026 - Planejamento Anual com Roda da Vida A5, Gestão Financeira, Organização Pessoal, Metas e Saúde, Capa Dura Laminada, Agenda S",1.0,amazon.com.br,Boleto,Vendedor,Divinópolis,MG,35501.0,"68,90",0,0,0,0,"-8,96",0,0,0,"59,94",Janeiro,2026
20/01/2026,25532805691,Pedido,701-5253137-5441049,4S-C6M7-1NCT,Planner 2026 Amarelo - Life Capa Dura com Controle Financeiro e Roda da Vida,1.0,amazon.com.br,Crédito Mastercard e outros,Vendedor,São Paulo,SP,2029.0,"78,90",0,0,0,0,"-10,26",0,0,0,"68,64",Janeiro,2026
20/01/2026,25532195871,Pedido,701-0359214-6371458,WC-0G0K-5CCC,"Planner Financeiro Mensal Datado 2026, Roda Da Vida A5 -Planejamento anual, Organização pessoal Metas e objetivos, Gestão financeira Monitoramento",1.0,amazon.com.br,Boleto,Vendedor,Arapiraca,AL,57311.0,"75,90","21,57",0,0,0,"-9,87",0,0,0,"87,60",Janeiro,2026
20/01/2026,25532195871,Pedido,702-3871080-5561002,YL-NANJ-F7TC,"Caderno Preto 20x20cm - Scrapbook Álbum De Fotos Preto 20 Folhas / 40 Páginas - Gramatura 200, Folhas Grossas",1.0,amazon.com.br,Boleto,Amazon,Paço do Lumiar,MA,65130.0,"68,90",0,0,0,0,"-8,27",0,0,0,"60,63",Janeiro,2026
20/01/2026,25532805691,Reembolso,702-1880165-4550658,92-CTAN-4AJQ,Caderno Scrapbook - 20 Folhas - Livro De Assinatura Folhas Pretas 20x19 Álbum De Fotos Scrapbook Preto 40 Páginas - 20x19,1.0,amazon.com.br,Crédito Mastercard e outros,Amazon,Manaus,AM,69035.0,"-78,90",0,0,0,0,"7,58",0,0,0,"-71,32",Janeiro,2026
20/01/2026,25532195871,Transferir,,,Conta bancária com final: 192,,,Boleto,,,,,0,0,0,0,0,0,0,0,"-4.668,61","-4.668,61",Janeiro,2026
20/01/2026,25532805691,Reembolso,702-4235797-8107462,WC-0G0K-5CCC,"Planner Financeiro Mensal Datado 2026, Roda Da Vida A5 -Planejamento anual, Organização pessoal Metas e objetivos, Gestão financeira Monitoramento",1.0,amazon.com.br,Crédito Mastercard e outros,Vendedor,Brasília,DF,70330.0,"-75,90",0,0,0,0,"7,90",0,0,0,"-68,00",Janeiro,2026
20/01/2026,25532195871,Pedido,702-2023667-2159418,AA-2SEI-HBU9,"Planner 2026 - Delicado por fora, poderoso por dentro - organize-se com encanto!",1.0,amazon.com.br,Boleto,Vendedor,Viçosa,MG,36570.0,"78,90",0,0,0,0,"-10,26",0,0,0,"68,64",Janeiro,2026
20/01/2026,25532195871,Reembolso,702-2697982-2158662,MQ-STXD-11EM,"Planner Premium 2026 - Planejamento Anual com Roda da Vida A5, Gestão Financeira, Organização Pessoal, Metas e Saúde, Capa Dura Laminada, Agenda S",1.0,amazon.com.br,Boleto,Vendedor,Santo Antônio de Posse,SP,13834.0,"-68,90",0,0,0,0,"7,17",0,0,0,"-61,73",Janeiro,2026
20/01/2026,25532849681,Pedido,702-7562459-5873825,A9-81RP-O347,"Planner Financeiro Mensal 2026, Roda Da Vida A5 -Planejamento anual, Organização pessoal Metas e objetivos, Gestão financeira Monitoramento de saú",1.0,amazon.com.br,Elo,Vendedor,Fortaleza,CE,60020.0,"68,92","21,53",0,0,0,"-8,96",0,0,0,"81,49",Janeiro,2026
20/01/2026,25532195871,Pedido,701-3799880-7922661,Q5-ZAFB-NUEF,"Planner 2026 - Respire, floresça, torne-se - um planner para sua melhor versão!",1.0,amazon.com.br,Boleto,Amazon,Alagoinha,PE,55260.0,"78,90",0,0,0,0,"-10,26",0,0,0,"68,64",Janeiro,2026
20/01/2026,25532195811,Pedido,702-0094190-7253842,IS-UA22-XKCF,Planner 2026 - Cada flor no seu tempo: planeje o ano com calma e propósito.,1.0,amazon.com.br,Visa Crédito,Vendedor,Barueri,SP,6414.0,"78,90",0,0,0,0,"-10,26",0,0,0,"68,64",Janeiro,2026
21/01/2026,25532195871,Pedido,701-2300987-4516245,CN-BSCD-6VWJ,"Caderno A5-1 Frase por pagina - 200 Paginas - Pautado - Estoicismo, filosofia",1.0,amazon.com.br,Boleto,Amazon,Fortaleza,CE,60115.0,"52,90",0,0,0,0,"-6,88",0,0,0,"46,02",Janeiro,2026
21/01/2026,25532195811,Pedido,701-9183017-3413017,WC-0G0K-5CCC,"Planner Financeiro Mensal Datado 2026, Roda Da Vida A5 -Planejamento anual, Organização pessoal Metas e objetivos, Gestão financeira Monitoramento",1.0,amazon.com.br,Visa Crédito,Vendedor,Reserva,PR,84320.0,"75,90",0,0,0,0,"-9,87",0,0,0,"66,03",Janeiro,2026
21/01/2026,25532805691,Pedido,702-9887259-4419421,92-CTAN-4AJQ,Caderno Scrapbook - 20 Folhas - Livro De Assinatura Folhas Pretas 20x19 Álbum De Fotos Scrapbook Preto 40 Páginas - 20x19,1.0,amazon.com.br,Crédito Mastercard e outros,Amazon,Fortaleza,CE,60326.0,"78,90",0,0,0,0,"-9,47",0,0,0,"69,43",Janeiro,2026
21/01/2026,25532805691,Pedido,701-7000691-1023452,MQ-STXD-11EM,"Planner Premium 2026 - Planejamento Anual com Roda da Vida A5, Gestão Financeira, Organização Pessoal, Metas e Saúde, Capa Dura Laminada, Agenda S",1.0,amazon.com.br,Crédito Mastercard e outros,Vendedor,Timbaúba,PE,55871.0,"68,90","21,80",0,0,0,"-8,96",0,0,0,"81,74",Janeiro,2026
21/01/2026,25532805691,Pedido,701-7882464-7761854,0Q-EK6Z-SV84,"Planner 2026 Floral - Planejamento Anual com Roda da Vida A5, Gestão Financeira, Organização Pessoal, Metas e Saúde, Capa Dura Laminada, Agenda Se",1.0,amazon.com.br,Crédito Mastercard e outros,Vendedor,Guaraciaba,SC,89920.0,"78,90",0,0,0,0,"-10,26",0,0,0,"68,64",Janeiro,2026
21/01/2026,25532195811,Pedido,701-7042315-5405807,UN-GE1Q-635D,Planner 2026 - Life Capa Dura com Controle Financeiro e Roda da Vida (Capa 01),1.0,amazon.com.br,Visa Crédito,Vendedor,Maceió,AL,57035.0,"78,90","21,84",0,0,0,"-10,26",0,0,0,"90,48",Janeiro,2026
21/01/2026,25532195811,Pedido,701-2044704-3140225,9X-HUC9-I83L,"Planner 2026 - Respire, floresça, torne-se - um planner para sua melhor versão!",1.0,amazon.com.br,Visa Crédito,Vendedor,Vitória,ES,29015.0,"78,90",0,0,0,0,"-10,26",0,0,0,"68,64",Janeiro,2026
21/01/2026,25532195811,Pedido,702-8140731-3197835,0Q-EK6Z-SV84,"Planner 2026 Floral - Planejamento Anual com Roda da Vida A5, Gestão Financeira, Organização Pessoal, Metas e Saúde, Capa Dura Laminada, Agenda Se",1.0,amazon.com.br,Visa Crédito,Vendedor,São Paulo,SP,5503.0,"78,90",0,0,0,0,"-10,26",0,0,0,"68,64",Janeiro,2026
21/01/2026,25532195871,Pedido,701-2400489-2176219,YL-NANJ-F7TC,"Caderno Preto 20x20cm - Scrapbook Álbum De Fotos Preto 20 Folhas / 40 Páginas - Gramatura 200, Folhas Grossas",1.0,amazon.com.br,Boleto,Amazon,São Francisco do Sul,SC,89330.0,"68,90",0,0,0,0,"-8,27",0,0,0,"60,63",Janeiro,2026
21/01/2026,25532195871,Pedido,702-9850975-7257805,YL-NANJ-F7TC,"Caderno Preto 20x20cm - Scrapbook Álbum De Fotos Preto 20 Folhas / 40 Páginas - Gramatura 200, Folhas Grossas",1.0,amazon.com.br,Boleto,Amazon,Sao Paulo,Sao Paulo,5025.0,"68,90",0,0,0,0,"-8,27",0,0,0,"60,63",Janeiro,2026
21/01/2026,25573348031,Pedido,702-1945894-2396218,RW-FUR9-X25R,"Planner 2026 - Respire, floresça, torne-se - um planner para sua melhor versão!",1.0,amazon.com.br,Boleto,Vendedor,Ituiutaba,MG,38300.0,"78,90",0,0,0,0,"-10,26",0,0,0,"68,64",Janeiro,2026
21/01/2026,25573467181,Pedido,702-3187294-0198633,0Q-EK6Z-SV84,"Planner 2026 Floral - Planejamento Anual com Roda da Vida A5, Gestão Financeira, Organização Pessoal, Metas e Saúde, Capa Dura Laminada, Agenda Se",1.0,amazon.com.br,Visa Crédito,Vendedor,Recife,PE,50780.0,"78,90","22,02",0,0,0,"-10,26",0,0,0,"90,66",Janeiro,2026
21/01/2026,25573348031,Pedido,701-8631729-7097032,0Q-EK6Z-SV84,"Planner 2026 Floral - Planejamento Anual com Roda da Vida A5, Gestão Financeira, Organização Pessoal, Metas e Saúde, Capa Dura Laminada, Agenda Se",1.0,amazon.com.br,Boleto,Vendedor,Barueri,SP,6447.0,"78,90",0,0,0,0,"-10,26",0,0,0,"68,64",Janeiro,2026
21/01/2026,25573344901,Pedido,701-5526848-4553066,YL-NANJ-F7TC,"Caderno Preto 20x20cm - Scrapbook Álbum De Fotos Preto 20 Folhas / 40 Páginas - Gramatura 200, Folhas Grossas",1.0,amazon.com.br,Crédito Mastercard e outros,Amazon,Maceio,AL,57052.0,"68,90",0,0,0,0,"-8,27",0,0,0,"60,63",Janeiro,2026
21/01/2026,25573348031,Pedido,702-3572947-4392222,J7-1RCD-8P3P,Scrapbook Kraft 20x20: Crie Seu Álbum Artesanal Único,1.0,amazon.com.br,Boleto,Amazon,Porto Velho,RO,76812.0,"68,90",0,"3,90",0,0,"-8,27","-3,90",0,0,"60,63",Janeiro,2026
21/01/2026,25573344901,Pedido,702-2383231-2628205,JC-LA79-2HC8,"Caderno Espiral Capa Dura, A5 210x150mm, 80 Folhas, Van gogh, Frases estoicas (Capa 2)",1.0,amazon.com.br,Crédito Mastercard e outros,Amazon,Manaus,AM,69099.0,"35,90",0,0,0,0,"-4,67",0,0,0,"31,23",Janeiro,2026
21/01/2026,25573467181,Pedido,702-0445483-0812221,DV-9MDQ-YD9E,Scrapbook Álbum De Fotos Preto 20 Folhas / 40 Páginas,1.0,amazon.com.br,Visa Crédito,Amazon,Rio das Ostras,RJ,28894.0,"78,90",0,0,0,0,"-9,47",0,0,0,"69,43",Janeiro,2026
21/01/2026,25573348031,Pedido,701-8180441-0305844,RW-FUR9-X25R,"Planner 2026 - Respire, floresça, torne-se - um planner para sua melhor versão!",1.0,amazon.com.br,Boleto,Vendedor,Uberaba,MG,38010.0,"78,90",0,0,0,0,"-10,26",0,0,0,"68,64",Janeiro,2026
21/01/2026,25573467181,Pedido,702-8520870-7168251,14-02SK-RART,Caderno De Anotações - 200 Pag - Flores Naturais,1.0,amazon.com.br,Visa Crédito,Amazon,Cascavel,PR,85810.0,"49,90",0,0,0,0,"-6,49",0,0,0,"43,41",Janeiro,2026
21/01/2026,25573344901,Pedido,701-8298341-6876261,YL-NANJ-F7TC,"Caderno Preto 20x20cm - Scrapbook Álbum De Fotos Preto 20 Folhas / 40 Páginas - Gramatura 200, Folhas Grossas",1.0,amazon.com.br,Crédito Mastercard e outros,Amazon,Fortaleza,CE,60531.0,"68,90","8,90",0,"-8,90",0,"-8,27",0,0,0,"60,63",Janeiro,2026
21/01/2026,25573467181,Transferir,,,Conta bancária com final: 192,,,Visa Crédito,,,,,0,0,0,0,0,0,0,0,"-5.502,11","-5.502,11",Janeiro,2026
21/01/2026,25573344901,Transferir,,,Conta bancária com final: 192,,,Crédito Mastercard e outros,,,,,0,0,0,0,0,0,0,0,"-6.012,58","-6.012,58",Janeiro,2026
21/01/2026,25572541561,Transferir,,,Conta bancária com final: 192,,,Elo,,,,,0,0,0,0,0,0,0,0,"-323,02","-323,02",Janeiro,2026
21/01/2026,25532998891,Transferir,,,Conta bancária com final: 192,,,Amex,,,,,0,0,0,0,0,0,0,0,"-265,86","-265,86",Janeiro,2026
21/01/2026,25573344901,Pedido,701-2583303-5930642,AA-2SEI-HBU9,"Planner 2026 - Delicado por fora, poderoso por dentro - organize-se com encanto!",1.0,amazon.com.br,Crédito Mastercard e outros,Vendedor,Mogi Mirim,SP,13803.0,"78,90","8,33",0,0,0,"-10,26",0,0,0,"76,97",Janeiro,2026
21/01/2026,25573467181,Pedido,702-9619997-1493828,V1-M81P-IY8O,Planner Pessoal Permanente - Comece Quando Quiser!,1.0,amazon.com.br,Visa Crédito,Vendedor,Goiânia,GO,74043.0,"78,90","21,35",0,0,0,"-10,26",0,0,0,"89,99",Janeiro,2026
21/01/2026,25573344901,Pedido,702-3906947-6896262,0Q-EK6Z-SV84,"Planner 2026 Floral - Planejamento Anual com Roda da Vida A5, Gestão Financeira, Organização Pessoal, Metas e Saúde, Capa Dura Laminada, Agenda Se",1.0,amazon.com.br,Crédito Mastercard e outros,Vendedor,São Paulo,SP,2910.0,"78,90",0,0,0,0,"-10,26",0,0,0,"68,64",Janeiro,2026
21/01/2026,25573344901,Pedido,701-9813185-0669820,V1-M81P-IY8O,Planner Pessoal Permanente - Comece Quando Quiser!,1.0,amazon.com.br,Crédito Mastercard e outros,Vendedor,Canindé de São Francisco,SE,49820.0,"78,90","21,35",0,0,0,"-10,26",0,0,0,"89,99",Janeiro,2026
21/01/2026,25573344901,Pedido,701-5143410-7900201,D3-VGD4-YDTV,"Planner Premium 2026 - Planejamento Anual com Roda da Vida A5, Gestão Financeira, Organização Pessoal, Metas e Saúde, Capa Dura Laminada, Agenda S",1.0,amazon.com.br,Crédito Mastercard e outros,Amazon,Bady Bassitt,SP,15115.0,"78,90",0,0,0,0,"-10,26",0,0,0,"68,64",Janeiro,2026
21/01/2026,25573344901,Pedido,702-8560287-7766606,MQ-STXD-11EM,"Planner Premium 2026 - Planejamento Anual com Roda da Vida A5, Gestão Financeira, Organização Pessoal, Metas e Saúde, Capa Dura Laminada, Agenda S",1.0,amazon.com.br,Crédito Mastercard e outros,Vendedor,Blumenau,SC,89055.0,"68,90",0,0,0,0,"-8,96",0,0,0,"59,94",Janeiro,2026
21/01/2026,25573348031,Pedido,701-2416908-0901005,J7-1RCD-8P3P,Scrapbook Kraft 20x20: Crie Seu Álbum Artesanal Único,1.0,amazon.com.br,Boleto,Amazon,São Paulo,SP,5707.0,"68,90","8,90",0,"-8,90",0,"-8,27",0,0,0,"60,63",Janeiro,2026
21/01/2026,25573348031,Pedido,701-4225318-0926601,EG-KOZD-5QLH,Caderno Para Controle Financeiro - Minhas Contas Organizadas,1.0,amazon.com.br,Boleto,Amazon,Boituva,SP,18550.0,"52,90",0,0,0,0,"-6,88",0,0,0,"46,02",Janeiro,2026
21/01/2026,25573348031,Pedido,702-5470531-0444211,14-02SK-RART,Caderno De Anotações - 200 Pag - Flores Naturais,1.0,amazon.com.br,Boleto,Amazon,João Pessoa,PB,58068.0,"49,90","8,90",0,"-8,90",0,"-6,49",0,0,0,"43,41",Janeiro,2026
21/01/2026,25573348031,Pedido,702-1113563-4034627,AA-2SEI-HBU9,"Planner 2026 - Delicado por fora, poderoso por dentro - organize-se com encanto!",1.0,amazon.com.br,Boleto,Vendedor,CONTAGEM,Minas Gerais,32285.0,"78,90",0,0,0,0,"-10,26",0,0,0,"68,64",Janeiro,2026
21/01/2026,25573467181,Pedido,702-6408910-5944259,VW-M9WL-7RY7,Caderno Scrapbook - Kraft - 20 Folhas - 20x20cm - Bege - Sem Pauta - Folhas Grossas - Album de Fotos - Album de fotos artesanal - Scrapbook colagem de,1.0,amazon.com.br,Visa Crédito,Vendedor,São Paulo,SP,4709.0,"58,90",0,0,0,0,"-7,07",0,0,0,"51,83",Janeiro,2026
21/01/2026,25573348031,Pedido,701-8287047-0189840,7U-MQT5-0IY4,Agenda 2026 Boboletas 1 Dia Por Página Com Horário Capa Dura - Agenda Cristã 2026 - Agenda 2026 com versículos bíblicos - Agenda diária com hor�,1.0,amazon.com.br,Boleto,Vendedor,Matão,SP,15999.0,"78,90",0,0,0,0,"-10,26",0,0,0,"68,64",Janeiro,2026
21/01/2026,25573467181,Pedido,701-4565774-0451466,IS-UA22-XKCF,Planner 2026 - Cada flor no seu tempo: planeje o ano com calma e propósito.,1.0,amazon.com.br,Visa Crédito,Vendedor,Santos,SP,11045.0,"78,90",0,0,0,0,"-10,26",0,0,0,"68,64",Janeiro,2026
21/01/2026,25573344901,Serviços de Envio,701-3646470-1568263,,Tarifa de manuseio com base no peso Delivery by Amazon,,Amazon.com.br,Crédito Mastercard e outros,Vendedor,,,,0,0,0,0,0,0,0,"-6,75",0,"-6,75",Janeiro,2026
21/01/2026,25573344901,Serviços de Envio,701-3646470-1568263,,Estorno do frete pago pelo comprador,,Amazon.com.br,Crédito Mastercard e outros,Vendedor,,,,0,0,0,0,0,0,0,0,0,0,Janeiro,2026
21/01/2026,25573344901,Serviços de Envio,702-6513440-7688257,,Tarifa de manuseio com base no peso Delivery by Amazon,,Amazon.com.br,Crédito Mastercard e outros,Vendedor,,,,0,0,0,0,0,0,0,"-6,75",0,"-6,75",Janeiro,2026
21/01/2026,25573344901,Serviços de Envio,702-6513440-7688257,,Estorno do frete pago pelo comprador,,Amazon.com.br,Crédito Mastercard e outros,Vendedor,,,,0,0,0,0,0,0,0,0,0,0,Janeiro,2026
21/01/2026,25573344901,Serviços de Envio,702-4972130-4858637,,Tarifa de manuseio com base no peso Delivery by Amazon,,Amazon.com.br,Crédito Mastercard e outros,Vendedor,,,,0,0,0,0,0,0,0,"-6,75",0,"-6,75",Janeiro,2026
21/01/2026,25573344901,Serviços de Envio,702-4972130-4858637,,Estorno do frete pago pelo comprador,,Amazon.com.br,Crédito Mastercard e outros,Vendedor,,,,0,0,0,0,0,0,0,0,0,0,Janeiro,2026
21/01/2026,25573344901,Serviços de Envio,701-1515443-9701013,,Tarifa de manuseio com base no peso Delivery by Amazon,,Amazon.com.br,Crédito Mastercard e outros,Vendedor,,,,0,0,0,0,0,0,0,"-6,75",0,"-6,75",Janeiro,2026
21/01/2026,25573344901,Serviços de Envio,701-1515443-9701013,,Estorno do frete pago pelo comprador,,Amazon.com.br,Crédito Mastercard e outros,Vendedor,,,,0,0,0,0,0,0,0,0,0,0,Janeiro,2026
21/01/2026,25573344901,Serviços de Envio,701-8483440-5472231,,Tarifa de manuseio com base no peso Delivery by Amazon,,Amazon.com.br,Crédito Mastercard e outros,Vendedor,,,,0,0,0,0,0,0,0,"-6,75",0,"-6,75",Janeiro,2026
21/01/2026,25573344901,Serviços de Envio,701-8483440-5472231,,Estorno do frete pago pelo comprador,,Amazon.com.br,Crédito Mastercard e outros,Vendedor,,,,0,0,0,0,0,0,0,0,0,0,Janeiro,2026
21/01/2026,25573344901,Serviços de Envio,702-9958758-5264213,,Tarifa de manuseio com base no peso Delivery by Amazon,,Amazon.com.br,Crédito Mastercard e outros,Vendedor,,,,0,0,0,0,0,0,0,"-6,75",0,"-6,75",Janeiro,2026
21/01/2026,25573344901,Serviços de Envio,702-9958758-5264213,,Estorno do frete pago pelo comprador,,Amazon.com.br,Crédito Mastercard e outros,Vendedor,,,,0,0,0,0,0,0,0,0,0,0,Janeiro,2026
21/01/2026,25573344901,Serviços de Envio,702-1300362-8226662,,Tarifa de manuseio com base no peso Delivery by Amazon,,Amazon.com.br,Crédito Mastercard e outros,Vendedor,,,,0,0,0,0,0,0,0,"-6,75",0,"-6,75",Janeiro,2026
21/01/2026,25573344901,Serviços de Envio,702-1300362-8226662,,Estorno do frete pago pelo comprador,,Amazon.com.br,Crédito Mastercard e outros,Vendedor,,,,0,0,0,0,0,0,0,0,0,0,Janeiro,2026
21/01/2026,25573344901,Serviços de Envio,702-9658160-6706647,,Tarifa de manuseio com base no peso Delivery by Amazon,,Amazon.com.br,Crédito Mastercard e outros,Vendedor,,,,0,0,0,0,0,0,0,"-6,75",0,"-6,75",Janeiro,2026
21/01/2026,25573344901,Serviços de Envio,702-9658160-6706647,,Estorno do frete pago pelo comprador,,Amazon.com.br,Crédito Mastercard e outros,Vendedor,,,,0,0,0,0,0,0,0,"-21,35",0,"-21,35",Janeiro,2026
21/01/2026,25573344901,Serviços de Envio,702-3521447-5833831,,Tarifa de manuseio com base no peso Delivery by Amazon,,Amazon.com.br,Crédito Mastercard e outros,Vendedor,,,,0,0,0,0,0,0,0,"-6,75",0,"-6,75",Janeiro,2026
21/01/2026,25573344901,Serviços de Envio,702-3521447-5833831,,Estorno do frete pago pelo comprador,,Amazon.com.br,Crédito Mastercard e outros,Vendedor,,,,0,0,0,0,0,0,0,0,0,0,Janeiro,2026
21/01/2026,25573344901,Serviços de Envio,702-2970555-9470620,,Tarifa de manuseio com base no peso Delivery by Amazon,,Amazon.com.br,Crédito Mastercard e outros,Vendedor,,,,0,0,0,0,0,0,0,"-6,75",0,"-6,75",Janeiro,2026
21/01/2026,25573344901,Serviços de Envio,702-2970555-9470620,,Estorno do frete pago pelo comprador,,Amazon.com.br,Crédito Mastercard e outros,Vendedor,,,,0,0,0,0,0,0,0,0,0,0,Janeiro,2026
21/01/2026,25573344901,Serviços de Envio,701-0985809-2235451,,Tarifa de manuseio com base no peso Delivery by Amazon,,Amazon.com.br,Crédito Mastercard e outros,Vendedor,,,,0,0,0,0,0,0,0,"-6,75",0,"-6,75",Janeiro,2026
21/01/2026,25573344901,Serviços de Envio,701-0985809-2235451,,Estorno do frete pago pelo comprador,,Amazon.com.br,Crédito Mastercard e outros,Vendedor,,,,0,0,0,0,0,0,0,0,0,0,Janeiro,2026
21/01/2026,25573344901,Serviços de Envio,701-8921331-4160223,,Tarifa de manuseio com base no peso Delivery by Amazon,,Amazon.com.br,Crédito Mastercard e outros,Vendedor,,,,0,0,0,0,0,0,0,"-6,75",0,"-6,75",Janeiro,2026
21/01/2026,25573344901,Serviços de Envio,701-8921331-4160223,,Estorno do frete pago pelo comprador,,Amazon.com.br,Crédito Mastercard e outros,Vendedor,,,,0,0,0,0,0,0,0,"-21,71",0,"-21,71",Janeiro,2026
21/01/2026,25573344901,Serviços de Envio,702-3085170-6456210,,Tarifa de manuseio com base no peso Delivery by Amazon,,Amazon.com.br,Crédito Mastercard e outros,Vendedor,,,,0,0,0,0,0,0,0,"-6,75",0,"-6,75",Janeiro,2026
21/01/2026,25573344901,Serviços de Envio,702-3085170-6456210,,Estorno do frete pago pelo comprador,,Amazon.com.br,Crédito Mastercard e outros,Vendedor,,,,0,0,0,0,0,0,0,0,0,0,Janeiro,2026
21/01/2026,25573344901,Serviços de Envio,701-0099095-6937869,,Tarifa de manuseio com base no peso Delivery by Amazon,,Amazon.com.br,Crédito Mastercard e outros,Vendedor,,,,0,0,0,0,0,0,0,"-6,75",0,"-6,75",Janeiro,2026
21/01/2026,25573344901,Serviços de Envio,701-0099095-6937869,,Estorno do frete pago pelo comprador,,Amazon.com.br,Crédito Mastercard e outros,Vendedor,,,,0,0,0,0,0,0,0,0,0,0,Janeiro,2026
21/01/2026,25573344901,Serviços de Envio,702-1822961-2499453,,Tarifa de manuseio com base no peso Delivery by Amazon,,Amazon.com.br,Crédito Mastercard e outros,Vendedor,,,,0,0,0,0,0,0,0,"-6,75",0,"-6,75",Janeiro,2026
21/01/2026,25573344901,Serviços de Envio,702-1822961-2499453,,Estorno do frete pago pelo comprador,,Amazon.com.br,Crédito Mastercard e outros,Vendedor,,,,0,0,0,0,0,0,0,"-21,84",0,"-21,84",Janeiro,2026
21/01/2026,25573344901,Serviços de Envio,702-2348394-9661023,,Tarifa de manuseio com base no peso Delivery by Amazon,,Amazon.com.br,Crédito Mastercard e outros,Vendedor,,,,0,0,0,0,0,0,0,"-6,75",0,"-6,75",Janeiro,2026
21/01/2026,25573344901,Serviços de Envio,702-2348394-9661023,,Estorno do frete pago pelo comprador,,Amazon.com.br,Crédito Mastercard e outros,Vendedor,,,,0,0,0,0,0,0,0,0,0,0,Janeiro,2026
21/01/2026,25573344901,Serviços de Envio,701-2909883-7533844,,Tarifa de manuseio com base no peso Delivery by Amazon,,Amazon.com.br,Crédito Mastercard e outros,Vendedor,,,,0,0,0,0,0,0,0,"-6,75",0,"-6,75",Janeiro,2026
21/01/2026,25573344901,Serviços de Envio,701-2909883-7533844,,Estorno do frete pago pelo comprador,,Amazon.com.br,Crédito Mastercard e outros,Vendedor,,,,0,0,0,0,0,0,0,0,0,0,Janeiro,2026
21/01/2026,25573344901,Serviços de Envio,702-2790656-4803420,,Tarifa de manuseio com base no peso Delivery by Amazon,,Amazon.com.br,Crédito Mastercard e outros,Vendedor,,,,0,0,0,0,0,0,0,"-6,75",0,"-6,75",Janeiro,2026
21/01/2026,25573344901,Serviços de Envio,702-2790656-4803420,,Estorno do frete pago pelo comprador,,Amazon.com.br,Crédito Mastercard e outros,Vendedor,,,,0,0,0,0,0,0,0,"-21,94",0,"-21,94",Janeiro,2026
21/01/2026,25573344901,Serviços de Envio,702-3106035-8589056,,Tarifa de manuseio com base no peso Delivery by Amazon,,Amazon.com.br,Crédito Mastercard e outros,Vendedor,,,,0,0,0,0,0,0,0,"-6,75",0,"-6,75",Janeiro,2026
21/01/2026,25573344901,Serviços de Envio,702-3106035-8589056,,Estorno do frete pago pelo comprador,,Amazon.com.br,Crédito Mastercard e outros,Vendedor,,,,0,0,0,0,0,0,0,0,0,0,Janeiro,2026
21/01/2026,25573344901,Serviços de Envio,702-3309952-2831420,,Tarifa de manuseio com base no peso Delivery by Amazon,,Amazon.com.br,Crédito Mastercard e outros,Vendedor,,,,0,0,0,0,0,0,0,"-6,75",0,"-6,75",Janeiro,2026
21/01/2026,25573344901,Serviços de Envio,702-3309952-2831420,,Estorno do frete pago pelo comprador,,Amazon.com.br,Crédito Mastercard e outros,Vendedor,,,,0,0,0,0,0,0,0,0,0,0,Janeiro,2026
21/01/2026,25573344901,Serviços de Envio,702-1729883-7054643,,Tarifa de manuseio com base no peso Delivery by Amazon,,Amazon.com.br,Crédito Mastercard e outros,Vendedor,,,,0,0,0,0,0,0,0,"-6,75",0,"-6,75",Janeiro,2026
21/01/2026,25573344901,Serviços de Envio,702-1729883-7054643,,Estorno do frete pago pelo comprador,,Amazon.com.br,Crédito Mastercard e outros,Vendedor,,,,0,0,0,0,0,0,0,0,0,0,Janeiro,2026
21/01/2026,25573344901,Serviços de Envio,702-7466533-5736241,,Tarifa de manuseio com base no peso Delivery by Amazon,,Amazon.com.br,Crédito Mastercard e outros,Vendedor,,,,0,0,0,0,0,0,0,"-6,75",0,"-6,75",Janeiro,2026
21/01/2026,25573344901,Serviços de Envio,702-7466533-5736241,,Estorno do frete pago pelo comprador,,Amazon.com.br,Crédito Mastercard e outros,Vendedor,,,,0,0,0,0,0,0,0,0,0,0,Janeiro,2026
21/01/2026,25573344901,Serviços de Envio,701-6400613-4697819,,Tarifa de manuseio com base no peso Delivery by Amazon,,Amazon.com.br,Crédito Mastercard e outros,Vendedor,,,,0,0,0,0,0,0,0,"-6,50",0,"-6,50",Janeiro,2026
21/01/2026,25573344901,Serviços de Envio,701-6400613-4697819,,Estorno do frete pago pelo comprador,,Amazon.com.br,Crédito Mastercard e outros,Vendedor,,,,0,0,0,0,0,0,0,0,0,0,Janeiro,2026
21/01/2026,25573344901,Serviços de Envio,701-5310553-8604254,,Tarifa de manuseio com base no peso Delivery by Amazon,,Amazon.com.br,Crédito Mastercard e outros,Vendedor,,,,0,0,0,0,0,0,0,"-6,75",0,"-6,75",Janeiro,2026
21/01/2026,25573344901,Serviços de Envio,701-5310553-8604254,,Estorno do frete pago pelo comprador,,Amazon.com.br,Crédito Mastercard e outros,Vendedor,,,,0,0,0,0,0,0,0,0,0,0,Janeiro,2026
21/01/2026,25573344901,Serviços de Envio,701-0337354-6413825,,Tarifa de manuseio com base no peso Delivery by Amazon,,Amazon.com.br,Crédito Mastercard e outros,Vendedor,,,,0,0,0,0,0,0,0,"-6,50",0,"-6,50",Janeiro,2026
21/01/2026,25573344901,Serviços de Envio,701-0337354-6413825,,Estorno do frete pago pelo comprador,,Amazon.com.br,Crédito Mastercard e outros,Vendedor,,,,0,0,0,0,0,0,0,0,0,0,Janeiro,2026
21/01/2026,25573344901,Serviços de Envio,701-1339685-9448246,,Tarifa de manuseio com base no peso Delivery by Amazon,,Amazon.com.br,Crédito Mastercard e outros,Vendedor,,,,0,0,0,0,0,0,0,"-6,75",0,"-6,75",Janeiro,2026
21/01/2026,25573344901,Serviços de Envio,701-1339685-9448246,,Estorno do frete pago pelo comprador,,Amazon.com.br,Crédito Mastercard e outros,Vendedor,,,,0,0,0,0,0,0,0,0,0,0,Janeiro,2026
21/01/2026,25573344901,Serviços de Envio,701-6670252-9661816,,Tarifa de manuseio com base no peso Delivery by Amazon,,Amazon.com.br,Crédito Mastercard e outros,Vendedor,,,,0,0,0,0,0,0,0,"-6,75",0,"-6,75",Janeiro,2026
21/01/2026,25573344901,Serviços de Envio,701-6670252-9661816,,Estorno do frete pago pelo comprador,,Amazon.com.br,Crédito Mastercard e outros,Vendedor,,,,0,0,0,0,0,0,0,0,0,0,Janeiro,2026
21/01/2026,25573344901,Serviços de Envio,702-9963288-6930629,,Tarifa de manuseio com base no peso Delivery by Amazon,,Amazon.com.br,Crédito Mastercard e outros,Vendedor,,,,0,0,0,0,0,0,0,"-6,75",0,"-6,75",Janeiro,2026
21/01/2026,25573344901,Serviços de Envio,702-9963288-6930629,,Estorno do frete pago pelo comprador,,Amazon.com.br,Crédito Mastercard e outros,Vendedor,,,,0,0,0,0,0,0,0,0,0,0,Janeiro,2026
21/01/2026,25573344901,Serviços de Envio,702-0304915-1621034,,Tarifa de manuseio com base no peso Delivery by Amazon,,Amazon.com.br,Crédito Mastercard e outros,Vendedor,,,,0,0,0,0,0,0,0,"-6,75",0,"-6,75",Janeiro,2026
21/01/2026,25573344901,Serviços de Envio,702-0304915-1621034,,Estorno do frete pago pelo comprador,,Amazon.com.br,Crédito Mastercard e outros,Vendedor,,,,0,0,0,0,0,0,0,0,0,0,Janeiro,2026
21/01/2026,25573467181,Reembolso,701-1487944-9205060,Q5-ZAFB-NUEF,"Planner 2026 - Respire, floresça, torne-se - um planner para sua melhor versão!",1.0,amazon.com.br,Visa Crédito,Amazon,Juazeiro do Norte,CE,63047.0,"-78,90",0,0,0,0,"8,21",0,0,0,"-70,69",Janeiro,2026
21/01/2026,25573467181,Reembolso,701-2044704-3140225,9X-HUC9-I83L,"Planner 2026 - Respire, floresça, torne-se - um planner para sua melhor versão!",1.0,amazon.com.br,Visa Crédito,Vendedor,Vitória,ES,29015.0,"-78,90",0,0,0,0,"8,21",0,0,0,"-70,69",Janeiro,2026
21/01/2026,25573344901,Pedido,701-6307515-3821055,WC-0G0K-5CCC,"Planner Financeiro Mensal Datado 2026, Roda Da Vida A5 -Planejamento anual, Organização pessoal Metas e objetivos, Gestão financeira Monitoramento",1.0,amazon.com.br,Crédito Mastercard e outros,Vendedor,Embu das Artes,SP,6826.0,"75,90","13,35",0,0,0,"-11,60",0,0,0,"77,65",Janeiro,2026
21/01/2026,25573467181,Pedido,701-6940368-8523445,BT-HCTV-ZOJY,"Planner 2026 Napolitano - Planejamento Anual com Roda da Vida A5, Gestão Financeira, Organização Pessoal, Metas e Saúde, Capa Dura Laminada, Agend",1.0,amazon.com.br,Visa Crédito,Vendedor,Fortaleza,CE,60115.0,"78,90","21,84",0,0,0,"-10,26",0,0,0,"90,48",Janeiro,2026
21/01/2026,25573348031,Pedido,701-0216041-6593872,14-02SK-RART,Caderno De Anotações - 200 Pag - Flores Naturais,1.0,amazon.com.br,Boleto,Amazon,Teresina,PI,64011.0,"49,90","8,90",0,"-8,90",0,"-6,49",0,0,0,"43,41",Janeiro,2026
21/01/2026,25573467181,Pedido,701-0943546-4493052,RW-FUR9-X25R,"Planner 2026 - Respire, floresça, torne-se - um planner para sua melhor versão!",1.0,amazon.com.br,Visa Crédito,Vendedor,Alagoinhas,BA,48011.0,"78,90","22,51",0,0,0,"-10,26",0,0,0,"91,15",Janeiro,2026
22/01/2026,25573467181,Pedido,701-0043510-5965802,92-CTAN-4AJQ,Caderno Scrapbook - 20 Folhas - Livro De Assinatura Folhas Pretas 20x19 Álbum De Fotos Scrapbook Preto 40 Páginas - 20x19,1.0,amazon.com.br,Visa Crédito,Amazon,Porto Alegre,RS,91050.0,"78,90",0,0,0,0,"-9,47",0,0,0,"69,43",Janeiro,2026
22/01/2026,25573344901,Pedido,701-6663707-9136211,0Q-EK6Z-SV84,"Planner 2026 Floral - Planejamento Anual com Roda da Vida A5, Gestão Financeira, Organização Pessoal, Metas e Saúde, Capa Dura Laminada, Agenda Se",1.0,amazon.com.br,Crédito Mastercard e outros,Vendedor,Criciúma,SC,88809.0,"78,90",0,0,0,0,"-10,26",0,0,0,"68,64",Janeiro,2026
22/01/2026,25573344901,Pedido,702-7238687-4541050,92-CTAN-4AJQ,Caderno Scrapbook - 20 Folhas - Livro De Assinatura Folhas Pretas 20x19 Álbum De Fotos Scrapbook Preto 40 Páginas - 20x19,1.0,amazon.com.br,Crédito Mastercard e outros,Amazon,Campinas,SP,13091.0,"78,90",0,0,0,0,"-9,47",0,0,0,"69,43",Janeiro,2026
22/01/2026,25573344901,Pedido,702-3670701-3081060,MQ-STXD-11EM,"Planner Premium 2026 - Planejamento Anual com Roda da Vida A5, Gestão Financeira, Organização Pessoal, Metas e Saúde, Capa Dura Laminada, Agenda S",1.0,amazon.com.br,Crédito Mastercard e outros,Vendedor,Blumenau,SC,89056.0,"68,90",0,0,0,0,"-8,96",0,0,0,"59,94",Janeiro,2026
22/01/2026,25573344901,Pedido,701-7298223-8406663,AA-2SEI-HBU9,"Planner 2026 - Delicado por fora, poderoso por dentro - organize-se com encanto!",1.0,amazon.com.br,Crédito Mastercard e outros,Vendedor,São Paulo,SP,4948.0,"78,90",0,0,0,0,"-10,26",0,0,0,"68,64",Janeiro,2026
22/01/2026,25573348031,Pedido,701-0503025-0740239,92-CTAN-4AJQ,Caderno Scrapbook - 20 Folhas - Livro De Assinatura Folhas Pretas 20x19 Álbum De Fotos Scrapbook Preto 40 Páginas - 20x19,1.0,amazon.com.br,Boleto,Amazon,Manaus,AM,69033.0,"78,90",0,0,0,0,"-9,47",0,0,0,"69,43",Janeiro,2026
22/01/2026,25573344901,Pedido,701-1470639-4653013,MQ-STXD-11EM,"Planner Premium 2026 - Planejamento Anual com Roda da Vida A5, Gestão Financeira, Organização Pessoal, Metas e Saúde, Capa Dura Laminada, Agenda S",1.0,amazon.com.br,Crédito Mastercard e outros,Vendedor,Atibaia,São Paulo,12940.0,"68,90",0,0,0,0,"-8,96",0,0,0,"59,94",Janeiro,2026
22/01/2026,25573344901,Ajuste,,YL-NANJ-F7TC,Reembolso de Estoque FBA - Perdido:Depósito,1.0,,Crédito Mastercard e outros,,,,,0,0,0,0,0,0,0,0,"56,23","56,23",Janeiro,2026
22/01/2026,25573344901,Pedido,701-1190285-7519448,BT-HCTV-ZOJY,"Planner 2026 Napolitano - Planejamento Anual com Roda da Vida A5, Gestão Financeira, Organização Pessoal, Metas e Saúde, Capa Dura Laminada, Agend",1.0,amazon.com.br,Crédito Mastercard e outros,Vendedor,Lajeado,RS,95900.0,"78,90",0,0,0,0,"-10,26",0,0,0,"68,64",Janeiro,2026
22/01/2026,25573344901,Pedido,702-6317025-4698641,14-02SK-RART,Caderno De Anotações - 200 Pag - Flores Naturais,1.0,amazon.com.br,Crédito Mastercard e outros,Amazon,Curitiba,PR,80810.0,"49,90",0,0,0,0,"-6,49",0,0,0,"43,41",Janeiro,2026
22/01/2026,25573348031,Pedido,701-4681578-1335439,RA-KICF-0Q47,"Caderno Preto 20x20cm - Scrapbook Álbum De Fotos Preto 20 Folhas / 40 Páginas - Gramatura 200, Folhas Grossas",1.0,amazon.com.br,Boleto,Vendedor,São Caetano do Sul,SP,9520.0,"58,90",0,0,0,0,"-7,07",0,0,0,"51,83",Janeiro,2026
22/01/2026,25573344901,Pedido,701-4168063-2126626,MQ-STXD-11EM,"Planner Premium 2026 - Planejamento Anual com Roda da Vida A5, Gestão Financeira, Organização Pessoal, Metas e Saúde, Capa Dura Laminada, Agenda S",1.0,amazon.com.br,Crédito Mastercard e outros,Vendedor,São Paulo,SP,3525.0,"68,90",0,0,0,0,"-8,96",0,0,0,"59,94",Janeiro,2026
22/01/2026,25573467181,Pedido,701-1042563-8262605,YL-NANJ-F7TC,"Caderno Preto 20x20cm - Scrapbook Álbum De Fotos Preto 20 Folhas / 40 Páginas - Gramatura 200, Folhas Grossas",1.0,amazon.com.br,Visa Crédito,Amazon,Manaus,AM,69065.0,"68,90",0,0,0,0,"-8,27",0,0,0,"60,63",Janeiro,2026
22/01/2026,25573348031,Reembolso,701-7109982-3849839,YL-NANJ-F7TC,"Caderno Preto 20x20cm - Scrapbook Álbum De Fotos Preto 20 Folhas / 40 Páginas - Gramatura 200, Folhas Grossas",1.0,amazon.com.br,Boleto,Amazon,Tangará da Serra,MT,78301.0,"-68,90","-8,90",0,"8,90",0,"6,62",0,0,0,"-62,28",Janeiro,2026
22/01/2026,25573344901,Pedido,702-3664361-1160202,14-02SK-RART,Caderno De Anotações - 200 Pag - Flores Naturais,1.0,amazon.com.br,Crédito Mastercard e outros,Amazon,São Paulo,SP,2124.0,"49,90",0,0,0,0,"-6,49",0,0,0,"43,41",Janeiro,2026
22/01/2026,25573344901,Reembolso,701-4196189-6517038,92-CTAN-4AJQ,Caderno Scrapbook - 20 Folhas - Livro De Assinatura Folhas Pretas 20x19 Álbum De Fotos Scrapbook Preto 40 Páginas - 20x19,1.0,amazon.com.br,Crédito Mastercard e outros,Amazon,Apucarana,PR,86803.0,"-78,90",0,0,0,0,"7,58",0,0,0,"-71,32",Janeiro,2026
22/01/2026,25573344901,Pedido,701-4196189-6517038,92-CTAN-4AJQ,Caderno Scrapbook - 20 Folhas - Livro De Assinatura Folhas Pretas 20x19 Álbum De Fotos Scrapbook Preto 40 Páginas - 20x19,1.0,amazon.com.br,Crédito Mastercard e outros,Amazon,Apucarana,PR,86803.0,"78,90",0,0,0,0,"-9,47",0,0,0,"69,43",Janeiro,2026
22/01/2026,25573348031,Pedido,701-4460655-3883401,V7-N8TP-MCL5,Album fotografico scrapbook - Coleção Corações (Vermelho),1.0,amazon.com.br,Boleto,Vendedor,Brasília,DF,72316.0,"78,90",0,0,0,0,"-10,26",0,0,0,"68,64",Janeiro,2026
22/01/2026,25573348031,Pedido,701-7109982-3849839,YL-NANJ-F7TC,"Caderno Preto 20x20cm - Scrapbook Álbum De Fotos Preto 20 Folhas / 40 Páginas - Gramatura 200, Folhas Grossas",1.0,amazon.com.br,Boleto,Amazon,Tangará da Serra,MT,78301.0,"68,90","8,90",0,"-8,90",0,"-8,27",0,0,0,"60,63",Janeiro,2026
22/01/2026,25573344901,Pedido,702-8158763-2206661,0Q-EK6Z-SV84,"Planner 2026 Floral - Planejamento Anual com Roda da Vida A5, Gestão Financeira, Organização Pessoal, Metas e Saúde, Capa Dura Laminada, Agenda Se",1.0,amazon.com.br,Crédito Mastercard e outros,Vendedor,Blumenau,SC,89035.0,"78,90",0,0,0,0,"-10,26",0,0,0,"68,64",Janeiro,2026
22/01/2026,25573467181,Pedido,701-0777701-6441065,J7-1RCD-8P3P,Scrapbook Kraft 20x20: Crie Seu Álbum Artesanal Único,1.0,amazon.com.br,Visa Crédito,Amazon,Juiz de Fora,MG,36015.0,"68,90","8,90",0,"-8,90",0,"-8,27",0,0,0,"60,63",Janeiro,2026
22/01/2026,25573467181,Pedido,702-9773741-9234657,MQ-STXD-11EM,"Planner Premium 2026 - Planejamento Anual com Roda da Vida A5, Gestão Financeira, Organização Pessoal, Metas e Saúde, Capa Dura Laminada, Agenda S",1.0,amazon.com.br,Visa Crédito,Vendedor,São Paulo,SP,1322.0,"68,90",0,0,0,0,"-8,96",0,0,0,"59,94",Janeiro,2026
22/01/2026,25573344901,Ajuste,702-0910149-5419468,ON-V5Q7-KFQN,Reembolso de Estoque FBA - Devolução do cliente,1.0,,Crédito Mastercard e outros,,,,,0,0,0,0,0,0,0,0,"47,76","47,76",Janeiro,2026
22/01/2026,25573344901,Pedido,702-2554259-4833862,HJ-GKXE-8FVO,Agenda 2026 Cristã 1 Dia por Folha com Versículos Bíblicos 2026,1.0,amazon.com.br,Crédito Mastercard e outros,Amazon,Recife,PE,52020.0,"58,90",0,0,0,0,"-7,66",0,0,0,"51,24",Janeiro,2026
22/01/2026,25573467181,Pedido,702-7058094-1646632,YL-NANJ-F7TC,"Caderno Preto 20x20cm - Scrapbook Álbum De Fotos Preto 20 Folhas / 40 Páginas - Gramatura 200, Folhas Grossas",1.0,amazon.com.br,Visa Crédito,Amazon,Fortaleza,CE,60115.0,"68,90","8,54",0,"-8,54",0,"-8,27",0,0,0,"60,63",Janeiro,2026
22/01/2026,25573344901,Pedido,702-6401071-2296205,BT-HCTV-ZOJY,"Planner 2026 Napolitano - Planejamento Anual com Roda da Vida A5, Gestão Financeira, Organização Pessoal, Metas e Saúde, Capa Dura Laminada, Agend",1.0,amazon.com.br,Crédito Mastercard e outros,Vendedor,São Paulo,SP,5662.0,"78,90",0,0,0,0,"-10,26",0,0,0,"68,64",Janeiro,2026
22/01/2026,25572541561,Pedido,701-8737116-2118668,0Q-EK6Z-SV84,"Planner 2026 Floral - Planejamento Anual com Roda da Vida A5, Gestão Financeira, Organização Pessoal, Metas e Saúde, Capa Dura Laminada, Agenda Se",1.0,amazon.com.br,Elo,Vendedor,Salvador,BA,41830.0,"78,90","22,02",0,0,0,"-10,26",0,0,0,"90,66",Janeiro,2026
22/01/2026,25573467181,Pedido,702-3611960-3676224,92-CTAN-4AJQ,Caderno Scrapbook - 20 Folhas - Livro De Assinatura Folhas Pretas 20x19 Álbum De Fotos Scrapbook Preto 40 Páginas - 20x19,1.0,amazon.com.br,Visa Crédito,Amazon,Brasília,Distrito Federal,71680.0,"78,90",0,0,0,0,"-9,47",0,0,0,"69,43",Janeiro,2026
22/01/2026,25573467181,Pedido,702-6667117-4477059,VW-M9WL-7RY7,Caderno Scrapbook - Kraft - 20 Folhas - 20x20cm - Bege - Sem Pauta - Folhas Grossas - Album de Fotos - Album de fotos artesanal - Scrapbook colagem de,1.0,amazon.com.br,Visa Crédito,Vendedor,Curitiba,PR,81330.0,"58,90",0,0,0,0,"-7,07",0,0,0,"51,83",Janeiro,2026
22/01/2026,25573344901,Pedido,701-4722657-1076237,HE-SAFO-BF3P,Agenda 2026 1 Dia Por Folha Com Horario Coleção Inspire,1.0,amazon.com.br,Crédito Mastercard e outros,Amazon,Olinda,PE,53050.0,"58,90",0,0,0,0,"-7,66",0,0,0,"51,24",Janeiro,2026
22/01/2026,25573348031,Pedido,701-6434811-0433853,RW-FUR9-X25R,"Planner 2026 - Respire, floresça, torne-se - um planner para sua melhor versão!",1.0,amazon.com.br,Boleto,Vendedor,Piracicaba,SP,13402.0,"78,90",0,0,0,0,"-10,26",0,0,0,"68,64",Janeiro,2026
22/01/2026,25573344901,Pedido,702-9375721-1940219,0Q-EK6Z-SV84,"Planner 2026 Floral - Planejamento Anual com Roda da Vida A5, Gestão Financeira, Organização Pessoal, Metas e Saúde, Capa Dura Laminada, Agenda Se",1.0,amazon.com.br,Crédito Mastercard e outros,Vendedor,Rio de Janeiro,RJ,22725.0,"78,90",0,0,0,0,"-10,26",0,0,0,"68,64",Janeiro,2026
22/01/2026,25573348031,Pedido,701-0572818-8529013,IS-UA22-XKCF,Planner 2026 - Cada flor no seu tempo: planeje o ano com calma e propósito.,1.0,amazon.com.br,Boleto,Vendedor,São Paulo,SP,4181.0,"78,90",0,0,0,0,"-10,26",0,0,0,"68,64",Janeiro,2026
22/01/2026,25573344901,Pedido,701-2510142-1174654,9X-HUC9-I83L,"Planner 2026 - Respire, floresça, torne-se - um planner para sua melhor versão!",1.0,amazon.com.br,Crédito Mastercard e outros,Vendedor,São Paulo,SP,1311.0,"78,90",0,0,0,0,"-10,26",0,0,0,"68,64",Janeiro,2026
22/01/2026,25573348031,Reembolso,701-3892212-3709850,MQ-STXD-11EM,"Planner Premium 2026 - Planejamento Anual com Roda da Vida A5, Gestão Financeira, Organização Pessoal, Metas e Saúde, Capa Dura Laminada, Agenda S",1.0,amazon.com.br,Boleto,Vendedor,Rio de Janeiro,RJ,20211.0,"-68,90",0,0,0,0,"7,17",0,0,0,"-61,73",Janeiro,2026
22/01/2026,25573344901,Pedido,702-0243357-4851443,PA-X2A6-EKO8,Planner 2026 - Seu novo começo começa aqui - o planner que floresce com você. Rosa,1.0,amazon.com.br,Crédito Mastercard e outros,Vendedor,Jundiaí,SP,13212.0,"78,90",0,0,0,0,"-10,26",0,0,0,"68,64",Janeiro,2026
22/01/2026,25573344901,Pedido,701-7419280-4936209,V1-M81P-IY8O,Planner Pessoal Permanente - Comece Quando Quiser!,1.0,amazon.com.br,Crédito Mastercard e outros,Vendedor,Recife,PE,51021.0,"78,90","21,35",0,0,0,"-10,26",0,0,0,"89,99",Janeiro,2026
22/01/2026,25573348031,Pedido,702-9959265-0041031,A9-81RP-O347,"Planner Financeiro Mensal 2026, Roda Da Vida A5 -Planejamento anual, Organização pessoal Metas e objetivos, Gestão financeira Monitoramento de saú",1.0,amazon.com.br,Boleto,Vendedor,Cubatão,SP,11525.0,"68,92",0,0,0,0,"-8,96",0,0,0,"59,96",Janeiro,2026
22/01/2026,25573467181,Pedido,701-0254401-8777815,0Q-EK6Z-SV84,"Planner 2026 Floral - Planejamento Anual com Roda da Vida A5, Gestão Financeira, Organização Pessoal, Metas e Saúde, Capa Dura Laminada, Agenda Se",1.0,amazon.com.br,Visa Crédito,Vendedor,Goiânia,GO,74835.0,"78,90","22,02",0,0,0,"-10,26",0,0,0,"90,66",Janeiro,2026
22/01/2026,25573348031,Pedido,701-3892212-3709850,MQ-STXD-11EM,"Planner Premium 2026 - Planejamento Anual com Roda da Vida A5, Gestão Financeira, Organização Pessoal, Metas e Saúde, Capa Dura Laminada, Agenda S",1.0,amazon.com.br,Boleto,Vendedor,Rio de Janeiro,RJ,20211.0,"68,90",0,0,0,0,"-8,96",0,0,0,"59,94",Janeiro,2026
22/01/2026,25573467181,Pedido,702-3370321-8757808,MQ-STXD-11EM,"Planner Premium 2026 - Planejamento Anual com Roda da Vida A5, Gestão Financeira, Organização Pessoal, Metas e Saúde, Capa Dura Laminada, Agenda S",1.0,amazon.com.br,Visa Crédito,Vendedor,Curitiba,PR,80530.0,"68,90",0,0,0,0,"-8,96",0,0,0,"59,94",Janeiro,2026
22/01/2026,25573344901,Pedido,701-4558738-4741840,MQ-STXD-11EM,"Planner Premium 2026 - Planejamento Anual com Roda da Vida A5, Gestão Financeira, Organização Pessoal, Metas e Saúde, Capa Dura Laminada, Agenda S",1.0,amazon.com.br,Crédito Mastercard e outros,Vendedor,São Paulo,SP,1326.0,"68,90",0,0,0,0,"-8,96",0,0,0,"59,94",Janeiro,2026
22/01/2026,25572541561,Pedido,701-1436264-8568217,AA-2SEI-HBU9,"Planner 2026 - Delicado por fora, poderoso por dentro - organize-se com encanto!",1.0,amazon.com.br,Elo,Vendedor,Nova Iguaçu,RJ,26215.0,"78,90",0,0,0,0,"-10,26",0,0,0,"68,64",Janeiro,2026
22/01/2026,25573348031,Pedido,702-3688339-0923443,WC-0G0K-5CCC,"Planner Financeiro Mensal Datado 2026, Roda Da Vida A5 -Planejamento anual, Organização pessoal Metas e objetivos, Gestão financeira Monitoramento",1.0,amazon.com.br,Boleto,Vendedor,Concórdia,SC,89700.0,"75,90",0,0,0,0,"-9,87",0,0,0,"66,03",Janeiro,2026
22/01/2026,25573344901,Pedido,701-0452775-6294661,92-CTAN-4AJQ,Caderno Scrapbook - 20 Folhas - Livro De Assinatura Folhas Pretas 20x19 Álbum De Fotos Scrapbook Preto 40 Páginas - 20x19,2.0,amazon.com.br,Crédito Mastercard e outros,Amazon,Manaus,AM,69057.0,"157,80",0,0,0,0,"-18,94",0,0,0,"138,86",Janeiro,2026
22/01/2026,25573344901,Serviços de Envio,702-2998602-9471458,,Tarifa de manuseio com base no peso Delivery by Amazon,,Amazon.com.br,Crédito Mastercard e outros,Vendedor,,,,0,0,0,0,0,0,0,"-6,75",0,"-6,75",Janeiro,2026
22/01/2026,25573344901,Serviços de Envio,702-2998602-9471458,,Estorno do frete pago pelo comprador,,Amazon.com.br,Crédito Mastercard e outros,Vendedor,,,,0,0,0,0,0,0,0,0,0,0,Janeiro,2026
22/01/2026,25573344901,Serviços de Envio,702-9357616-2790637,,Tarifa de manuseio com base no peso Delivery by Amazon,,Amazon.com.br,Crédito Mastercard e outros,Vendedor,,,,0,0,0,0,0,0,0,"-6,75",0,"-6,75",Janeiro,2026
22/01/2026,25573344901,Serviços de Envio,702-9357616-2790637,,Estorno do frete pago pelo comprador,,Amazon.com.br,Crédito Mastercard e outros,Vendedor,,,,0,0,0,0,0,0,0,0,0,0,Janeiro,2026
22/01/2026,25573344901,Serviços de Envio,701-3155674-3422625,,Tarifa de manuseio com base no peso Delivery by Amazon,,Amazon.com.br,Crédito Mastercard e outros,Vendedor,,,,0,0,0,0,0,0,0,"-6,75",0,"-6,75",Janeiro,2026
22/01/2026,25573344901,Serviços de Envio,701-3155674-3422625,,Estorno do frete pago pelo comprador,,Amazon.com.br,Crédito Mastercard e outros,Vendedor,,,,0,0,0,0,0,0,0,0,0,0,Janeiro,2026
22/01/2026,25573344901,Serviços de Envio,701-6162150-3657845,,Tarifa de manuseio com base no peso Delivery by Amazon,,Amazon.com.br,Crédito Mastercard e outros,Vendedor,,,,0,0,0,0,0,0,0,"-6,75",0,"-6,75",Janeiro,2026
22/01/2026,25573344901,Serviços de Envio,701-6162150-3657845,,Estorno do frete pago pelo comprador,,Amazon.com.br,Crédito Mastercard e outros,Vendedor,,,,0,0,0,0,0,0,0,0,0,0,Janeiro,2026
22/01/2026,25573344901,Serviços de Envio,701-0583169-3429003,,Tarifa de manuseio com base no peso Delivery by Amazon,,Amazon.com.br,Crédito Mastercard e outros,Vendedor,,,,0,0,0,0,0,0,0,"-6,75",0,"-6,75",Janeiro,2026
22/01/2026,25573344901,Serviços de Envio,701-0583169-3429003,,Estorno do frete pago pelo comprador,,Amazon.com.br,Crédito Mastercard e outros,Vendedor,,,,0,0,0,0,0,0,0,0,0,0,Janeiro,2026
22/01/2026,25573344901,Serviços de Envio,701-5744668-3932258,,Tarifa de manuseio com base no peso Delivery by Amazon,,Amazon.com.br,Crédito Mastercard e outros,Vendedor,,,,0,0,0,0,0,0,0,"-6,75",0,"-6,75",Janeiro,2026
22/01/2026,25573344901,Serviços de Envio,701-5744668-3932258,,Estorno do frete pago pelo comprador,,Amazon.com.br,Crédito Mastercard e outros,Vendedor,,,,0,0,0,0,0,0,0,0,0,0,Janeiro,2026
22/01/2026,25573344901,Serviços de Envio,702-1642497-6548249,,Tarifa de manuseio com base no peso Delivery by Amazon,,Amazon.com.br,Crédito Mastercard e outros,Vendedor,,,,0,0,0,0,0,0,0,"-6,75",0,"-6,75",Janeiro,2026
22/01/2026,25573344901,Serviços de Envio,702-1642497-6548249,,Estorno do frete pago pelo comprador,,Amazon.com.br,Crédito Mastercard e outros,Vendedor,,,,0,0,0,0,0,0,0,0,0,0,Janeiro,2026
22/01/2026,25573344901,Serviços de Envio,702-9167286-8589802,,Tarifa de manuseio com base no peso Delivery by Amazon,,Amazon.com.br,Crédito Mastercard e outros,Vendedor,,,,0,0,0,0,0,0,0,"-6,75",0,"-6,75",Janeiro,2026
22/01/2026,25573344901,Serviços de Envio,702-9167286-8589802,,Estorno do frete pago pelo comprador,,Amazon.com.br,Crédito Mastercard e outros,Vendedor,,,,0,0,0,0,0,0,0,0,0,0,Janeiro,2026
22/01/2026,25573344901,Serviços de Envio,701-2731539-6433004,,Tarifa de manuseio com base no peso Delivery by Amazon,,Amazon.com.br,Crédito Mastercard e outros,Vendedor,,,,0,0,0,0,0,0,0,"-13,00",0,"-13,00",Janeiro,2026
22/01/2026,25573344901,Serviços de Envio,701-2731539-6433004,,Estorno do frete pago pelo comprador,,Amazon.com.br,Crédito Mastercard e outros,Vendedor,,,,0,0,0,0,0,0,0,0,0,0,Janeiro,2026
22/01/2026,25573344901,Serviços de Envio,702-6509502-7613867,,Tarifa de manuseio com base no peso Delivery by Amazon,,Amazon.com.br,Crédito Mastercard e outros,Vendedor,,,,0,0,0,0,0,0,0,"-6,75",0,"-6,75",Janeiro,2026
22/01/2026,25573344901,Serviços de Envio,702-6509502-7613867,,Estorno do frete pago pelo comprador,,Amazon.com.br,Crédito Mastercard e outros,Vendedor,,,,0,0,0,0,0,0,0,0,0,0,Janeiro,2026
22/01/2026,25573344901,Serviços de Envio,701-2807417-3872253,,Tarifa de manuseio com base no peso Delivery by Amazon,,Amazon.com.br,Crédito Mastercard e outros,Vendedor,,,,0,0,0,0,0,0,0,"-6,75",0,"-6,75",Janeiro,2026
22/01/2026,25573344901,Serviços de Envio,701-2807417-3872253,,Estorno do frete pago pelo comprador,,Amazon.com.br,Crédito Mastercard e outros,Vendedor,,,,0,0,0,0,0,0,0,"-21,35",0,"-21,35",Janeiro,2026
22/01/2026,25573344901,Serviços de Envio,702-1232357-6788216,,Tarifa de manuseio com base no peso Delivery by Amazon,,Amazon.com.br,Crédito Mastercard e outros,Vendedor,,,,0,0,0,0,0,0,0,"-6,75",0,"-6,75",Janeiro,2026
22/01/2026,25573344901,Serviços de Envio,702-1232357-6788216,,Estorno do frete pago pelo comprador,,Amazon.com.br,Crédito Mastercard e outros,Vendedor,,,,0,0,0,0,0,0,0,0,0,0,Janeiro,2026
22/01/2026,25573344901,Serviços de Envio,701-4342480-2758658,,Tarifa de manuseio com base no peso Delivery by Amazon,,Amazon.com.br,Crédito Mastercard e outros,Vendedor,,,,0,0,0,0,0,0,0,"-6,75",0,"-6,75",Janeiro,2026
22/01/2026,25573344901,Serviços de Envio,701-4342480-2758658,,Estorno do frete pago pelo comprador,,Amazon.com.br,Crédito Mastercard e outros,Vendedor,,,,0,0,0,0,0,0,0,0,0,0,Janeiro,2026
22/01/2026,25573344901,Serviços de Envio,701-3166916-4698623,,Tarifa de manuseio com base no peso Delivery by Amazon,,Amazon.com.br,Crédito Mastercard e outros,Vendedor,,,,0,0,0,0,0,0,0,"-6,50",0,"-6,50",Janeiro,2026
22/01/2026,25573344901,Serviços de Envio,701-3166916-4698623,,Estorno do frete pago pelo comprador,,Amazon.com.br,Crédito Mastercard e outros,Vendedor,,,,0,0,0,0,0,0,0,0,0,0,Janeiro,2026
22/01/2026,25573344901,Serviços de Envio,702-0050234-3965861,,Tarifa de manuseio com base no peso Delivery by Amazon,,Amazon.com.br,Crédito Mastercard e outros,Vendedor,,,,0,0,0,0,0,0,0,"-6,75",0,"-6,75",Janeiro,2026
22/01/2026,25573344901,Serviços de Envio,702-0050234-3965861,,Estorno do frete pago pelo comprador,,Amazon.com.br,Crédito Mastercard e outros,Vendedor,,,,0,0,0,0,0,0,0,0,0,0,Janeiro,2026
22/01/2026,25573344901,Serviços de Envio,702-3646772-6727418,,Tarifa de manuseio com base no peso Delivery by Amazon,,Amazon.com.br,Crédito Mastercard e outros,Vendedor,,,,0,0,0,0,0,0,0,"-6,75",0,"-6,75",Janeiro,2026
22/01/2026,25573344901,Serviços de Envio,702-3646772-6727418,,Estorno do frete pago pelo comprador,,Amazon.com.br,Crédito Mastercard e outros,Vendedor,,,,0,0,0,0,0,0,0,0,0,0,Janeiro,2026
22/01/2026,25573344901,Serviços de Envio,701-1133784-5073057,,Tarifa de manuseio com base no peso Delivery by Amazon,,Amazon.com.br,Crédito Mastercard e outros,Vendedor,,,,0,0,0,0,0,0,0,"-6,50",0,"-6,50",Janeiro,2026
22/01/2026,25573344901,Serviços de Envio,701-1133784-5073057,,Estorno do frete pago pelo comprador,,Amazon.com.br,Crédito Mastercard e outros,Vendedor,,,,0,0,0,0,0,0,0,0,0,0,Janeiro,2026
22/01/2026,25573344901,Serviços de Envio,702-6181653-5474659,,Tarifa de manuseio com base no peso Delivery by Amazon,,Amazon.com.br,Crédito Mastercard e outros,Vendedor,,,,0,0,0,0,0,0,0,"-6,75",0,"-6,75",Janeiro,2026
22/01/2026,25573344901,Serviços de Envio,702-6181653-5474659,,Estorno do frete pago pelo comprador,,Amazon.com.br,Crédito Mastercard e outros,Vendedor,,,,0,0,0,0,0,0,0,0,0,0,Janeiro,2026
22/01/2026,25573344901,Serviços de Envio,702-1407828-1923426,,Tarifa de manuseio com base no peso Delivery by Amazon,,Amazon.com.br,Crédito Mastercard e outros,Vendedor,,,,0,0,0,0,0,0,0,"-6,75",0,"-6,75",Janeiro,2026
22/01/2026,25573344901,Serviços de Envio,702-1407828-1923426,,Estorno do frete pago pelo comprador,,Amazon.com.br,Crédito Mastercard e outros,Vendedor,,,,0,0,0,0,0,0,0,0,0,0,Janeiro,2026
22/01/2026,25573344901,Serviços de Envio,702-9962565-4662667,,Tarifa de manuseio com base no peso Delivery by Amazon,,Amazon.com.br,Crédito Mastercard e outros,Vendedor,,,,0,0,0,0,0,0,0,"-6,75",0,"-6,75",Janeiro,2026
22/01/2026,25573344901,Serviços de Envio,702-9962565-4662667,,Estorno do frete pago pelo comprador,,Amazon.com.br,Crédito Mastercard e outros,Vendedor,,,,0,0,0,0,0,0,0,0,0,0,Janeiro,2026
22/01/2026,25573344901,Serviços de Envio,701-5510188-7773019,,Tarifa de manuseio com base no peso Delivery by Amazon,,Amazon.com.br,Crédito Mastercard e outros,Vendedor,,,,0,0,0,0,0,0,0,"-6,75",0,"-6,75",Janeiro,2026
22/01/2026,25573344901,Serviços de Envio,701-5510188-7773019,,Estorno do frete pago pelo comprador,,Amazon.com.br,Crédito Mastercard e outros,Vendedor,,,,0,0,0,0,0,0,0,0,0,0,Janeiro,2026
22/01/2026,25573344901,Serviços de Envio,702-0021923-8397850,,Tarifa de manuseio com base no peso Delivery by Amazon,,Amazon.com.br,Crédito Mastercard e outros,Vendedor,,,,0,0,0,0,0,0,0,"-6,75",0,"-6,75",Janeiro,2026
22/01/2026,25573344901,Serviços de Envio,702-0021923-8397850,,Estorno do frete pago pelo comprador,,Amazon.com.br,Crédito Mastercard e outros,Vendedor,,,,0,0,0,0,0,0,0,"-21,35",0,"-21,35",Janeiro,2026
22/01/2026,25573344901,Serviços de Envio,701-9442061-3065012,,Tarifa de manuseio com base no peso Delivery by Amazon,,Amazon.com.br,Crédito Mastercard e outros,Vendedor,,,,0,0,0,0,0,0,0,"-6,50",0,"-6,50",Janeiro,2026
22/01/2026,25573344901,Serviços de Envio,701-9442061-3065012,,Estorno do frete pago pelo comprador,,Amazon.com.br,Crédito Mastercard e outros,Vendedor,,,,0,0,0,0,0,0,0,0,0,0,Janeiro,2026
22/01/2026,25573344901,Serviços de Envio,702-7946692-9145007,,Tarifa de manuseio com base no peso Delivery by Amazon,,Amazon.com.br,Crédito Mastercard e outros,Vendedor,,,,0,0,0,0,0,0,0,"-6,75",0,"-6,75",Janeiro,2026
22/01/2026,25573344901,Serviços de Envio,702-7946692-9145007,,Estorno do frete pago pelo comprador,,Amazon.com.br,Crédito Mastercard e outros,Vendedor,,,,0,0,0,0,0,0,0,0,0,0,Janeiro,2026
22/01/2026,25573344901,Serviços de Envio,701-4439543-0321018,,Tarifa de manuseio com base no peso Delivery by Amazon,,Amazon.com.br,Crédito Mastercard e outros,Vendedor,,,,0,0,0,0,0,0,0,"-6,75",0,"-6,75",Janeiro,2026
22/01/2026,25573344901,Serviços de Envio,701-4439543-0321018,,Estorno do frete pago pelo comprador,,Amazon.com.br,Crédito Mastercard e outros,Vendedor,,,,0,0,0,0,0,0,0,0,0,0,Janeiro,2026
22/01/2026,25573344901,Serviços de Envio,701-4273260-1105064,,Tarifa de manuseio com base no peso Delivery by Amazon,,Amazon.com.br,Crédito Mastercard e outros,Vendedor,,,,0,0,0,0,0,0,0,"-6,75",0,"-6,75",Janeiro,2026
22/01/2026,25573344901,Serviços de Envio,701-4273260-1105064,,Estorno do frete pago pelo comprador,,Amazon.com.br,Crédito Mastercard e outros,Vendedor,,,,0,0,0,0,0,0,0,0,0,0,Janeiro,2026
22/01/2026,25573344901,Serviços de Envio,702-4622239-9876209,,Tarifa de manuseio com base no peso Delivery by Amazon,,Amazon.com.br,Crédito Mastercard e outros,Vendedor,,,,0,0,0,0,0,0,0,"-6,75",0,"-6,75",Janeiro,2026
22/01/2026,25573344901,Serviços de Envio,702-4622239-9876209,,Estorno do frete pago pelo comprador,,Amazon.com.br,Crédito Mastercard e outros,Vendedor,,,,0,0,0,0,0,0,0,0,0,0,Janeiro,2026
22/01/2026,25573344901,Serviços de Envio,702-8879979-0383425,,Tarifa de manuseio com base no peso Delivery by Amazon,,Amazon.com.br,Crédito Mastercard e outros,Vendedor,,,,0,0,0,0,0,0,0,"-6,75",0,"-6,75",Janeiro,2026
22/01/2026,25573344901,Serviços de Envio,702-8879979-0383425,,Estorno do frete pago pelo comprador,,Amazon.com.br,Crédito Mastercard e outros,Vendedor,,,,0,0,0,0,0,0,0,0,0,0,Janeiro,2026
22/01/2026,25573344901,Serviços de Envio,701-8013936-0634622,,Tarifa de manuseio com base no peso Delivery by Amazon,,Amazon.com.br,Crédito Mastercard e outros,Vendedor,,,,0,0,0,0,0,0,0,"-6,75",0,"-6,75",Janeiro,2026
22/01/2026,25573344901,Serviços de Envio,701-8013936-0634622,,Estorno do frete pago pelo comprador,,Amazon.com.br,Crédito Mastercard e outros,Vendedor,,,,0,0,0,0,0,0,0,"-22,02",0,"-22,02",Janeiro,2026
22/01/2026,25573344901,Serviços de Envio,702-8636703-9597030,,Tarifa de manuseio com base no peso Delivery by Amazon,,Amazon.com.br,Crédito Mastercard e outros,Vendedor,,,,0,0,0,0,0,0,0,"-6,75",0,"-6,75",Janeiro,2026
22/01/2026,25573344901,Serviços de Envio,702-8636703-9597030,,Estorno do frete pago pelo comprador,,Amazon.com.br,Crédito Mastercard e outros,Vendedor,,,,0,0,0,0,0,0,0,0,0,0,Janeiro,2026
22/01/2026,25573344901,Serviços de Envio,701-7556084-5238608,,Tarifa de manuseio com base no peso Delivery by Amazon,,Amazon.com.br,Crédito Mastercard e outros,Vendedor,,,,0,0,0,0,0,0,0,"-6,75",0,"-6,75",Janeiro,2026
22/01/2026,25573344901,Serviços de Envio,701-7556084-5238608,,Estorno do frete pago pelo comprador,,Amazon.com.br,Crédito Mastercard e outros,Vendedor,,,,0,0,0,0,0,0,0,0,0,0,Janeiro,2026
22/01/2026,25573344901,Serviços de Envio,702-0278930-6686620,,Tarifa de manuseio com base no peso Delivery by Amazon,,Amazon.com.br,Crédito Mastercard e outros,Vendedor,,,,0,0,0,0,0,0,0,"-6,75",0,"-6,75",Janeiro,2026
22/01/2026,25573344901,Serviços de Envio,702-0278930-6686620,,Estorno do frete pago pelo comprador,,Amazon.com.br,Crédito Mastercard e outros,Vendedor,,,,0,0,0,0,0,0,0,0,0,0,Janeiro,2026
22/01/2026,25573344901,Serviços de Envio,702-7469038-4461807,,Tarifa de manuseio com base no peso Delivery by Amazon,,Amazon.com.br,Crédito Mastercard e outros,Vendedor,,,,0,0,0,0,0,0,0,"-6,50",0,"-6,50",Janeiro,2026
22/01/2026,25573344901,Serviços de Envio,702-7469038-4461807,,Estorno do frete pago pelo comprador,,Amazon.com.br,Crédito Mastercard e outros,Vendedor,,,,0,0,0,0,0,0,0,0,0,0,Janeiro,2026
22/01/2026,25573344901,Serviços de Envio,702-7758076-9655427,,Tarifa de manuseio com base no peso Delivery by Amazon,,Amazon.com.br,Crédito Mastercard e outros,Vendedor,,,,0,0,0,0,0,0,0,"-6,50",0,"-6,50",Janeiro,2026
22/01/2026,25573344901,Serviços de Envio,702-7758076-9655427,,Estorno do frete pago pelo comprador,,Amazon.com.br,Crédito Mastercard e outros,Vendedor,,,,0,0,0,0,0,0,0,0,0,0,Janeiro,2026
22/01/2026,25573344901,Serviços de Envio,701-4301465-2488242,,Tarifa de manuseio com base no peso Delivery by Amazon,,Amazon.com.br,Crédito Mastercard e outros,Vendedor,,,,0,0,0,0,0,0,0,"-6,50",0,"-6,50",Janeiro,2026
22/01/2026,25573344901,Serviços de Envio,701-4301465-2488242,,Estorno do frete pago pelo comprador,,Amazon.com.br,Crédito Mastercard e outros,Vendedor,,,,0,0,0,0,0,0,0,0,0,0,Janeiro,2026
22/01/2026,25573344901,Serviços de Envio,701-9296776-4466645,,Tarifa de manuseio com base no peso Delivery by Amazon,,Amazon.com.br,Crédito Mastercard e outros,Vendedor,,,,0,0,0,0,0,0,0,"-6,75",0,"-6,75",Janeiro,2026
22/01/2026,25573344901,Serviços de Envio,701-9296776-4466645,,Estorno do frete pago pelo comprador,,Amazon.com.br,Crédito Mastercard e outros,Vendedor,,,,0,0,0,0,0,0,0,0,0,0,Janeiro,2026
22/01/2026,25573344901,Serviços de Envio,702-3521952-4590604,,Tarifa de manuseio com base no peso Delivery by Amazon,,Amazon.com.br,Crédito Mastercard e outros,Vendedor,,,,0,0,0,0,0,0,0,"-6,75",0,"-6,75",Janeiro,2026
22/01/2026,25573344901,Serviços de Envio,702-3521952-4590604,,Estorno do frete pago pelo comprador,,Amazon.com.br,Crédito Mastercard e outros,Vendedor,,,,0,0,0,0,0,0,0,0,0,0,Janeiro,2026
22/01/2026,25573344901,Serviços de Envio,701-3036420-2592234,,Tarifa de manuseio com base no peso Delivery by Amazon,,Amazon.com.br,Crédito Mastercard e outros,Vendedor,,,,0,0,0,0,0,0,0,"-6,75",0,"-6,75",Janeiro,2026
22/01/2026,25573344901,Serviços de Envio,701-3036420-2592234,,Estorno do frete pago pelo comprador,,Amazon.com.br,Crédito Mastercard e outros,Vendedor,,,,0,0,0,0,0,0,0,0,0,0,Janeiro,2026
22/01/2026,25573344901,Serviços de Envio,702-2314090-7870653,,Tarifa de manuseio com base no peso Delivery by Amazon,,Amazon.com.br,Crédito Mastercard e outros,Vendedor,,,,0,0,0,0,0,0,0,"-6,75",0,"-6,75",Janeiro,2026
22/01/2026,25573344901,Serviços de Envio,702-2314090-7870653,,Estorno do frete pago pelo comprador,,Amazon.com.br,Crédito Mastercard e outros,Vendedor,,,,0,0,0,0,0,0,0,0,0,0,Janeiro,2026
22/01/2026,25573344901,Serviços de Envio,701-4196697-7413801,,Tarifa de manuseio com base no peso Delivery by Amazon,,Amazon.com.br,Crédito Mastercard e outros,Vendedor,,,,0,0,0,0,0,0,0,"-6,50",0,"-6,50",Janeiro,2026
22/01/2026,25573344901,Serviços de Envio,701-4196697-7413801,,Estorno do frete pago pelo comprador,,Amazon.com.br,Crédito Mastercard e outros,Vendedor,,,,0,0,0,0,0,0,0,0,0,0,Janeiro,2026
22/01/2026,25573344901,Serviços de Envio,702-4920730-9313061,,Tarifa de manuseio com base no peso Delivery by Amazon,,Amazon.com.br,Crédito Mastercard e outros,Vendedor,,,,0,0,0,0,0,0,0,"-6,50",0,"-6,50",Janeiro,2026
22/01/2026,25573344901,Serviços de Envio,702-4920730-9313061,,Estorno do frete pago pelo comprador,,Amazon.com.br,Crédito Mastercard e outros,Vendedor,,,,0,0,0,0,0,0,0,0,0,0,Janeiro,2026
22/01/2026,25573344901,Serviços de Envio,702-0253529-0955403,,Tarifa de manuseio com base no peso Delivery by Amazon,,Amazon.com.br,Crédito Mastercard e outros,Vendedor,,,,0,0,0,0,0,0,0,"-6,75",0,"-6,75",Janeiro,2026
22/01/2026,25573344901,Serviços de Envio,702-0253529-0955403,,Estorno do frete pago pelo comprador,,Amazon.com.br,Crédito Mastercard e outros,Vendedor,,,,0,0,0,0,0,0,0,0,0,0,Janeiro,2026
22/01/2026,25573344901,Serviços de Envio,701-5033526-4671456,,Tarifa de manuseio com base no peso Delivery by Amazon,,Amazon.com.br,Crédito Mastercard e outros,Vendedor,,,,0,0,0,0,0,0,0,"-6,75",0,"-6,75",Janeiro,2026
22/01/2026,25573344901,Serviços de Envio,701-5033526-4671456,,Estorno do frete pago pelo comprador,,Amazon.com.br,Crédito Mastercard e outros,Vendedor,,,,0,0,0,0,0,0,0,0,0,0,Janeiro,2026
22/01/2026,25573344901,Serviços de Envio,701-5544017-3027407,,Tarifa de manuseio com base no peso Delivery by Amazon,,Amazon.com.br,Crédito Mastercard e outros,Vendedor,,,,0,0,0,0,0,0,0,"-6,75",0,"-6,75",Janeiro,2026
22/01/2026,25573344901,Serviços de Envio,701-5544017-3027407,,Estorno do frete pago pelo comprador,,Amazon.com.br,Crédito Mastercard e outros,Vendedor,,,,0,0,0,0,0,0,0,"-21,71",0,"-21,71",Janeiro,2026
22/01/2026,25573344901,Serviços de Envio,702-0203356-8755428,,Tarifa de manuseio com base no peso Delivery by Amazon,,Amazon.com.br,Crédito Mastercard e outros,Vendedor,,,,0,0,0,0,0,0,0,"-6,75",0,"-6,75",Janeiro,2026
22/01/2026,25573344901,Serviços de Envio,702-0203356-8755428,,Estorno do frete pago pelo comprador,,Amazon.com.br,Crédito Mastercard e outros,Vendedor,,,,0,0,0,0,0,0,0,"-21,35",0,"-21,35",Janeiro,2026
22/01/2026,25573344901,Serviços de Envio,702-5880912-6350618,,Tarifa de manuseio com base no peso Delivery by Amazon,,Amazon.com.br,Crédito Mastercard e outros,Vendedor,,,,0,0,0,0,0,0,0,"-6,50",0,"-6,50",Janeiro,2026
22/01/2026,25573344901,Serviços de Envio,702-5880912-6350618,,Estorno do frete pago pelo comprador,,Amazon.com.br,Crédito Mastercard e outros,Vendedor,,,,0,0,0,0,0,0,0,0,0,0,Janeiro,2026
22/01/2026,25573344901,Serviços de Envio,701-1215630-9574617,,Tarifa de manuseio com base no peso Delivery by Amazon,,Amazon.com.br,Crédito Mastercard e outros,Vendedor,,,,0,0,0,0,0,0,0,"-6,75",0,"-6,75",Janeiro,2026
22/01/2026,25573344901,Serviços de Envio,701-1215630-9574617,,Estorno do frete pago pelo comprador,,Amazon.com.br,Crédito Mastercard e outros,Vendedor,,,,0,0,0,0,0,0,0,0,0,0,Janeiro,2026
22/01/2026,25573344901,Serviços de Envio,702-7335488-0222632,,Tarifa de manuseio com base no peso Delivery by Amazon,,Amazon.com.br,Crédito Mastercard e outros,Vendedor,,,,0,0,0,0,0,0,0,"-6,75",0,"-6,75",Janeiro,2026
22/01/2026,25573344901,Serviços de Envio,702-7335488-0222632,,Estorno do frete pago pelo comprador,,Amazon.com.br,Crédito Mastercard e outros,Vendedor,,,,0,0,0,0,0,0,0,0,0,0,Janeiro,2026
22/01/2026,25573344901,Serviços de Envio,702-5178796-1357865,,Tarifa de manuseio com base no peso Delivery by Amazon,,Amazon.com.br,Crédito Mastercard e outros,Vendedor,,,,0,0,0,0,0,0,0,"-6,75",0,"-6,75",Janeiro,2026
22/01/2026,25573344901,Serviços de Envio,702-5178796-1357865,,Estorno do frete pago pelo comprador,,Amazon.com.br,Crédito Mastercard e outros,Vendedor,,,,0,0,0,0,0,0,0,0,0,0,Janeiro,2026
22/01/2026,25573344901,Serviços de Envio,702-6663026-6370662,,Tarifa de manuseio com base no peso Delivery by Amazon,,Amazon.com.br,Crédito Mastercard e outros,Vendedor,,,,0,0,0,0,0,0,0,"-6,75",0,"-6,75",Janeiro,2026
22/01/2026,25573344901,Serviços de Envio,702-6663026-6370662,,Estorno do frete pago pelo comprador,,Amazon.com.br,Crédito Mastercard e outros,Vendedor,,,,0,0,0,0,0,0,0,0,0,0,Janeiro,2026
22/01/2026,25573344901,Serviços de Envio,702-3813462-2325009,,Tarifa de manuseio com base no peso Delivery by Amazon,,Amazon.com.br,Crédito Mastercard e outros,Vendedor,,,,0,0,0,0,0,0,0,"-6,75",0,"-6,75",Janeiro,2026
22/01/2026,25573344901,Serviços de Envio,702-3813462-2325009,,Estorno do frete pago pelo comprador,,Amazon.com.br,Crédito Mastercard e outros,Vendedor,,,,0,0,0,0,0,0,0,"-22,51",0,"-22,51",Janeiro,2026
22/01/2026,25573344901,Serviços de Envio,702-3733183-3393004,,Tarifa de manuseio com base no peso Delivery by Amazon,,Amazon.com.br,Crédito Mastercard e outros,Vendedor,,,,0,0,0,0,0,0,0,"-6,75",0,"-6,75",Janeiro,2026
22/01/2026,25573344901,Serviços de Envio,702-3733183-3393004,,Estorno do frete pago pelo comprador,,Amazon.com.br,Crédito Mastercard e outros,Vendedor,,,,0,0,0,0,0,0,0,0,0,0,Janeiro,2026
22/01/2026,25573344901,Serviços de Envio,702-4241583-2769029,,Tarifa de manuseio com base no peso Delivery by Amazon,,Amazon.com.br,Crédito Mastercard e outros,Vendedor,,,,0,0,0,0,0,0,0,"-6,75",0,"-6,75",Janeiro,2026
22/01/2026,25573344901,Serviços de Envio,702-4241583-2769029,,Estorno do frete pago pelo comprador,,Amazon.com.br,Crédito Mastercard e outros,Vendedor,,,,0,0,0,0,0,0,0,0,0,0,Janeiro,2026
22/01/2026,25573344901,Serviços de Envio,701-6871242-7225031,,Tarifa de manuseio com base no peso Delivery by Amazon,,Amazon.com.br,Crédito Mastercard e outros,Vendedor,,,,0,0,0,0,0,0,0,"-6,75",0,"-6,75",Janeiro,2026
22/01/2026,25573344901,Serviços de Envio,701-6871242-7225031,,Estorno do frete pago pelo comprador,,Amazon.com.br,Crédito Mastercard e outros,Vendedor,,,,0,0,0,0,0,0,0,0,0,0,Janeiro,2026
22/01/2026,25573344901,Serviços de Envio,702-0719595-6790664,,Tarifa de manuseio com base no peso Delivery by Amazon,,Amazon.com.br,Crédito Mastercard e outros,Vendedor,,,,0,0,0,0,0,0,0,"-6,75",0,"-6,75",Janeiro,2026
22/01/2026,25573344901,Serviços de Envio,702-0719595-6790664,,Estorno do frete pago pelo comprador,,Amazon.com.br,Crédito Mastercard e outros,Vendedor,,,,0,0,0,0,0,0,0,0,0,0,Janeiro,2026
22/01/2026,25573344901,Serviços de Envio,702-4890731-5762621,,Tarifa de manuseio com base no peso Delivery by Amazon,,Amazon.com.br,Crédito Mastercard e outros,Vendedor,,,,0,0,0,0,0,0,0,"-6,75",0,"-6,75",Janeiro,2026
22/01/2026,25573344901,Serviços de Envio,702-4890731-5762621,,Estorno do frete pago pelo comprador,,Amazon.com.br,Crédito Mastercard e outros,Vendedor,,,,0,0,0,0,0,0,0,0,0,0,Janeiro,2026
22/01/2026,25573344901,Serviços de Envio,701-4396012-0459453,,Tarifa de manuseio com base no peso Delivery by Amazon,,Amazon.com.br,Crédito Mastercard e outros,Vendedor,,,,0,0,0,0,0,0,0,"-6,50",0,"-6,50",Janeiro,2026
22/01/2026,25573344901,Serviços de Envio,701-4396012-0459453,,Estorno do frete pago pelo comprador,,Amazon.com.br,Crédito Mastercard e outros,Vendedor,,,,0,0,0,0,0,0,0,0,0,0,Janeiro,2026
22/01/2026,25573344901,Serviços de Envio,702-2276895-9629018,,Tarifa de manuseio com base no peso Delivery by Amazon,,Amazon.com.br,Crédito Mastercard e outros,Vendedor,,,,0,0,0,0,0,0,0,"-6,75",0,"-6,75",Janeiro,2026
22/01/2026,25573344901,Serviços de Envio,702-2276895-9629018,,Estorno do frete pago pelo comprador,,Amazon.com.br,Crédito Mastercard e outros,Vendedor,,,,0,0,0,0,0,0,0,"-21,84",0,"-21,84",Janeiro,2026
22/01/2026,25573344901,Serviços de Envio,702-6517759-1525858,,Tarifa de manuseio com base no peso Delivery by Amazon,,Amazon.com.br,Crédito Mastercard e outros,Vendedor,,,,0,0,0,0,0,0,0,"-6,75",0,"-6,75",Janeiro,2026
22/01/2026,25573344901,Serviços de Envio,702-6517759-1525858,,Estorno do frete pago pelo comprador,,Amazon.com.br,Crédito Mastercard e outros,Vendedor,,,,0,0,0,0,0,0,0,0,0,0,Janeiro,2026
22/01/2026,25573344901,Serviços de Envio,702-0953174-2752204,,Tarifa de manuseio com base no peso Delivery by Amazon,,Amazon.com.br,Crédito Mastercard e outros,Vendedor,,,,0,0,0,0,0,0,0,"-6,75",0,"-6,75",Janeiro,2026
22/01/2026,25573344901,Serviços de Envio,702-0953174-2752204,,Estorno do frete pago pelo comprador,,Amazon.com.br,Crédito Mastercard e outros,Vendedor,,,,0,0,0,0,0,0,0,0,0,0,Janeiro,2026
22/01/2026,25573344901,Serviços de Envio,702-9562805-2253852,,Tarifa de manuseio com base no peso Delivery by Amazon,,Amazon.com.br,Crédito Mastercard e outros,Vendedor,,,,0,0,0,0,0,0,0,"-6,75",0,"-6,75",Janeiro,2026
22/01/2026,25573344901,Serviços de Envio,702-9562805-2253852,,Estorno do frete pago pelo comprador,,Amazon.com.br,Crédito Mastercard e outros,Vendedor,,,,0,0,0,0,0,0,0,0,0,0,Janeiro,2026
22/01/2026,25573344901,Serviços de Envio,701-9701191-8094655,,Tarifa de manuseio com base no peso Delivery by Amazon,,Amazon.com.br,Crédito Mastercard e outros,Vendedor,,,,0,0,0,0,0,0,0,"-6,75",0,"-6,75",Janeiro,2026
22/01/2026,25573344901,Serviços de Envio,701-9701191-8094655,,Estorno do frete pago pelo comprador,,Amazon.com.br,Crédito Mastercard e outros,Vendedor,,,,0,0,0,0,0,0,0,0,0,0,Janeiro,2026
22/01/2026,25573344901,Serviços de Envio,701-2472704-1803402,,Tarifa de manuseio com base no peso Delivery by Amazon,,Amazon.com.br,Crédito Mastercard e outros,Vendedor,,,,0,0,0,0,0,0,0,"-6,75",0,"-6,75",Janeiro,2026
22/01/2026,25573344901,Serviços de Envio,701-2472704-1803402,,Estorno do frete pago pelo comprador,,Amazon.com.br,Crédito Mastercard e outros,Vendedor,,,,0,0,0,0,0,0,0,0,0,0,Janeiro,2026
22/01/2026,25573344901,Serviços de Envio,702-8753757-5986639,,Tarifa de manuseio com base no peso Delivery by Amazon,,Amazon.com.br,Crédito Mastercard e outros,Vendedor,,,,0,0,0,0,0,0,0,"-6,75",0,"-6,75",Janeiro,2026
22/01/2026,25573344901,Serviços de Envio,702-8753757-5986639,,Estorno do frete pago pelo comprador,,Amazon.com.br,Crédito Mastercard e outros,Vendedor,,,,0,0,0,0,0,0,0,0,0,0,Janeiro,2026
22/01/2026,25573344901,Serviços de Envio,701-9770791-9641844,,Tarifa de manuseio com base no peso Delivery by Amazon,,Amazon.com.br,Crédito Mastercard e outros,Vendedor,,,,0,0,0,0,0,0,0,"-13,50",0,"-13,50",Janeiro,2026
22/01/2026,25573344901,Serviços de Envio,701-9770791-9641844,,Estorno do frete pago pelo comprador,,Amazon.com.br,Crédito Mastercard e outros,Vendedor,,,,0,0,0,0,0,0,0,0,0,0,Janeiro,2026
22/01/2026,25573344901,Serviços de Envio,702-1731550-9809028,,Tarifa de manuseio com base no peso Delivery by Amazon,,Amazon.com.br,Crédito Mastercard e outros,Vendedor,,,,0,0,0,0,0,0,0,"-6,75",0,"-6,75",Janeiro,2026
22/01/2026,25573344901,Serviços de Envio,702-1731550-9809028,,Estorno do frete pago pelo comprador,,Amazon.com.br,Crédito Mastercard e outros,Vendedor,,,,0,0,0,0,0,0,0,0,0,0,Janeiro,2026
22/01/2026,25573344901,Serviços de Envio,702-6068911-8238607,,Tarifa de manuseio com base no peso Delivery by Amazon,,Amazon.com.br,Crédito Mastercard e outros,Vendedor,,,,0,0,0,0,0,0,0,"-6,75",0,"-6,75",Janeiro,2026
22/01/2026,25573344901,Serviços de Envio,702-6068911-8238607,,Estorno do frete pago pelo comprador,,Amazon.com.br,Crédito Mastercard e outros,Vendedor,,,,0,0,0,0,0,0,0,0,0,0,Janeiro,2026
22/01/2026,25573344901,Serviços de Envio,702-4296280-5727463,,Tarifa de manuseio com base no peso Delivery by Amazon,,Amazon.com.br,Crédito Mastercard e outros,Vendedor,,,,0,0,0,0,0,0,0,"-6,50",0,"-6,50",Janeiro,2026
22/01/2026,25573344901,Serviços de Envio,702-4296280-5727463,,Estorno do frete pago pelo comprador,,Amazon.com.br,Crédito Mastercard e outros,Vendedor,,,,0,0,0,0,0,0,0,0,0,0,Janeiro,2026
22/01/2026,25573344901,Serviços de Envio,702-9032268-5089017,,Tarifa de manuseio com base no peso Delivery by Amazon,,Amazon.com.br,Crédito Mastercard e outros,Vendedor,,,,0,0,0,0,0,0,0,"-6,75",0,"-6,75",Janeiro,2026
22/01/2026,25573344901,Serviços de Envio,702-9032268-5089017,,Estorno do frete pago pelo comprador,,Amazon.com.br,Crédito Mastercard e outros,Vendedor,,,,0,0,0,0,0,0,0,0,0,0,Janeiro,2026
22/01/2026,25573344901,Serviços de Envio,702-6915709-0238650,,Tarifa de manuseio com base no peso Delivery by Amazon,,Amazon.com.br,Crédito Mastercard e outros,Vendedor,,,,0,0,0,0,0,0,0,"-13,00",0,"-13,00",Janeiro,2026
22/01/2026,25573344901,Serviços de Envio,702-6915709-0238650,,Estorno do frete pago pelo comprador,,Amazon.com.br,Crédito Mastercard e outros,Vendedor,,,,0,0,0,0,0,0,0,0,0,0,Janeiro,2026
22/01/2026,25573344901,Serviços de Envio,702-4995157-1173817,,Tarifa de manuseio com base no peso Delivery by Amazon,,Amazon.com.br,Crédito Mastercard e outros,Vendedor,,,,0,0,0,0,0,0,0,"-6,75",0,"-6,75",Janeiro,2026
22/01/2026,25573344901,Serviços de Envio,702-4995157-1173817,,Estorno do frete pago pelo comprador,,Amazon.com.br,Crédito Mastercard e outros,Vendedor,,,,0,0,0,0,0,0,0,0,0,0,Janeiro,2026
22/01/2026,25573344901,Serviços de Envio,702-6318378-0050601,,Tarifa de manuseio com base no peso Delivery by Amazon,,Amazon.com.br,Crédito Mastercard e outros,Vendedor,,,,0,0,0,0,0,0,0,"-6,75",0,"-6,75",Janeiro,2026
22/01/2026,25573344901,Serviços de Envio,702-6318378-0050601,,Estorno do frete pago pelo comprador,,Amazon.com.br,Crédito Mastercard e outros,Vendedor,,,,0,0,0,0,0,0,0,0,0,0,Janeiro,2026
22/01/2026,25573344901,Serviços de Envio,702-4596268-8541850,,Tarifa de manuseio com base no peso Delivery by Amazon,,Amazon.com.br,Crédito Mastercard e outros,Vendedor,,,,0,0,0,0,0,0,0,"-6,75",0,"-6,75",Janeiro,2026
22/01/2026,25573344901,Serviços de Envio,702-4596268-8541850,,Estorno do frete pago pelo comprador,,Amazon.com.br,Crédito Mastercard e outros,Vendedor,,,,0,0,0,0,0,0,0,0,0,0,Janeiro,2026
22/01/2026,25573344901,Serviços de Envio,702-7766176-7718654,,Tarifa de manuseio com base no peso Delivery by Amazon,,Amazon.com.br,Crédito Mastercard e outros,Vendedor,,,,0,0,0,0,0,0,0,"-6,75",0,"-6,75",Janeiro,2026
22/01/2026,25573344901,Serviços de Envio,702-7766176-7718654,,Estorno do frete pago pelo comprador,,Amazon.com.br,Crédito Mastercard e outros,Vendedor,,,,0,0,0,0,0,0,0,0,0,0,Janeiro,2026
22/01/2026,25573344901,Serviços de Envio,702-2196034-2466608,,Tarifa de manuseio com base no peso Delivery by Amazon,,Amazon.com.br,Crédito Mastercard e outros,Vendedor,,,,0,0,0,0,0,0,0,"-6,75",0,"-6,75",Janeiro,2026
22/01/2026,25573344901,Serviços de Envio,702-2196034-2466608,,Estorno do frete pago pelo comprador,,Amazon.com.br,Crédito Mastercard e outros,Vendedor,,,,0,0,0,0,0,0,0,0,0,0,Janeiro,2026
22/01/2026,25573344901,Serviços de Envio,701-0187063-2518655,,Tarifa de manuseio com base no peso Delivery by Amazon,,Amazon.com.br,Crédito Mastercard e outros,Vendedor,,,,0,0,0,0,0,0,0,"-6,75",0,"-6,75",Janeiro,2026
22/01/2026,25573344901,Serviços de Envio,701-0187063-2518655,,Estorno do frete pago pelo comprador,,Amazon.com.br,Crédito Mastercard e outros,Vendedor,,,,0,0,0,0,0,0,0,0,0,0,Janeiro,2026
22/01/2026,25573344901,Serviços de Envio,701-3729331-7894669,,Tarifa de manuseio com base no peso Delivery by Amazon,,Amazon.com.br,Crédito Mastercard e outros,Vendedor,,,,0,0,0,0,0,0,0,"-20,25",0,"-20,25",Janeiro,2026
22/01/2026,25573344901,Serviços de Envio,701-3729331-7894669,,Estorno do frete pago pelo comprador,,Amazon.com.br,Crédito Mastercard e outros,Vendedor,,,,0,0,0,0,0,0,0,0,0,0,Janeiro,2026
22/01/2026,25594677901,Pedido,701-7845236-4530635,AA-2SEI-HBU9,"Planner 2026 - Delicado por fora, poderoso por dentro - organize-se com encanto!",1.0,amazon.com.br,Crédito Mastercard e outros,Vendedor,Sorocaba,São Paulo,18086.0,"78,90",0,0,0,0,"-10,26",0,0,0,"68,64",Janeiro,2026
22/01/2026,25593972851,Transferir,,,Conta bancária com final: 192,,,Boleto,,,,,0,0,0,0,0,0,0,0,"-1.999,01","-1.999,01",Janeiro,2026
22/01/2026,25593972851,Pedido,702-1615773-1850629,DS-AD46-QLZ8,Planner Semanal para o Ano Todo - Várias Capas Lindas!,1.0,amazon.com.br,Boleto,Amazon,Sarzedo,MG,32450.0,"58,90",0,0,0,0,"-7,66",0,0,0,"51,24",Janeiro,2026
22/01/2026,25593972851,Pedido,702-1217848-5705844,0Q-EK6Z-SV84,"Planner 2026 Floral - Planejamento Anual com Roda da Vida A5, Gestão Financeira, Organização Pessoal, Metas e Saúde, Capa Dura Laminada, Agenda Se",1.0,amazon.com.br,Boleto,Vendedor,Fortaleza,CE,60714.0,"78,90","22,02",0,0,0,"-10,26",0,0,0,"90,66",Janeiro,2026
22/01/2026,25594677901,Pedido,702-2766339-1102661,WC-0G0K-5CCC,"Planner Financeiro Mensal Datado 2026, Roda Da Vida A5 -Planejamento anual, Organização pessoal Metas e objetivos, Gestão financeira Monitoramento",1.0,amazon.com.br,Crédito Mastercard e outros,Vendedor,Santa Maria,RS,97015.0,"75,90",0,0,0,0,"-9,87",0,0,0,"66,03",Janeiro,2026
22/01/2026,25594677901,Pedido,702-2668254-5572240,A9-81RP-O347,"Planner Financeiro Mensal 2026, Roda Da Vida A5 -Planejamento anual, Organização pessoal Metas e objetivos, Gestão financeira Monitoramento de saú",1.0,amazon.com.br,Crédito Mastercard e outros,Vendedor,Curitiba,Parana,80610.0,"68,92",0,0,0,0,"-8,96",0,0,0,"59,96",Janeiro,2026
22/01/2026,25594677901,Pedido,701-1850303-7619441,0Q-EK6Z-SV84,"Planner 2026 Floral - Planejamento Anual com Roda da Vida A5, Gestão Financeira, Organização Pessoal, Metas e Saúde, Capa Dura Laminada, Agenda Se",1.0,amazon.com.br,Crédito Mastercard e outros,Vendedor,São Paulo,SP,2330.0,"78,90",0,0,0,0,"-10,26",0,0,0,"68,64",Janeiro,2026
22/01/2026,25594677901,Pedido,701-8907824-0913054,RA-KICF-0Q47,"Caderno Preto 20x20cm - Scrapbook Álbum De Fotos Preto 20 Folhas / 40 Páginas - Gramatura 200, Folhas Grossas",1.0,amazon.com.br,Crédito Mastercard e outros,Vendedor,Itapema,SC,88220.0,"58,90",0,0,0,0,"-7,07",0,0,0,"51,83",Janeiro,2026
22/01/2026,25594677901,Pedido,701-7426436-1945813,YL-NANJ-F7TC,"Caderno Preto 20x20cm - Scrapbook Álbum De Fotos Preto 20 Folhas / 40 Páginas - Gramatura 200, Folhas Grossas",1.0,amazon.com.br,Crédito Mastercard e outros,Amazon,Manaus,AM,69057.0,"68,90",0,0,0,0,"-8,27",0,0,0,"60,63",Janeiro,2026
23/01/2026,25593972851,Pedido,701-3186481-7223458,JC-LA79-2HC8,"Caderno Espiral Capa Dura, A5 210x150mm, 80 Folhas, Van gogh, Frases estoicas (Capa 2)",1.0,amazon.com.br,Boleto,Amazon,recife,pe,50860.0,"35,90",0,0,0,0,"-4,67",0,0,0,"31,23",Janeiro,2026
23/01/2026,25594677901,Pedido,702-3399395-7057812,BT-HCTV-ZOJY,"Planner 2026 Napolitano - Planejamento Anual com Roda da Vida A5, Gestão Financeira, Organização Pessoal, Metas e Saúde, Capa Dura Laminada, Agend",1.0,amazon.com.br,Crédito Mastercard e outros,Vendedor,São Paulo,SP,5132.0,"78,90",0,0,0,0,"-10,26",0,0,0,"68,64",Janeiro,2026
23/01/2026,25594677901,Pedido,702-8859823-7599457,YL-NANJ-F7TC,"Caderno Preto 20x20cm - Scrapbook Álbum De Fotos Preto 20 Folhas / 40 Páginas - Gramatura 200, Folhas Grossas",1.0,amazon.com.br,Crédito Mastercard e outros,Amazon,João Pessoa,PB,58038.0,"68,90","8,90",0,"-8,90",0,"-8,27",0,0,0,"60,63",Janeiro,2026
23/01/2026,25594688361,Pedido,702-6467239-3331408,UN-GE1Q-635D,Planner 2026 - Life Capa Dura com Controle Financeiro e Roda da Vida (Capa 01),1.0,amazon.com.br,Visa Crédito,Vendedor,Colinas do Tocantins,TO,77760.0,"78,90","35,58",0,0,0,"-10,26",0,0,0,"104,22",Janeiro,2026
23/01/2026,25594677901,Pedido,701-8595083-8205811,S1-SAO6-CBNU,"Planner Financeiro Mensal Datado 2026, Roda Da Vida A5 - Planner premium Agenda 2026 Planejamento anual Organização pessoal Metas e objetivos Gestã",1.0,amazon.com.br,Crédito Mastercard e outros,Vendedor,São Paulo,SP,3175.0,"78,90",0,0,0,0,"-10,26",0,0,0,"68,64",Janeiro,2026
23/01/2026,25594123401,Pedido,701-3410797-1885056,VW-M9WL-7RY7,Caderno Scrapbook - Kraft - 20 Folhas - 20x20cm - Bege - Sem Pauta - Folhas Grossas - Album de Fotos - Album de fotos artesanal - Scrapbook colagem de,1.0,amazon.com.br,Elo,Vendedor,Ribeirão Preto,SP,14027.0,"58,90",0,0,0,0,"-7,07",0,0,0,"51,83",Janeiro,2026
23/01/2026,25594677901,Pedido,701-5995861-5321841,9X-HUC9-I83L,"Planner 2026 - Respire, floresça, torne-se - um planner para sua melhor versão!",1.0,amazon.com.br,Crédito Mastercard e outros,Vendedor,Lajeado,RS,95900.0,"78,90",0,0,0,0,"-10,26",0,0,0,"68,64",Janeiro,2026
23/01/2026,25594677901,Pedido,701-2235631-0623467,DV-9MDQ-YD9E,Scrapbook Álbum De Fotos Preto 20 Folhas / 40 Páginas,1.0,amazon.com.br,Crédito Mastercard e outros,Amazon,Manaus,AM,69083.0,"78,90","8,90",0,"-8,90",0,"-9,47",0,0,0,"69,43",Janeiro,2026
23/01/2026,25594677901,Pedido,701-5954291-6921065,YL-NANJ-F7TC,"Caderno Preto 20x20cm - Scrapbook Álbum De Fotos Preto 20 Folhas / 40 Páginas - Gramatura 200, Folhas Grossas",1.0,amazon.com.br,Crédito Mastercard e outros,Amazon,Rio de Janeiro,RJ,22630.0,"68,90",0,0,0,0,"-8,27",0,0,0,"60,63",Janeiro,2026
23/01/2026,25593972851,Pedido,701-9272499-4565834,MQ-STXD-11EM,"Planner Premium 2026 - Planejamento Anual com Roda da Vida A5, Gestão Financeira, Organização Pessoal, Metas e Saúde, Capa Dura Laminada, Agenda S",1.0,amazon.com.br,Boleto,Vendedor,Suzano,SP,8695.0,"68,90",0,0,0,0,"-8,96",0,0,0,"59,94",Janeiro,2026
23/01/2026,25593972851,Pedido,701-2198904-1278630,AA-2SEI-HBU9,"Planner 2026 - Delicado por fora, poderoso por dentro - organize-se com encanto!",1.0,amazon.com.br,Boleto,Vendedor,Curitiba,PR,80420.0,"78,90",0,0,0,0,"-10,26",0,0,0,"68,64",Janeiro,2026
23/01/2026,25593972851,Pedido,702-7419499-6609841,MQ-STXD-11EM,"Planner Premium 2026 - Planejamento Anual com Roda da Vida A5, Gestão Financeira, Organização Pessoal, Metas e Saúde, Capa Dura Laminada, Agenda S",1.0,amazon.com.br,Boleto,Vendedor,Criciúma,SC,88810.0,"68,90",0,0,0,0,"-8,96",0,0,0,"59,94",Janeiro,2026
23/01/2026,25594677901,Pedido,701-0037236-1689038,0Q-EK6Z-SV84,"Planner 2026 Floral - Planejamento Anual com Roda da Vida A5, Gestão Financeira, Organização Pessoal, Metas e Saúde, Capa Dura Laminada, Agenda Se",1.0,amazon.com.br,Crédito Mastercard e outros,Vendedor,Foz do Iguaçu,PR,85867.0,"78,90",0,0,0,0,"-10,26",0,0,0,"68,64",Janeiro,2026
23/01/2026,25594677901,Pedido,701-4310254-7297028,RA-KICF-0Q47,"Caderno Preto 20x20cm - Scrapbook Álbum De Fotos Preto 20 Folhas / 40 Páginas - Gramatura 200, Folhas Grossas",1.0,amazon.com.br,Crédito Mastercard e outros,Vendedor,Criciúma,SC,88801.0,"58,90",0,0,0,0,"-7,07",0,0,0,"51,83",Janeiro,2026
23/01/2026,25593972851,Pedido,701-8457527-6629805,YY-BZFT-U04Z,"Caderno Espiral Capa Dura, A5 210x150mm, 80 Folhas, Van gogh, Frases estoicas (Capa 3)",1.0,amazon.com.br,Boleto,Amazon,Medicilândia,PA,68145.0,"49,90","2,90",0,"-2,90",0,"-6,49",0,0,0,"43,41",Janeiro,2026
23/01/2026,25594688361,Pedido,701-0884811-8225823,S1-SAO6-CBNU,"Planner Financeiro Mensal Datado 2026, Roda Da Vida A5 - Planner premium Agenda 2026 Planejamento anual Organização pessoal Metas e objetivos Gestã",1.0,amazon.com.br,Visa Crédito,Vendedor,Campo Grande,Ms,79070.0,"78,90","21,94",0,0,0,"-10,26",0,0,0,"90,58",Janeiro,2026
23/01/2026,25594688361,Transferir,,,Conta bancária com final: 192,,,Visa Crédito,,,,,0,0,0,0,0,0,0,0,"-1.467,56","-1.467,56",Janeiro,2026
23/01/2026,25594677901,Transferir,,,Conta bancária com final: 192,,,Crédito Mastercard e outros,,,,,0,0,0,0,0,0,0,0,"-2.006,50","-2.006,50",Janeiro,2026
23/01/2026,25593972851,Pedido,701-4473335-4770613,UN-GE1Q-635D,Planner 2026 - Life Capa Dura com Controle Financeiro e Roda da Vida (Capa 01),1.0,amazon.com.br,Boleto,Vendedor,São Paulo,São Paulo,8330.0,"78,90",0,0,0,0,"-10,26",0,0,0,"68,64",Janeiro,2026
23/01/2026,25594123401,Transferir,,,Conta bancária com final: 192,,,Elo,,,,,0,0,0,0,0,0,0,0,"-150,13","-150,13",Janeiro,2026
23/01/2026,25594677901,Pedido,701-5437290-4345003,0Q-EK6Z-SV84,"Planner 2026 Floral - Planejamento Anual com Roda da Vida A5, Gestão Financeira, Organização Pessoal, Metas e Saúde, Capa Dura Laminada, Agenda Se",1.0,amazon.com.br,Crédito Mastercard e outros,Vendedor,São Paulo,SP,2151.0,"78,90",0,0,0,0,"-10,26",0,0,0,"68,64",Janeiro,2026
23/01/2026,25594688361,Pedido,702-7663192-2850601,92-CTAN-4AJQ,Caderno Scrapbook - 20 Folhas - Livro De Assinatura Folhas Pretas 20x19 Álbum De Fotos Scrapbook Preto 40 Páginas - 20x19,1.0,amazon.com.br,Visa Crédito,Amazon,Manaus,AM,69055.0,"78,90",0,0,0,0,"-9,47",0,0,0,"69,43",Janeiro,2026
23/01/2026,25594677901,Pedido,701-5442914-1093839,BT-HCTV-ZOJY,"Planner 2026 Napolitano - Planejamento Anual com Roda da Vida A5, Gestão Financeira, Organização Pessoal, Metas e Saúde, Capa Dura Laminada, Agend",1.0,amazon.com.br,Crédito Mastercard e outros,Vendedor,São Paulo,SP,5641.0,"78,90",0,0,0,0,"-10,26",0,0,0,"68,64",Janeiro,2026
23/01/2026,25594677901,Reembolso,701-5954291-6921065,YL-NANJ-F7TC,"Caderno Preto 20x20cm - Scrapbook Álbum De Fotos Preto 20 Folhas / 40 Páginas - Gramatura 200, Folhas Grossas",1.0,amazon.com.br,Crédito Mastercard e outros,Amazon,Rio de Janeiro,RJ,22630.0,"-68,90",0,0,0,0,"6,62",0,0,0,"-62,28",Janeiro,2026
23/01/2026,25593972851,Pedido,701-8267817-1109860,VW-M9WL-7RY7,Caderno Scrapbook - Kraft - 20 Folhas - 20x20cm - Bege - Sem Pauta - Folhas Grossas - Album de Fotos - Album de fotos artesanal - Scrapbook colagem de,1.0,amazon.com.br,Boleto,Vendedor,Brasilia,Df,71510.0,"58,90",0,0,0,0,"-7,07",0,0,0,"51,83",Janeiro,2026
23/01/2026,25594677901,Pedido,701-3705428-6694600,J7-1RCD-8P3P,Scrapbook Kraft 20x20: Crie Seu Álbum Artesanal Único,1.0,amazon.com.br,Crédito Mastercard e outros,Amazon,São Paulo,SP,5468.0,"68,90",0,0,0,0,"-8,27",0,0,0,"60,63",Janeiro,2026
23/01/2026,25593972851,Pedido,702-4992993-9229808,RA-KICF-0Q47,"Caderno Preto 20x20cm - Scrapbook Álbum De Fotos Preto 20 Folhas / 40 Páginas - Gramatura 200, Folhas Grossas",1.0,amazon.com.br,Boleto,Vendedor,Rio de Janeiro,RJ,20950.0,"58,90",0,0,0,0,"-7,07",0,0,0,"51,83",Janeiro,2026
23/01/2026,25594677901,Pedido,701-5032068-6594655,0Q-EK6Z-SV84,"Planner 2026 Floral - Planejamento Anual com Roda da Vida A5, Gestão Financeira, Organização Pessoal, Metas e Saúde, Capa Dura Laminada, Agenda Se",1.0,amazon.com.br,Crédito Mastercard e outros,Vendedor,Fortaleza,CE,60120.0,"78,90","22,02",0,0,0,"-10,26",0,0,0,"90,66",Janeiro,2026
23/01/2026,25594677901,Pedido,702-2687474-2021039,MQ-STXD-11EM,"Planner Premium 2026 - Planejamento Anual com Roda da Vida A5, Gestão Financeira, Organização Pessoal, Metas e Saúde, Capa Dura Laminada, Agenda S",1.0,amazon.com.br,Crédito Mastercard e outros,Vendedor,São Paulo,SP,2450.0,"68,90",0,0,0,0,"-8,96",0,0,0,"59,94",Janeiro,2026
23/01/2026,25594677901,Reembolso,702-2787615-1657821,BT-HCTV-ZOJY,"Planner 2026 Napolitano - Planejamento Anual com Roda da Vida A5, Gestão Financeira, Organização Pessoal, Metas e Saúde, Capa Dura Laminada, Agend",1.0,amazon.com.br,Crédito Mastercard e outros,Vendedor,Belo Horizonte,MG,31580.0,"-78,90",0,0,0,0,"8,21",0,0,0,"-70,69",Janeiro,2026
23/01/2026,25594677901,Serviços de Envio,702-8604206-0282620,,Tarifa de manuseio com base no peso Delivery by Amazon,,Amazon.com.br,Crédito Mastercard e outros,Vendedor,,,,0,0,0,0,0,0,0,"-6,75",0,"-6,75",Janeiro,2026
23/01/2026,25594677901,Serviços de Envio,702-8604206-0282620,,Estorno do frete pago pelo comprador,,Amazon.com.br,Crédito Mastercard e outros,Vendedor,,,,0,0,0,0,0,0,0,0,0,0,Janeiro,2026
23/01/2026,25594677901,Serviços de Envio,702-8104545-0557004,,Tarifa de manuseio com base no peso Delivery by Amazon,,Amazon.com.br,Crédito Mastercard e outros,Vendedor,,,,0,0,0,0,0,0,0,"-6,75",0,"-6,75",Janeiro,2026
23/01/2026,25594677901,Serviços de Envio,702-8104545-0557004,,Estorno do frete pago pelo comprador,,Amazon.com.br,Crédito Mastercard e outros,Vendedor,,,,0,0,0,0,0,0,0,0,0,0,Janeiro,2026
23/01/2026,25594677901,Serviços de Envio,701-3806077-2330665,,Tarifa de manuseio com base no peso Delivery by Amazon,,Amazon.com.br,Crédito Mastercard e outros,Vendedor,,,,0,0,0,0,0,0,0,"-6,75",0,"-6,75",Janeiro,2026
23/01/2026,25594677901,Serviços de Envio,701-3806077-2330665,,Estorno do frete pago pelo comprador,,Amazon.com.br,Crédito Mastercard e outros,Vendedor,,,,0,0,0,0,0,0,0,0,0,0,Janeiro,2026
23/01/2026,25594677901,Serviços de Envio,701-0455245-0558605,,Tarifa de manuseio com base no peso Delivery by Amazon,,Amazon.com.br,Crédito Mastercard e outros,Vendedor,,,,0,0,0,0,0,0,0,"-6,75",0,"-6,75",Janeiro,2026
23/01/2026,25594677901,Serviços de Envio,701-0455245-0558605,,Estorno do frete pago pelo comprador,,Amazon.com.br,Crédito Mastercard e outros,Vendedor,,,,0,0,0,0,0,0,0,0,0,0,Janeiro,2026
23/01/2026,25594677901,Serviços de Envio,701-4167912-7333825,,Tarifa de manuseio com base no peso Delivery by Amazon,,Amazon.com.br,Crédito Mastercard e outros,Vendedor,,,,0,0,0,0,0,0,0,"-6,75",0,"-6,75",Janeiro,2026
23/01/2026,25594677901,Serviços de Envio,701-4167912-7333825,,Estorno do frete pago pelo comprador,,Amazon.com.br,Crédito Mastercard e outros,Vendedor,,,,0,0,0,0,0,0,0,0,0,0,Janeiro,2026
23/01/2026,25594677901,Serviços de Envio,701-1695301-4845044,,Tarifa de manuseio com base no peso Delivery by Amazon,,Amazon.com.br,Crédito Mastercard e outros,Vendedor,,,,0,0,0,0,0,0,0,"-6,75",0,"-6,75",Janeiro,2026
23/01/2026,25594677901,Serviços de Envio,701-1695301-4845044,,Estorno do frete pago pelo comprador,,Amazon.com.br,Crédito Mastercard e outros,Vendedor,,,,0,0,0,0,0,0,0,0,0,0,Janeiro,2026
23/01/2026,25594677901,Serviços de Envio,702-8334059-7009069,,Tarifa de manuseio com base no peso Delivery by Amazon,,Amazon.com.br,Crédito Mastercard e outros,Vendedor,,,,0,0,0,0,0,0,0,"-6,75",0,"-6,75",Janeiro,2026
23/01/2026,25594677901,Serviços de Envio,702-8334059-7009069,,Estorno do frete pago pelo comprador,,Amazon.com.br,Crédito Mastercard e outros,Vendedor,,,,0,0,0,0,0,0,0,0,0,0,Janeiro,2026
23/01/2026,25594677901,Serviços de Envio,702-3964160-0128255,,Tarifa de manuseio com base no peso Delivery by Amazon,,Amazon.com.br,Crédito Mastercard e outros,Vendedor,,,,0,0,0,0,0,0,0,"-6,75",0,"-6,75",Janeiro,2026
23/01/2026,25594677901,Serviços de Envio,702-3964160-0128255,,Estorno do frete pago pelo comprador,,Amazon.com.br,Crédito Mastercard e outros,Vendedor,,,,0,0,0,0,0,0,0,0,0,0,Janeiro,2026
23/01/2026,25594677901,Serviços de Envio,701-1254725-9496250,,Tarifa de manuseio com base no peso Delivery by Amazon,,Amazon.com.br,Crédito Mastercard e outros,Vendedor,,,,0,0,0,0,0,0,0,"-6,75",0,"-6,75",Janeiro,2026
23/01/2026,25594677901,Serviços de Envio,701-1254725-9496250,,Estorno do frete pago pelo comprador,,Amazon.com.br,Crédito Mastercard e outros,Vendedor,,,,0,0,0,0,0,0,0,0,0,0,Janeiro,2026
23/01/2026,25594677901,Serviços de Envio,701-6973282-0863439,,Tarifa de manuseio com base no peso Delivery by Amazon,,Amazon.com.br,Crédito Mastercard e outros,Vendedor,,,,0,0,0,0,0,0,0,"-6,75",0,"-6,75",Janeiro,2026
23/01/2026,25594677901,Serviços de Envio,701-6973282-0863439,,Estorno do frete pago pelo comprador,,Amazon.com.br,Crédito Mastercard e outros,Vendedor,,,,0,0,0,0,0,0,0,0,0,0,Janeiro,2026
23/01/2026,25594677901,Serviços de Envio,701-4099288-4157813,,Tarifa de manuseio com base no peso Delivery by Amazon,,Amazon.com.br,Crédito Mastercard e outros,Vendedor,,,,0,0,0,0,0,0,0,"-6,75",0,"-6,75",Janeiro,2026
23/01/2026,25594677901,Serviços de Envio,701-4099288-4157813,,Estorno do frete pago pelo comprador,,Amazon.com.br,Crédito Mastercard e outros,Vendedor,,,,0,0,0,0,0,0,0,0,0,0,Janeiro,2026
23/01/2026,25594677901,Serviços de Envio,702-7408730-7445025,,Tarifa de manuseio com base no peso Delivery by Amazon,,Amazon.com.br,Crédito Mastercard e outros,Vendedor,,,,0,0,0,0,0,0,0,"-6,75",0,"-6,75",Janeiro,2026
23/01/2026,25594677901,Serviços de Envio,702-7408730-7445025,,Estorno do frete pago pelo comprador,,Amazon.com.br,Crédito Mastercard e outros,Vendedor,,,,0,0,0,0,0,0,0,0,0,0,Janeiro,2026
23/01/2026,25594677901,Serviços de Envio,701-8401918-6834607,,Tarifa de manuseio com base no peso Delivery by Amazon,,Amazon.com.br,Crédito Mastercard e outros,Vendedor,,,,0,0,0,0,0,0,0,"-6,75",0,"-6,75",Janeiro,2026
23/01/2026,25594677901,Serviços de Envio,701-8401918-6834607,,Estorno do frete pago pelo comprador,,Amazon.com.br,Crédito Mastercard e outros,Vendedor,,,,0,0,0,0,0,0,0,0,0,0,Janeiro,2026
23/01/2026,25594677901,Serviços de Envio,701-8679932-3064261,,Tarifa de manuseio com base no peso Delivery by Amazon,,Amazon.com.br,Crédito Mastercard e outros,Vendedor,,,,0,0,0,0,0,0,0,"-6,75",0,"-6,75",Janeiro,2026
23/01/2026,25594677901,Serviços de Envio,701-8679932-3064261,,Estorno do frete pago pelo comprador,,Amazon.com.br,Crédito Mastercard e outros,Vendedor,,,,0,0,0,0,0,0,0,0,0,0,Janeiro,2026
23/01/2026,25594677901,Serviços de Envio,701-7165755-5328240,,Tarifa de manuseio com base no peso Delivery by Amazon,,Amazon.com.br,Crédito Mastercard e outros,Vendedor,,,,0,0,0,0,0,0,0,"-6,75",0,"-6,75",Janeiro,2026
23/01/2026,25594677901,Serviços de Envio,701-7165755-5328240,,Estorno do frete pago pelo comprador,,Amazon.com.br,Crédito Mastercard e outros,Vendedor,,,,0,0,0,0,0,0,0,0,0,0,Janeiro,2026
23/01/2026,25594677901,Serviços de Envio,702-8787430-1197858,,Tarifa de manuseio com base no peso Delivery by Amazon,,Amazon.com.br,Crédito Mastercard e outros,Vendedor,,,,0,0,0,0,0,0,0,"-6,75",0,"-6,75",Janeiro,2026
23/01/2026,25594677901,Serviços de Envio,702-8787430-1197858,,Estorno do frete pago pelo comprador,,Amazon.com.br,Crédito Mastercard e outros,Vendedor,,,,0,0,0,0,0,0,0,0,0,0,Janeiro,2026
23/01/2026,25594677901,Serviços de Envio,701-3971807-6421022,,Tarifa de manuseio com base no peso Delivery by Amazon,,Amazon.com.br,Crédito Mastercard e outros,Vendedor,,,,0,0,0,0,0,0,0,"-6,50",0,"-6,50",Janeiro,2026
23/01/2026,25594677901,Serviços de Envio,701-3971807-6421022,,Estorno do frete pago pelo comprador,,Amazon.com.br,Crédito Mastercard e outros,Vendedor,,,,0,0,0,0,0,0,0,0,0,0,Janeiro,2026
23/01/2026,25594677901,Serviços de Envio,701-6232092-8833002,,Tarifa de manuseio com base no peso Delivery by Amazon,,Amazon.com.br,Crédito Mastercard e outros,Vendedor,,,,0,0,0,0,0,0,0,"-6,50",0,"-6,50",Janeiro,2026
23/01/2026,25594677901,Serviços de Envio,701-6232092-8833002,,Estorno do frete pago pelo comprador,,Amazon.com.br,Crédito Mastercard e outros,Vendedor,,,,0,0,0,0,0,0,0,"-20,00",0,"-20,00",Janeiro,2026
23/01/2026,25594677901,Serviços de Envio,701-3288343-3909015,,Tarifa de manuseio com base no peso Delivery by Amazon,,Amazon.com.br,Crédito Mastercard e outros,Vendedor,,,,0,0,0,0,0,0,0,"-6,75",0,"-6,75",Janeiro,2026
23/01/2026,25594677901,Serviços de Envio,701-3288343-3909015,,Estorno do frete pago pelo comprador,,Amazon.com.br,Crédito Mastercard e outros,Vendedor,,,,0,0,0,0,0,0,0,0,0,0,Janeiro,2026
23/01/2026,25594677901,Serviços de Envio,702-3739247-8141837,,Tarifa de manuseio com base no peso Delivery by Amazon,,Amazon.com.br,Crédito Mastercard e outros,Vendedor,,,,0,0,0,0,0,0,0,"-6,75",0,"-6,75",Janeiro,2026
23/01/2026,25594677901,Serviços de Envio,702-3739247-8141837,,Estorno do frete pago pelo comprador,,Amazon.com.br,Crédito Mastercard e outros,Vendedor,,,,0,0,0,0,0,0,0,0,0,0,Janeiro,2026
23/01/2026,25594677901,Serviços de Envio,701-2442486-0491429,,Tarifa de manuseio com base no peso Delivery by Amazon,,Amazon.com.br,Crédito Mastercard e outros,Vendedor,,,,0,0,0,0,0,0,0,"-6,75",0,"-6,75",Janeiro,2026
23/01/2026,25594677901,Serviços de Envio,701-2442486-0491429,,Estorno do frete pago pelo comprador,,Amazon.com.br,Crédito Mastercard e outros,Vendedor,,,,0,0,0,0,0,0,0,0,0,0,Janeiro,2026
23/01/2026,25594677901,Serviços de Envio,702-7226940-9555462,,Tarifa de manuseio com base no peso Delivery by Amazon,,Amazon.com.br,Crédito Mastercard e outros,Vendedor,,,,0,0,0,0,0,0,0,"-6,75",0,"-6,75",Janeiro,2026
23/01/2026,25594677901,Serviços de Envio,702-7226940-9555462,,Estorno do frete pago pelo comprador,,Amazon.com.br,Crédito Mastercard e outros,Vendedor,,,,0,0,0,0,0,0,0,0,0,0,Janeiro,2026
23/01/2026,25594677901,Serviços de Envio,702-9631962-2837836,,Tarifa de manuseio com base no peso Delivery by Amazon,,Amazon.com.br,Crédito Mastercard e outros,Vendedor,,,,0,0,0,0,0,0,0,"-6,75",0,"-6,75",Janeiro,2026
23/01/2026,25594677901,Serviços de Envio,702-9631962-2837836,,Estorno do frete pago pelo comprador,,Amazon.com.br,Crédito Mastercard e outros,Vendedor,,,,0,0,0,0,0,0,0,0,0,0,Janeiro,2026
23/01/2026,25594677901,Serviços de Envio,701-4365436-8445837,,Tarifa de manuseio com base no peso Delivery by Amazon,,Amazon.com.br,Crédito Mastercard e outros,Vendedor,,,,0,0,0,0,0,0,0,"-6,75",0,"-6,75",Janeiro,2026
23/01/2026,25594677901,Serviços de Envio,701-4365436-8445837,,Estorno do frete pago pelo comprador,,Amazon.com.br,Crédito Mastercard e outros,Vendedor,,,,0,0,0,0,0,0,0,0,0,0,Janeiro,2026
23/01/2026,25594677901,Serviços de Envio,701-0049231-7765009,,Tarifa de manuseio com base no peso Delivery by Amazon,,Amazon.com.br,Crédito Mastercard e outros,Vendedor,,,,0,0,0,0,0,0,0,"-6,75",0,"-6,75",Janeiro,2026
23/01/2026,25594677901,Serviços de Envio,701-0049231-7765009,,Estorno do frete pago pelo comprador,,Amazon.com.br,Crédito Mastercard e outros,Vendedor,,,,0,0,0,0,0,0,0,"-22,57",0,"-22,57",Janeiro,2026
23/01/2026,25594677901,Serviços de Envio,701-8576019-5961012,,Tarifa de manuseio com base no peso Delivery by Amazon,,Amazon.com.br,Crédito Mastercard e outros,Vendedor,,,,0,0,0,0,0,0,0,"-6,75",0,"-6,75",Janeiro,2026
23/01/2026,25594677901,Serviços de Envio,701-8576019-5961012,,Estorno do frete pago pelo comprador,,Amazon.com.br,Crédito Mastercard e outros,Vendedor,,,,0,0,0,0,0,0,0,0,0,0,Janeiro,2026
23/01/2026,25594677901,Reembolso,702-2687474-2021039,MQ-STXD-11EM,"Planner Premium 2026 - Planejamento Anual com Roda da Vida A5, Gestão Financeira, Organização Pessoal, Metas e Saúde, Capa Dura Laminada, Agenda S",1.0,amazon.com.br,Crédito Mastercard e outros,Vendedor,São Paulo,SP,2450.0,"-68,90",0,0,0,0,"7,17",0,0,0,"-61,73",Janeiro,2026
23/01/2026,25594677901,Reembolso,702-5559084-9184203,Q5-ZAFB-NUEF,"Planner 2026 - Respire, floresça, torne-se - um planner para sua melhor versão!",1.0,amazon.com.br,Crédito Mastercard e outros,Amazon,Porto Alegre,RS,90880.0,"-78,90",0,0,0,0,"8,21",0,0,0,"-70,69",Janeiro,2026
23/01/2026,25593972851,Pedido,701-2810516-0006662,0Q-EK6Z-SV84,"Planner 2026 Floral - Planejamento Anual com Roda da Vida A5, Gestão Financeira, Organização Pessoal, Metas e Saúde, Capa Dura Laminada, Agenda Se",1.0,amazon.com.br,Boleto,Vendedor,Conselheiro Lafaiete,MG,36404.0,"78,90",0,0,0,0,"-10,26",0,0,0,"68,64",Janeiro,2026
23/01/2026,25593972851,Transferir,,,Conta bancária com final: 192,,,Boleto,,,,,0,0,0,0,0,0,0,0,"-1.047,03","-1.047,03",Janeiro,2026
23/01/2026,25593972851,Pedido,701-0042264-3130649,BT-HCTV-ZOJY,"Planner 2026 Napolitano - Planejamento Anual com Roda da Vida A5, Gestão Financeira, Organização Pessoal, Metas e Saúde, Capa Dura Laminada, Agend",1.0,amazon.com.br,Boleto,Vendedor,Barueri,SP,6465.0,"78,90",0,0,0,0,"-10,26",0,0,0,"68,64",Janeiro,2026
23/01/2026,25593972851,Reembolso,702-0297315-3455438,MQ-STXD-11EM,"Planner Premium 2026 - Planejamento Anual com Roda da Vida A5, Gestão Financeira, Organização Pessoal, Metas e Saúde, Capa Dura Laminada, Agenda S",2.0,amazon.com.br,Boleto,Vendedor,Diadema,SP,9932.0,"-137,80",0,0,0,0,"14,34",0,0,0,"-123,46",Janeiro,2026
23/01/2026,25594688361,Pedido,702-2619710-6757026,IS-UA22-XKCF,Planner 2026 - Cada flor no seu tempo: planeje o ano com calma e propósito.,1.0,amazon.com.br,Visa Crédito,Vendedor,São Luis,MA,65075.0,"78,90","21,00",0,0,0,"-10,26",0,0,0,"89,64",Janeiro,2026
24/01/2026,25594688361,Pedido,702-1546640-6484238,0Q-EK6Z-SV84,"Planner 2026 Floral - Planejamento Anual com Roda da Vida A5, Gestão Financeira, Organização Pessoal, Metas e Saúde, Capa Dura Laminada, Agenda Se",1.0,amazon.com.br,Visa Crédito,Vendedor,Vitória,ES,29065.0,"78,90",0,0,0,0,"-10,26",0,0,0,"68,64",Janeiro,2026
24/01/2026,25594688361,Pedido,702-9394312-5713001,HJ-GKXE-8FVO,Agenda 2026 Cristã 1 Dia por Folha com Versículos Bíblicos 2026,1.0,amazon.com.br,Visa Crédito,Amazon,Araguaína,TO,77803.0,"78,90","8,90",0,"-8,90",0,"-10,26",0,0,0,"68,64",Janeiro,2026
24/01/2026,25593972851,Pedido,701-2022662-8673829,DV-9MDQ-YD9E,Scrapbook Álbum De Fotos Preto 20 Folhas / 40 Páginas,1.0,amazon.com.br,Boleto,Amazon,Saudades,SC,89868.0,"78,90","8,90",0,"-8,90",0,"-9,47",0,0,0,"69,43",Janeiro,2026
24/01/2026,25594123401,Pedido,702-4608106-2962604,J7-1RCD-8P3P,Scrapbook Kraft 20x20: Crie Seu Álbum Artesanal Único,1.0,amazon.com.br,Elo,Amazon,Brasília,DF,71665.0,"68,90",0,0,0,0,"-8,27",0,0,0,"60,63",Janeiro,2026
24/01/2026,25594688361,Pedido,702-1605390-7732207,AA-2SEI-HBU9,"Planner 2026 - Delicado por fora, poderoso por dentro - organize-se com encanto!",1.0,amazon.com.br,Visa Crédito,Vendedor,Vitória,ES,29056.0,"78,90",0,0,0,0,"-10,26",0,0,0,"68,64",Janeiro,2026
24/01/2026,25594677901,Pedido,702-8839626-9065048,0Q-EK6Z-SV84,"Planner 2026 Floral - Planejamento Anual com Roda da Vida A5, Gestão Financeira, Organização Pessoal, Metas e Saúde, Capa Dura Laminada, Agenda Se",1.0,amazon.com.br,Crédito Mastercard e outros,Vendedor,Mossoró,RN,59619.0,"78,90","22,02",0,0,0,"-10,26",0,0,0,"90,66",Janeiro,2026
24/01/2026,25593972851,Pedido,701-6404062-0045825,0Q-EK6Z-SV84,"Planner 2026 Floral - Planejamento Anual com Roda da Vida A5, Gestão Financeira, Organização Pessoal, Metas e Saúde, Capa Dura Laminada, Agenda Se",1.0,amazon.com.br,Boleto,Vendedor,São Bernardo do Campo,SP,9784.0,"78,90",0,0,0,0,"-10,26",0,0,0,"68,64",Janeiro,2026
24/01/2026,25594677901,Pedido,702-0584128-6691429,VQ-0TZ7-QK96,Planner 2026 - Floresça que inspira leveza e organização!,1.0,amazon.com.br,Crédito Mastercard e outros,Vendedor,DUQUE DE CAXIAS,RIO DE JANEIRO,25235.0,"78,90",0,0,0,0,"-10,26",0,0,0,"68,64",Janeiro,2026
24/01/2026,25594677901,Pedido,701-4671468-4861816,YL-NANJ-F7TC,"Caderno Preto 20x20cm - Scrapbook Álbum De Fotos Preto 20 Folhas / 40 Páginas - Gramatura 200, Folhas Grossas",1.0,amazon.com.br,Crédito Mastercard e outros,Amazon,Caruaru,PE,55014.0,"68,90",0,0,0,0,"-8,27",0,0,0,"60,63",Janeiro,2026
24/01/2026,25594677901,Pedido,701-1233403-0146665,9X-HUC9-I83L,"Planner 2026 - Respire, floresça, torne-se - um planner para sua melhor versão!",1.0,amazon.com.br,Crédito Mastercard e outros,Vendedor,Antônio Carlos,SC,88180.0,"78,90",0,0,0,0,"-10,26",0,0,0,"68,64",Janeiro,2026
24/01/2026,25593972851,Pedido,702-9064202-4633851,0Q-EK6Z-SV84,"Planner 2026 Floral - Planejamento Anual com Roda da Vida A5, Gestão Financeira, Organização Pessoal, Metas e Saúde, Capa Dura Laminada, Agenda Se",1.0,amazon.com.br,Boleto,Vendedor,Ervália,MG,36555.0,"78,90",0,0,0,0,"-10,26",0,0,0,"68,64",Janeiro,2026
24/01/2026,25594688361,Pedido,701-4428411-1781842,0Q-EK6Z-SV84,"Planner 2026 Floral - Planejamento Anual com Roda da Vida A5, Gestão Financeira, Organização Pessoal, Metas e Saúde, Capa Dura Laminada, Agenda Se",1.0,amazon.com.br,Visa Crédito,Vendedor,Novo Hamburgo,Rio Grande do Sul,93510.0,"78,90",0,0,0,0,"-10,26",0,0,0,"68,64",Janeiro,2026
24/01/2026,25593972851,Pedido,701-3926206-9236250,MQ-STXD-11EM,"Planner Premium 2026 - Planejamento Anual com Roda da Vida A5, Gestão Financeira, Organização Pessoal, Metas e Saúde, Capa Dura Laminada, Agenda S",1.0,amazon.com.br,Boleto,Vendedor,Cachoeirinha,RS,94931.0,"68,90",0,0,0,0,"-8,96",0,0,0,"59,94",Janeiro,2026
24/01/2026,25593972851,Pedido,701-3383513-8831408,YL-NANJ-F7TC,"Caderno Preto 20x20cm - Scrapbook Álbum De Fotos Preto 20 Folhas / 40 Páginas - Gramatura 200, Folhas Grossas",1.0,amazon.com.br,Boleto,Amazon,Manaus,AM,69057.0,"68,90","8,90",0,"-8,90",0,"-8,27",0,0,0,"60,63",Janeiro,2026
24/01/2026,25593972851,Pedido,702-4767441-9001017,AA-2SEI-HBU9,"Planner 2026 - Delicado por fora, poderoso por dentro - organize-se com encanto!",1.0,amazon.com.br,Boleto,Vendedor,Santo Antônio da Patrulha,RS,95500.0,"78,90",0,0,0,0,"-10,26",0,0,0,"68,64",Janeiro,2026
24/01/2026,25594677901,Pedido,702-3741046-5159412,92-CTAN-4AJQ,Caderno Scrapbook - 20 Folhas - Livro De Assinatura Folhas Pretas 20x19 Álbum De Fotos Scrapbook Preto 40 Páginas - 20x19,1.0,amazon.com.br,Crédito Mastercard e outros,Amazon,recife,pe,52020.0,"78,90",0,0,0,0,"-9,47",0,0,0,"69,43",Janeiro,2026
24/01/2026,25593972851,Pedido,702-7253199-9567462,VQ-0TZ7-QK96,Planner 2026 - Floresça que inspira leveza e organização!,1.0,amazon.com.br,Boleto,Vendedor,Curitiba,PR,81130.0,"78,90",0,0,0,0,"-10,26",0,0,0,"68,64",Janeiro,2026
24/01/2026,25594677901,Pedido,702-6119790-7961848,MQ-STXD-11EM,"Planner Premium 2026 - Planejamento Anual com Roda da Vida A5, Gestão Financeira, Organização Pessoal, Metas e Saúde, Capa Dura Laminada, Agenda S",1.0,amazon.com.br,Crédito Mastercard e outros,Vendedor,Sao bernardo do Campo,São Paulo,9851.0,"68,90",0,0,0,0,"-8,96",0,0,0,"59,94",Janeiro,2026
24/01/2026,25594677901,Pedido,702-8528989-1158613,DV-9MDQ-YD9E,Scrapbook Álbum De Fotos Preto 20 Folhas / 40 Páginas,1.0,amazon.com.br,Crédito Mastercard e outros,Amazon,Poços de Caldas,MG,37701.0,"78,90",0,0,0,0,"-9,47",0,0,0,"69,43",Janeiro,2026
24/01/2026,25593972851,Pedido,701-8008479-4462651,9X-HUC9-I83L,"Planner 2026 - Respire, floresça, torne-se - um planner para sua melhor versão!",1.0,amazon.com.br,Boleto,Vendedor,Contagem,MG,32241.0,"78,90",0,0,0,0,"-10,26",0,0,0,"68,64",Janeiro,2026
24/01/2026,25594677901,Pedido,701-5989709-3689823,2M-II9L-1YU1,"Caderno A5 SEM PAUTA, 21x14cm, 80 Folhas, 90G",1.0,amazon.com.br,Crédito Mastercard e outros,Amazon,Teresina,PI,64003.0,"35,90",0,0,0,0,"-4,67",0,0,0,"31,23",Janeiro,2026
24/01/2026,25594677901,Pedido,702-4795282-9599461,0Q-EK6Z-SV84,"Planner 2026 Floral - Planejamento Anual com Roda da Vida A5, Gestão Financeira, Organização Pessoal, Metas e Saúde, Capa Dura Laminada, Agenda Se",1.0,amazon.com.br,Crédito Mastercard e outros,Vendedor,Serra,ES,29165.0,"78,90",0,0,0,0,"-10,26",0,0,0,"68,64",Janeiro,2026
24/01/2026,25594688361,Pedido,701-6145084-1367442,MQ-STXD-11EM,"Planner Premium 2026 - Planejamento Anual com Roda da Vida A5, Gestão Financeira, Organização Pessoal, Metas e Saúde, Capa Dura Laminada, Agenda S",1.0,amazon.com.br,Visa Crédito,Vendedor,São Paulo,SP,8340.0,"68,90",0,0,0,0,"-8,96",0,0,0,"59,94",Janeiro,2026
24/01/2026,25594677901,Pedido,701-4056937-3937851,RW-FUR9-X25R,"Planner 2026 - Respire, floresça, torne-se - um planner para sua melhor versão!",1.0,amazon.com.br,Crédito Mastercard e outros,Vendedor,Belo Horizonte,MG,30642.0,"78,90",0,0,0,0,"-10,26",0,0,0,"68,64",Janeiro,2026
24/01/2026,25594123401,Pedido,701-1030176-0525811,AA-2SEI-HBU9,"Planner 2026 - Delicado por fora, poderoso por dentro - organize-se com encanto!",1.0,amazon.com.br,Elo,Vendedor,Porto Feliz,SP,18540.0,"78,90",0,0,0,0,"-10,26",0,0,0,"68,64",Janeiro,2026
24/01/2026,25594677901,Pedido,702-3274050-1206614,YL-NANJ-F7TC,"Caderno Preto 20x20cm - Scrapbook Álbum De Fotos Preto 20 Folhas / 40 Páginas - Gramatura 200, Folhas Grossas",1.0,amazon.com.br,Crédito Mastercard e outros,Amazon,Fortaleza,CE,60822.0,"68,90","8,90",0,"-8,90",0,"-8,27",0,0,0,"60,63",Janeiro,2026
24/01/2026,25594677901,Pedido,702-0759821-8209034,VQ-0TZ7-QK96,Planner 2026 - Floresça que inspira leveza e organização!,1.0,amazon.com.br,Crédito Mastercard e outros,Vendedor,Curitiba,PR,81710.0,"78,90",0,0,0,0,"-10,26",0,0,0,"68,64",Janeiro,2026
24/01/2026,25594677901,Pedido,701-0568496-3696225,IS-UA22-XKCF,Planner 2026 - Cada flor no seu tempo: planeje o ano com calma e propósito.,1.0,amazon.com.br,Crédito Mastercard e outros,Vendedor,Caçapava,SP,12285.0,"78,90",0,0,0,0,"-10,26",0,0,0,"68,64",Janeiro,2026
24/01/2026,25594688361,Pedido,701-2016249-4768269,92-CTAN-4AJQ,Caderno Scrapbook - 20 Folhas - Livro De Assinatura Folhas Pretas 20x19 Álbum De Fotos Scrapbook Preto 40 Páginas - 20x19,1.0,amazon.com.br,Visa Crédito,Amazon,Manaus,AM,69057.0,"78,90",0,0,0,0,"-9,47",0,0,0,"69,43",Janeiro,2026
24/01/2026,25594677901,Pedido,701-6128898-6268208,RA-KICF-0Q47,"Caderno Preto 20x20cm - Scrapbook Álbum De Fotos Preto 20 Folhas / 40 Páginas - Gramatura 200, Folhas Grossas",1.0,amazon.com.br,Crédito Mastercard e outros,Vendedor,Belo Horizonte,Minas Gerais,30140.0,"58,90",0,0,0,0,"-7,07",0,0,0,"51,83",Janeiro,2026
24/01/2026,25594677901,Pedido,702-9031147-2937032,VQ-0TZ7-QK96,Planner 2026 - Floresça que inspira leveza e organização!,1.0,amazon.com.br,Crédito Mastercard e outros,Vendedor,São Paulo,SP,5088.0,"78,90",0,0,0,0,"-10,26",0,0,0,"68,64",Janeiro,2026
24/01/2026,25594677901,Pedido,702-8241633-9209862,DS-AD46-QLZ8,Planner Semanal para o Ano Todo - Várias Capas Lindas!,1.0,amazon.com.br,Crédito Mastercard e outros,Amazon,Teresina,PI,64014.0,"49,90",0,0,0,0,"-6,49",0,0,0,"43,41",Janeiro,2026
24/01/2026,25593972851,Reembolso,702-8765491-3561038,92-CTAN-4AJQ,Caderno Scrapbook - 20 Folhas - Livro De Assinatura Folhas Pretas 20x19 Álbum De Fotos Scrapbook Preto 40 Páginas - 20x19,1.0,amazon.com.br,Boleto,Amazon,Belo Horizonte,MG,31050.0,"-78,90","-8,90",0,"8,90",0,"7,58",0,0,0,"-71,32",Janeiro,2026
24/01/2026,25594688361,Pedido,702-5941484-4114646,IS-UA22-XKCF,Planner 2026 - Cada flor no seu tempo: planeje o ano com calma e propósito.,1.0,amazon.com.br,Visa Crédito,Vendedor,Guarulhos,SP,7023.0,"78,90",0,0,0,0,"-10,26",0,0,0,"68,64",Janeiro,2026
24/01/2026,25594688361,Pedido,701-1365985-0694602,VQ-1XP0-KLCF,Planner Permanente Vintage - Agenda Semanal e Mensal com Capa Clássica Wire-O,1.0,amazon.com.br,Visa Crédito,Vendedor,Teófilo Otoni,MG,39801.0,"78,90",0,0,0,0,"-10,26",0,0,0,"68,64",Janeiro,2026
24/01/2026,25593972851,Reembolso,701-7364122-6859437,4O-0ACQ-A4CK,"Planner Financeiro Mensal 2026, Roda Da Vida A5 -Planejamento anual, Organização pessoal Metas e objetivos, Gestão financeira Monitoramento de saú",1.0,amazon.com.br,Boleto,Amazon,Fortaleza,CE,60110.0,"-78,90",0,0,0,0,"8,21",0,0,0,"-70,69",Janeiro,2026
24/01/2026,25593972851,Pedido,702-4628259-4117828,MQ-STXD-11EM,"Planner Premium 2026 - Planejamento Anual com Roda da Vida A5, Gestão Financeira, Organização Pessoal, Metas e Saúde, Capa Dura Laminada, Agenda S",1.0,amazon.com.br,Boleto,Vendedor,São Paulo,SP,4775.0,"68,90",0,0,0,0,"-8,96",0,0,0,"59,94",Janeiro,2026
24/01/2026,25593972851,Pedido,702-0297315-3455438,MQ-STXD-11EM,"Planner Premium 2026 - Planejamento Anual com Roda da Vida A5, Gestão Financeira, Organização Pessoal, Metas e Saúde, Capa Dura Laminada, Agenda S",2.0,amazon.com.br,Boleto,Vendedor,Diadema,SP,9932.0,"137,80",0,0,0,0,"-17,92",0,0,0,"119,88",Janeiro,2026
24/01/2026,25594677901,Taxa de serviço,,,Cadastro,,Amazon.com.br,Crédito Mastercard e outros,,,,,0,0,0,0,0,0,0,0,"-19,00","-19,00",Janeiro,2026
24/01/2026,25594688361,Pedido,702-1196420-1330654,J7-1RCD-8P3P,Scrapbook Kraft 20x20: Crie Seu Álbum Artesanal Único,1.0,amazon.com.br,Visa Crédito,Amazon,Brasília,DF,71505.0,"68,90",0,0,0,0,"-8,27",0,0,0,"60,63",Janeiro,2026
24/01/2026,25593972851,Pedido,701-9882549-6733036,UN-GE1Q-635D,Planner 2026 - Life Capa Dura com Controle Financeiro e Roda da Vida (Capa 01),1.0,amazon.com.br,Boleto,Vendedor,Brasília,DF,72255.0,"78,90",0,0,0,0,"-10,26",0,0,0,"68,64",Janeiro,2026
24/01/2026,25594688361,Pedido,701-2783922-1724241,AA-2SEI-HBU9,"Planner 2026 - Delicado por fora, poderoso por dentro - organize-se com encanto!",1.0,amazon.com.br,Visa Crédito,Vendedor,São Paulo,SP,3114.0,"78,90",0,0,0,0,"-10,26",0,0,0,"68,64",Janeiro,2026
24/01/2026,25594677901,Pedido,701-5244558-2221046,J7-1RCD-8P3P,Scrapbook Kraft 20x20: Crie Seu Álbum Artesanal Único,1.0,amazon.com.br,Crédito Mastercard e outros,Amazon,Rio de Janeiro,RJ,22790.0,"68,90",0,0,0,0,"-8,27",0,0,0,"60,63",Janeiro,2026
24/01/2026,25594688361,Pedido,702-4657209-6179437,0Q-EK6Z-SV84,"Planner 2026 Floral - Planejamento Anual com Roda da Vida A5, Gestão Financeira, Organização Pessoal, Metas e Saúde, Capa Dura Laminada, Agenda Se",1.0,amazon.com.br,Visa Crédito,Vendedor,São Paulo,SP,4811.0,"78,90",0,0,0,0,"-10,26",0,0,0,"68,64",Janeiro,2026
24/01/2026,25594677901,Pedido,701-4521059-7593806,14-02SK-RART,Caderno De Anotações - 200 Pag - Flores Naturais,1.0,amazon.com.br,Crédito Mastercard e outros,Amazon,São Pedro da Aldeia,RJ,28945.0,"49,90",0,0,0,0,"-6,49",0,0,0,"43,41",Janeiro,2026
25/01/2026,25594688361,Reembolso,702-4657209-6179437,0Q-EK6Z-SV84,"Planner 2026 Floral - Planejamento Anual com Roda da Vida A5, Gestão Financeira, Organização Pessoal, Metas e Saúde, Capa Dura Laminada, Agenda Se",1.0,amazon.com.br,Visa Crédito,Vendedor,São Paulo,SP,4811.0,"-78,90",0,0,0,0,"8,21",0,0,0,"-70,69",Janeiro,2026
25/01/2026,25594677901,Pedido,701-1799544-2000220,2M-II9L-1YU1,"Caderno A5 SEM PAUTA, 21x14cm, 80 Folhas, 90G",1.0,amazon.com.br,Crédito Mastercard e outros,Amazon,Vitória,ES,29055.0,"35,90",0,0,0,0,"-4,67",0,0,0,"31,23",Janeiro,2026
25/01/2026,25593972851,Pedido,701-8143529-6170602,J7-1RCD-8P3P,Scrapbook Kraft 20x20: Crie Seu Álbum Artesanal Único,1.0,amazon.com.br,Boleto,Amazon,Recife,PE,50720.0,"68,90",0,0,0,0,"-8,27",0,0,0,"60,63",Janeiro,2026
25/01/2026,25594688361,Pedido,701-6026493-2831467,AA-2SEI-HBU9,"Planner 2026 - Delicado por fora, poderoso por dentro - organize-se com encanto!",1.0,amazon.com.br,Visa Crédito,Vendedor,Divinópolis,MG,35500.0,"78,90",0,0,0,0,"-10,26",0,0,0,"68,64",Janeiro,2026
25/01/2026,25594677901,Pedido,701-2184350-3649828,MQ-STXD-11EM,"Planner Premium 2026 - Planejamento Anual com Roda da Vida A5, Gestão Financeira, Organização Pessoal, Metas e Saúde, Capa Dura Laminada, Agenda S",1.0,amazon.com.br,Crédito Mastercard e outros,Vendedor,Florianópolis,Santa Catarina,88062.0,"68,90",0,0,0,0,"-8,96",0,0,0,"59,94",Janeiro,2026
25/01/2026,25594688361,Pedido,702-8614683-7997826,9X-HUC9-I83L,"Planner 2026 - Respire, floresça, torne-se - um planner para sua melhor versão!",1.0,amazon.com.br,Visa Crédito,Vendedor,Santa Bárbara D'Oeste,SP,13454.0,"78,90",0,0,0,0,"-10,26",0,0,0,"68,64",Janeiro,2026
25/01/2026,25593972851,Pedido,701-9045623-8553066,MQ-STXD-11EM,"Planner Premium 2026 - Planejamento Anual com Roda da Vida A5, Gestão Financeira, Organização Pessoal, Metas e Saúde, Capa Dura Laminada, Agenda S",1.0,amazon.com.br,Boleto,Vendedor,Lauro de Freitas,BA,42711.0,"68,90","21,80",0,0,0,"-8,96",0,0,0,"81,74",Janeiro,2026
25/01/2026,25594688361,Pedido,701-6824361-1334640,DE-Y8HD-W1WN,Album fotografico scrapbook - Coleção Corações (Rosa),1.0,amazon.com.br,Visa Crédito,Amazon,Fortaleza,CE,60182.0,"68,90",0,0,0,0,"-8,96",0,0,0,"59,94",Janeiro,2026
25/01/2026,25594688361,Pedido,702-1295805-7417062,J7-1RCD-8P3P,Scrapbook Kraft 20x20: Crie Seu Álbum Artesanal Único,1.0,amazon.com.br,Visa Crédito,Amazon,Recife,PE,51130.0,"68,90",0,0,0,0,"-8,27",0,0,0,"60,63",Janeiro,2026
25/01/2026,25594688361,Pedido,702-3030412-2762667,92-CTAN-4AJQ,Caderno Scrapbook - 20 Folhas - Livro De Assinatura Folhas Pretas 20x19 Álbum De Fotos Scrapbook Preto 40 Páginas - 20x19,1.0,amazon.com.br,Visa Crédito,Amazon,Manaus,AM,69057.0,"78,90",0,0,0,0,"-9,47",0,0,0,"69,43",Janeiro,2026
25/01/2026,25594688361,Pedido,702-9461761-1263424,J7-1RCD-8P3P,Scrapbook Kraft 20x20: Crie Seu Álbum Artesanal Único,1.0,amazon.com.br,Visa Crédito,Amazon,Recife,PE,51130.0,"68,90",0,0,0,0,"-8,27",0,0,0,"60,63",Janeiro,2026
25/01/2026,25594677901,Pedido,702-0901115-0263462,MQ-STXD-11EM,"Planner Premium 2026 - Planejamento Anual com Roda da Vida A5, Gestão Financeira, Organização Pessoal, Metas e Saúde, Capa Dura Laminada, Agenda S",1.0,amazon.com.br,Crédito Mastercard e outros,Vendedor,Londrina,PR,86027.0,"68,90",0,0,0,0,"-8,96",0,0,0,"59,94",Janeiro,2026
25/01/2026,25593972851,Pedido,702-1405481-4025017,MQ-STXD-11EM,"Planner Premium 2026 - Planejamento Anual com Roda da Vida A5, Gestão Financeira, Organização Pessoal, Metas e Saúde, Capa Dura Laminada, Agenda S",2.0,amazon.com.br,Boleto,Vendedor,São Paulo,SP,3512.0,"137,80",0,0,0,0,"-17,92",0,0,0,"119,88",Janeiro,2026
25/01/2026,25594677901,Pedido,701-7282940-3209853,0Q-EK6Z-SV84,"Planner 2026 Floral - Planejamento Anual com Roda da Vida A5, Gestão Financeira, Organização Pessoal, Metas e Saúde, Capa Dura Laminada, Agenda Se",1.0,amazon.com.br,Crédito Mastercard e outros,Vendedor,Vila Velha,Es,29100.0,"78,90",0,0,0,0,"-10,26",0,0,0,"68,64",Janeiro,2026
25/01/2026,25594677901,Pedido,702-2971524-7636215,VW-M9WL-7RY7,Caderno Scrapbook - Kraft - 20 Folhas - 20x20cm - Bege - Sem Pauta - Folhas Grossas - Album de Fotos - Album de fotos artesanal - Scrapbook colagem de,1.0,amazon.com.br,Crédito Mastercard e outros,Vendedor,Porto Alegre,RS,91900.0,"58,90",0,0,0,0,"-7,07",0,0,0,"51,83",Janeiro,2026
25/01/2026,25594677901,Pedido,701-0667957-4701840,YL-NANJ-F7TC,"Caderno Preto 20x20cm - Scrapbook Álbum De Fotos Preto 20 Folhas / 40 Páginas - Gramatura 200, Folhas Grossas",1.0,amazon.com.br,Crédito Mastercard e outros,Amazon,Fortaleza,CE,60160.0,"68,90",0,0,0,0,"-8,27",0,0,0,"60,63",Janeiro,2026
25/01/2026,25594677901,Pedido,702-4753720-7911427,0Q-EK6Z-SV84,"Planner 2026 Floral - Planejamento Anual com Roda da Vida A5, Gestão Financeira, Organização Pessoal, Metas e Saúde, Capa Dura Laminada, Agenda Se",1.0,amazon.com.br,Crédito Mastercard e outros,Vendedor,Fortaleza,CE,60160.0,"78,90","22,02",0,0,0,"-10,26",0,0,0,"90,66",Janeiro,2026
25/01/2026,25594688361,Pedido,701-0389953-4560221,RA-KICF-0Q47,"Caderno Preto 20x20cm - Scrapbook Álbum De Fotos Preto 20 Folhas / 40 Páginas - Gramatura 200, Folhas Grossas",1.0,amazon.com.br,Visa Crédito,Vendedor,são josé do rio preto,são paulo,15090.0,"58,90",0,0,0,0,"-7,07",0,0,0,"51,83",Janeiro,2026
25/01/2026,25594123401,Pedido,701-0236979-9138611,BT-HCTV-ZOJY,"Planner 2026 Napolitano - Planejamento Anual com Roda da Vida A5, Gestão Financeira, Organização Pessoal, Metas e Saúde, Capa Dura Laminada, Agend",1.0,amazon.com.br,Elo,Vendedor,São Paulo,SP,4835.0,"78,90",0,0,0,0,"-10,26",0,0,0,"68,64",Janeiro,2026
25/01/2026,25594688361,Pedido,702-5020594-0231404,V1-M81P-IY8O,Planner Pessoal Permanente - Comece Quando Quiser!,1.0,amazon.com.br,Visa Crédito,Vendedor,Rio de Janeiro,RJ,21725.0,"78,90",0,0,0,0,"-10,26",0,0,0,"68,64",Janeiro,2026
25/01/2026,25594677901,Pedido,701-6613081-0020218,HJ-GKXE-8FVO,Agenda 2026 Cristã 1 Dia por Folha com Versículos Bíblicos 2026,1.0,amazon.com.br,Crédito Mastercard e outros,Amazon,Belo Horizonte,MG,30441.0,"58,90",0,0,0,0,"-7,66",0,0,0,"51,24",Janeiro,2026
26/01/2026,25604729101,Pedido,702-6370408-5937024,22-5ATG-S6FS,Planner Semanal Permanente com Capa Dura - Visual Clean,1.0,amazon.com.br,Boleto,Amazon,Manaus,AM,69028.0,"49,90","3,37",0,"-3,37",0,"-6,49",0,0,0,"43,41",Janeiro,2026
26/01/2026,25604729101,Pedido,702-1929674-5042633,MY-P05M-MBEP,"Caderno Quadriculado 1x1cm, Capa dura, diversas capas, 80 folhas, 24x15cm",1.0,amazon.com.br,Boleto,Vendedor,Mauá,SP,9371.0,"38,90",0,0,0,0,"-5,06",0,0,0,"33,84",Janeiro,2026
26/01/2026,25605770561,Pedido,701-2528073-5261852,9X-HUC9-I83L,"Planner 2026 - Respire, floresça, torne-se - um planner para sua melhor versão!",1.0,amazon.com.br,Crédito Mastercard e outros,Vendedor,São Bernardo do Campo,SP,9725.0,"78,90",0,0,0,0,"-10,26",0,0,0,"68,64",Janeiro,2026
26/01/2026,25604729101,Pedido,701-4011267-7949830,MQ-STXD-11EM,"Planner Premium 2026 - Planejamento Anual com Roda da Vida A5, Gestão Financeira, Organização Pessoal, Metas e Saúde, Capa Dura Laminada, Agenda S",1.0,amazon.com.br,Boleto,Vendedor,Rio de Janeiro,RJ,22031.0,"68,90",0,0,0,0,"-8,96",0,0,0,"59,94",Janeiro,2026
26/01/2026,25605770561,Pedido,702-3667649-9311409,YL-NANJ-F7TC,"Caderno Preto 20x20cm - Scrapbook Álbum De Fotos Preto 20 Folhas / 40 Páginas - Gramatura 200, Folhas Grossas",1.0,amazon.com.br,Crédito Mastercard e outros,Amazon,Recife,PE,51111.0,"68,90",0,0,0,0,"-8,27",0,0,0,"60,63",Janeiro,2026
26/01/2026,25605770561,Pedido,702-9903792-8007454,A9-81RP-O347,"Planner Financeiro Mensal 2026, Roda Da Vida A5 -Planejamento anual, Organização pessoal Metas e objetivos, Gestão financeira Monitoramento de saú",1.0,amazon.com.br,Crédito Mastercard e outros,Vendedor,São Paulo,SP,1139.0,"68,92",0,0,0,0,"-8,96",0,0,0,"59,96",Janeiro,2026
26/01/2026,25605770561,Pedido,702-4897795-8570633,RA-KICF-0Q47,"Caderno Preto 20x20cm - Scrapbook Álbum De Fotos Preto 20 Folhas / 40 Páginas - Gramatura 200, Folhas Grossas",1.0,amazon.com.br,Crédito Mastercard e outros,Vendedor,São Bernardo do Campo,SP,9725.0,"58,90",0,0,0,0,"-7,07",0,0,0,"51,83",Janeiro,2026
26/01/2026,25604729101,Pedido,702-6907622-2749836,14-02SK-RART,Caderno De Anotações - 200 Pag - Flores Naturais,1.0,amazon.com.br,Boleto,Amazon,paraty,rj,23970.0,"49,90","8,90",0,"-8,90",0,"-6,49",0,0,0,"43,41",Janeiro,2026
26/01/2026,25605770561,Reembolso,702-3667649-9311409,YL-NANJ-F7TC,"Caderno Preto 20x20cm - Scrapbook Álbum De Fotos Preto 20 Folhas / 40 Páginas - Gramatura 200, Folhas Grossas",1.0,amazon.com.br,Crédito Mastercard e outros,Amazon,Recife,PE,51111.0,"-68,90",0,0,0,0,"6,62",0,0,0,"-62,28",Janeiro,2026
26/01/2026,25605818621,Pedido,701-2759778-9256215,CN-BSCD-6VWJ,"Caderno A5-1 Frase por pagina - 200 Paginas - Pautado - Estoicismo, filosofia",1.0,amazon.com.br,Elo,Amazon,Belo Horizonte,MG,30350.0,"52,90","4,45",0,"-4,45",0,"-6,88",0,0,0,"46,02",Janeiro,2026
26/01/2026,25605770561,Pedido,701-5379598-8393023,14-02SK-RART,Caderno De Anotações - 200 Pag - Flores Naturais,1.0,amazon.com.br,Crédito Mastercard e outros,Amazon,Botucatu,SP,18601.0,"49,90",0,0,0,0,"-6,49",0,0,0,"43,41",Janeiro,2026
26/01/2026,25604735971,Pedido,701-7072945-7815417,YL-NANJ-F7TC,"Caderno Preto 20x20cm - Scrapbook Álbum De Fotos Preto 20 Folhas / 40 Páginas - Gramatura 200, Folhas Grossas",1.0,amazon.com.br,Visa Crédito,Amazon,Manaus,AM,69057.0,"68,90",0,0,0,0,"-8,27",0,0,0,"60,63",Janeiro,2026
26/01/2026,25605770561,Pedido,701-9336000-8509015,0Q-EK6Z-SV84,"Planner 2026 Floral - Planejamento Anual com Roda da Vida A5, Gestão Financeira, Organização Pessoal, Metas e Saúde, Capa Dura Laminada, Agenda Se",1.0,amazon.com.br,Crédito Mastercard e outros,Vendedor,Contagem,MG,32310.0,"78,90",0,0,0,0,"-10,26",0,0,0,"68,64",Janeiro,2026
26/01/2026,25604729101,Pedido,701-4225734-2615438,YL-NANJ-F7TC,"Caderno Preto 20x20cm - Scrapbook Álbum De Fotos Preto 20 Folhas / 40 Páginas - Gramatura 200, Folhas Grossas",1.0,amazon.com.br,Boleto,Amazon,Goiânia,GO,74230.0,"68,90",0,0,0,0,"-8,27",0,0,0,"60,63",Janeiro,2026
26/01/2026,25605770561,Pedido,701-1066865-5401049,HJ-GKXE-8FVO,Agenda 2026 Cristã 1 Dia por Folha com Versículos Bíblicos 2026,1.0,amazon.com.br,Crédito Mastercard e outros,Amazon,Brasília,DF,70760.0,"58,90",0,0,0,0,"-7,66",0,0,0,"51,24",Janeiro,2026
26/01/2026,25604729101,Pedido,702-5676163-2039412,DV-9MDQ-YD9E,Scrapbook Álbum De Fotos Preto 20 Folhas / 40 Páginas,1.0,amazon.com.br,Boleto,Amazon,Volta Redonda,RJ,27250.0,"78,90","8,90",0,"-8,90",0,"-9,47",0,0,0,"69,43",Janeiro,2026
26/01/2026,25605818621,Pedido,702-1321083-1837043,YL-NANJ-F7TC,"Caderno Preto 20x20cm - Scrapbook Álbum De Fotos Preto 20 Folhas / 40 Páginas - Gramatura 200, Folhas Grossas",1.0,amazon.com.br,Elo,Amazon,Manaus,AM,69050.0,"68,90","0,87",0,"-0,87",0,"-8,27",0,0,0,"60,63",Janeiro,2026
26/01/2026,25605770561,Pedido,701-0287804-5503434,J7-1RCD-8P3P,Scrapbook Kraft 20x20: Crie Seu Álbum Artesanal Único,1.0,amazon.com.br,Crédito Mastercard e outros,Amazon,Curitiba,PR,82560.0,"68,90",0,0,0,0,"-8,27",0,0,0,"60,63",Janeiro,2026
26/01/2026,25532998891,Pedido,701-7774127-7409809,92-CTAN-4AJQ,Caderno Scrapbook - 20 Folhas - Livro De Assinatura Folhas Pretas 20x19 Álbum De Fotos Scrapbook Preto 40 Páginas - 20x19,1.0,amazon.com.br,Amex,Amazon,Manaus,AM,69060.0,"78,90",0,0,0,0,"-9,47",0,0,0,"69,43",Janeiro,2026
26/01/2026,25604735971,Pedido,701-5709224-1537051,0Q-EK6Z-SV84,"Planner 2026 Floral - Planejamento Anual com Roda da Vida A5, Gestão Financeira, Organização Pessoal, Metas e Saúde, Capa Dura Laminada, Agenda Se",1.0,amazon.com.br,Visa Crédito,Vendedor,Brasilia,Distrito Federal,71510.0,"78,90",0,0,0,0,"-10,26",0,0,0,"68,64",Janeiro,2026
26/01/2026,25604735971,Pedido,701-6759040-8189821,9X-HUC9-I83L,"Planner 2026 - Respire, floresça, torne-se - um planner para sua melhor versão!",1.0,amazon.com.br,Visa Crédito,Vendedor,Canoas,Rs,92030.0,"78,90",0,0,0,0,"-10,26",0,0,0,"68,64",Janeiro,2026
26/01/2026,25605770561,Pedido,701-9256051-0792203,9X-HUC9-I83L,"Planner 2026 - Respire, floresça, torne-se - um planner para sua melhor versão!",1.0,amazon.com.br,Crédito Mastercard e outros,Vendedor,Recife,PE,50060.0,"78,90","22,51",0,0,0,"-10,26",0,0,0,"91,15",Janeiro,2026
26/01/2026,25604735971,Pedido,702-9947985-4765848,4G-7YLB-CHKW,Planejamento Financeiro Pessoal - Planner Financeiro - Controle Financeiro (Preto 1),1.0,amazon.com.br,Visa Crédito,Amazon,São Paulo,SP,1232.0,"52,90",0,0,0,0,"-6,88",0,0,0,"46,02",Janeiro,2026
26/01/2026,25604729101,Pedido,702-2663335-4623422,EG-KOZD-5QLH,Caderno Para Controle Financeiro - Minhas Contas Organizadas,1.0,amazon.com.br,Boleto,Amazon,Belo Horizonte,MG,31742.0,"36,90","8,90",0,"-8,90",0,"-4,80",0,0,0,"32,10",Janeiro,2026
26/01/2026,25605770561,Pedido,701-4489844-8755441,CP-003,Planner Do Professor - Caderno Para Planejamento Escolar - Educação Infantil (Capa 3),1.0,amazon.com.br,Crédito Mastercard e outros,Vendedor,"Águas Claras, norte",DISTRITO FEDERAL,71901.0,"68,90",0,0,0,0,"-8,96",0,0,0,"59,94",Janeiro,2026
26/01/2026,25604735971,Pedido,701-3293873-5213869,14-02SK-RART,Caderno De Anotações - 200 Pag - Flores Naturais,2.0,amazon.com.br,Visa Crédito,Amazon,Campo Formoso,BA,44790.0,"99,80",0,0,0,0,"-12,98",0,0,0,"86,82",Janeiro,2026
26/01/2026,25605770561,Pedido,701-7197027-6278602,92-CTAN-4AJQ,Caderno Scrapbook - 20 Folhas - Livro De Assinatura Folhas Pretas 20x19 Álbum De Fotos Scrapbook Preto 40 Páginas - 20x19,1.0,amazon.com.br,Crédito Mastercard e outros,Amazon,Manaus,AM,69060.0,"78,90",0,0,0,0,"-9,47",0,0,0,"69,43",Janeiro,2026
26/01/2026,25605770561,Pedido,702-1729930-4605841,BT-HCTV-ZOJY,"Planner 2026 Napolitano - Planejamento Anual com Roda da Vida A5, Gestão Financeira, Organização Pessoal, Metas e Saúde, Capa Dura Laminada, Agend",2.0,amazon.com.br,Crédito Mastercard e outros,Vendedor,Marau,RS,99150.0,"157,80",0,0,0,0,"-20,52",0,0,0,"137,28",Janeiro,2026
26/01/2026,25604735971,Pedido,701-6655819-4376214,WC-0G0K-5CCC,"Planner Financeiro Mensal Datado 2026, Roda Da Vida A5 -Planejamento anual, Organização pessoal Metas e objetivos, Gestão financeira Monitoramento",1.0,amazon.com.br,Visa Crédito,Vendedor,Rio das Ostras,RJ,28895.0,"75,90",0,0,0,0,"-9,87",0,0,0,"66,03",Janeiro,2026
26/01/2026,25605770561,Serviços de Envio,701-0400090-1493854,,Tarifa de manuseio com base no peso Delivery by Amazon,,Amazon.com.br,Crédito Mastercard e outros,Vendedor,,,,0,0,0,0,0,0,0,"-6,75",0,"-6,75",Janeiro,2026
26/01/2026,25605770561,Serviços de Envio,701-0400090-1493854,,Estorno do frete pago pelo comprador,,Amazon.com.br,Crédito Mastercard e outros,Vendedor,,,,0,0,0,0,0,0,0,0,0,0,Janeiro,2026
26/01/2026,25605770561,Serviços de Envio,701-0219329-8576266,,Tarifa de manuseio com base no peso Delivery by Amazon,,Amazon.com.br,Crédito Mastercard e outros,Vendedor,,,,0,0,0,0,0,0,0,"-6,75",0,"-6,75",Janeiro,2026
26/01/2026,25605770561,Serviços de Envio,701-0219329-8576266,,Estorno do frete pago pelo comprador,,Amazon.com.br,Crédito Mastercard e outros,Vendedor,,,,0,0,0,0,0,0,0,"-21,80",0,"-21,80",Janeiro,2026
26/01/2026,25605770561,Serviços de Envio,702-9211899-2917019,,Tarifa de manuseio com base no peso Delivery by Amazon,,Amazon.com.br,Crédito Mastercard e outros,Vendedor,,,,0,0,0,0,0,0,0,"-6,75",0,"-6,75",Janeiro,2026
26/01/2026,25605770561,Serviços de Envio,702-9211899-2917019,,Estorno do frete pago pelo comprador,,Amazon.com.br,Crédito Mastercard e outros,Vendedor,,,,0,0,0,0,0,0,0,0,0,0,Janeiro,2026
26/01/2026,25605770561,Serviços de Envio,701-7744349-9929063,,Tarifa de manuseio com base no peso Delivery by Amazon,,Amazon.com.br,Crédito Mastercard e outros,Vendedor,,,,0,0,0,0,0,0,0,"-6,75",0,"-6,75",Janeiro,2026
26/01/2026,25605770561,Serviços de Envio,701-7744349-9929063,,Estorno do frete pago pelo comprador,,Amazon.com.br,Crédito Mastercard e outros,Vendedor,,,,0,0,0,0,0,0,0,0,0,0,Janeiro,2026
26/01/2026,25605770561,Serviços de Envio,702-8423162-3230645,,Tarifa de manuseio com base no peso Delivery by Amazon,,Amazon.com.br,Crédito Mastercard e outros,Vendedor,,,,0,0,0,0,0,0,0,"-6,75",0,"-6,75",Janeiro,2026
26/01/2026,25605770561,Serviços de Envio,702-8423162-3230645,,Estorno do frete pago pelo comprador,,Amazon.com.br,Crédito Mastercard e outros,Vendedor,,,,0,0,0,0,0,0,0,0,0,0,Janeiro,2026
26/01/2026,25605770561,Serviços de Envio,702-7485831-8368258,,Tarifa de manuseio com base no peso Delivery by Amazon,,Amazon.com.br,Crédito Mastercard e outros,Vendedor,,,,0,0,0,0,0,0,0,"-6,75",0,"-6,75",Janeiro,2026
26/01/2026,25605770561,Serviços de Envio,702-7485831-8368258,,Estorno do frete pago pelo comprador,,Amazon.com.br,Crédito Mastercard e outros,Vendedor,,,,0,0,0,0,0,0,0,0,0,0,Janeiro,2026
26/01/2026,25605770561,Serviços de Envio,701-3040883-0125058,,Tarifa de manuseio com base no peso Delivery by Amazon,,Amazon.com.br,Crédito Mastercard e outros,Vendedor,,,,0,0,0,0,0,0,0,"-6,75",0,"-6,75",Janeiro,2026
26/01/2026,25605770561,Serviços de Envio,701-3040883-0125058,,Estorno do frete pago pelo comprador,,Amazon.com.br,Crédito Mastercard e outros,Vendedor,,,,0,0,0,0,0,0,0,0,0,0,Janeiro,2026
26/01/2026,25605770561,Serviços de Envio,702-7815906-8789015,,Tarifa de manuseio com base no peso Delivery by Amazon,,Amazon.com.br,Crédito Mastercard e outros,Vendedor,,,,0,0,0,0,0,0,0,"-6,75",0,"-6,75",Janeiro,2026
26/01/2026,25605770561,Serviços de Envio,702-7815906-8789015,,Estorno do frete pago pelo comprador,,Amazon.com.br,Crédito Mastercard e outros,Vendedor,,,,0,0,0,0,0,0,0,0,0,0,Janeiro,2026
26/01/2026,25605770561,Serviços de Envio,702-0231756-6049052,,Tarifa de manuseio com base no peso Delivery by Amazon,,Amazon.com.br,Crédito Mastercard e outros,Vendedor,,,,0,0,0,0,0,0,0,"-6,75",0,"-6,75",Janeiro,2026
26/01/2026,25605770561,Serviços de Envio,702-0231756-6049052,,Estorno do frete pago pelo comprador,,Amazon.com.br,Crédito Mastercard e outros,Vendedor,,,,0,0,0,0,0,0,0,0,0,0,Janeiro,2026
26/01/2026,25605770561,Serviços de Envio,702-2358666-5905806,,Tarifa de manuseio com base no peso Delivery by Amazon,,Amazon.com.br,Crédito Mastercard e outros,Vendedor,,,,0,0,0,0,0,0,0,"-6,75",0,"-6,75",Janeiro,2026
26/01/2026,25605770561,Serviços de Envio,702-2358666-5905806,,Estorno do frete pago pelo comprador,,Amazon.com.br,Crédito Mastercard e outros,Vendedor,,,,0,0,0,0,0,0,0,0,0,0,Janeiro,2026
26/01/2026,25605770561,Serviços de Envio,702-4212282-6889860,,Tarifa de manuseio com base no peso Delivery by Amazon,,Amazon.com.br,Crédito Mastercard e outros,Vendedor,,,,0,0,0,0,0,0,0,"-6,75",0,"-6,75",Janeiro,2026
26/01/2026,25605770561,Serviços de Envio,702-4212282-6889860,,Estorno do frete pago pelo comprador,,Amazon.com.br,Crédito Mastercard e outros,Vendedor,,,,0,0,0,0,0,0,0,0,0,0,Janeiro,2026
26/01/2026,25605770561,Serviços de Envio,701-0715555-0977825,,Tarifa de manuseio com base no peso Delivery by Amazon,,Amazon.com.br,Crédito Mastercard e outros,Vendedor,,,,0,0,0,0,0,0,0,"-6,75",0,"-6,75",Janeiro,2026
26/01/2026,25605770561,Serviços de Envio,701-0715555-0977825,,Estorno do frete pago pelo comprador,,Amazon.com.br,Crédito Mastercard e outros,Vendedor,,,,0,0,0,0,0,0,0,0,0,0,Janeiro,2026
26/01/2026,25605770561,Serviços de Envio,702-8118894-2445820,,Tarifa de manuseio com base no peso Delivery by Amazon,,Amazon.com.br,Crédito Mastercard e outros,Vendedor,,,,0,0,0,0,0,0,0,"-6,75",0,"-6,75",Janeiro,2026
26/01/2026,25605770561,Serviços de Envio,702-8118894-2445820,,Estorno do frete pago pelo comprador,,Amazon.com.br,Crédito Mastercard e outros,Vendedor,,,,0,0,0,0,0,0,0,0,0,0,Janeiro,2026
26/01/2026,25605770561,Serviços de Envio,701-2874895-7211453,,Tarifa de manuseio com base no peso Delivery by Amazon,,Amazon.com.br,Crédito Mastercard e outros,Vendedor,,,,0,0,0,0,0,0,0,"-6,75",0,"-6,75",Janeiro,2026
26/01/2026,25605770561,Serviços de Envio,701-2874895-7211453,,Estorno do frete pago pelo comprador,,Amazon.com.br,Crédito Mastercard e outros,Vendedor,,,,0,0,0,0,0,0,0,0,0,0,Janeiro,2026
26/01/2026,25605770561,Serviços de Envio,702-5404483-1785813,,Tarifa de manuseio com base no peso Delivery by Amazon,,Amazon.com.br,Crédito Mastercard e outros,Vendedor,,,,0,0,0,0,0,0,0,"-6,75",0,"-6,75",Janeiro,2026
26/01/2026,25605770561,Serviços de Envio,702-5404483-1785813,,Estorno do frete pago pelo comprador,,Amazon.com.br,Crédito Mastercard e outros,Vendedor,,,,0,0,0,0,0,0,0,0,0,0,Janeiro,2026
26/01/2026,25605770561,Serviços de Envio,701-2437483-9336245,,Tarifa de manuseio com base no peso Delivery by Amazon,,Amazon.com.br,Crédito Mastercard e outros,Vendedor,,,,0,0,0,0,0,0,0,"-6,75",0,"-6,75",Janeiro,2026
26/01/2026,25605770561,Serviços de Envio,701-2437483-9336245,,Estorno do frete pago pelo comprador,,Amazon.com.br,Crédito Mastercard e outros,Vendedor,,,,0,0,0,0,0,0,0,0,0,0,Janeiro,2026
26/01/2026,25605770561,Serviços de Envio,702-6954164-0842626,,Tarifa de manuseio com base no peso Delivery by Amazon,,Amazon.com.br,Crédito Mastercard e outros,Vendedor,,,,0,0,0,0,0,0,0,"-6,75",0,"-6,75",Janeiro,2026
26/01/2026,25605770561,Serviços de Envio,702-6954164-0842626,,Estorno do frete pago pelo comprador,,Amazon.com.br,Crédito Mastercard e outros,Vendedor,,,,0,0,0,0,0,0,0,0,0,0,Janeiro,2026
26/01/2026,25605770561,Serviços de Envio,702-1921675-7242606,,Tarifa de manuseio com base no peso Delivery by Amazon,,Amazon.com.br,Crédito Mastercard e outros,Vendedor,,,,0,0,0,0,0,0,0,"-6,75",0,"-6,75",Janeiro,2026
26/01/2026,25605770561,Serviços de Envio,702-1921675-7242606,,Estorno do frete pago pelo comprador,,Amazon.com.br,Crédito Mastercard e outros,Vendedor,,,,0,0,0,0,0,0,0,0,0,0,Janeiro,2026
26/01/2026,25605770561,Serviços de Envio,702-9803760-0765054,,Tarifa de manuseio com base no peso Delivery by Amazon,,Amazon.com.br,Crédito Mastercard e outros,Vendedor,,,,0,0,0,0,0,0,0,"-6,75",0,"-6,75",Janeiro,2026
26/01/2026,25605770561,Serviços de Envio,702-9803760-0765054,,Estorno do frete pago pelo comprador,,Amazon.com.br,Crédito Mastercard e outros,Vendedor,,,,0,0,0,0,0,0,0,0,0,0,Janeiro,2026
26/01/2026,25605770561,Serviços de Envio,702-6690305-7673004,,Tarifa de manuseio com base no peso Delivery by Amazon,,Amazon.com.br,Crédito Mastercard e outros,Vendedor,,,,0,0,0,0,0,0,0,"-6,75",0,"-6,75",Janeiro,2026
26/01/2026,25605770561,Serviços de Envio,702-6690305-7673004,,Estorno do frete pago pelo comprador,,Amazon.com.br,Crédito Mastercard e outros,Vendedor,,,,0,0,0,0,0,0,0,0,0,0,Janeiro,2026
26/01/2026,25605770561,Serviços de Envio,702-5588398-6808211,,Tarifa de manuseio com base no peso Delivery by Amazon,,Amazon.com.br,Crédito Mastercard e outros,Vendedor,,,,0,0,0,0,0,0,0,"-6,75",0,"-6,75",Janeiro,2026
26/01/2026,25605770561,Serviços de Envio,702-5588398-6808211,,Estorno do frete pago pelo comprador,,Amazon.com.br,Crédito Mastercard e outros,Vendedor,,,,0,0,0,0,0,0,0,0,0,0,Janeiro,2026
26/01/2026,25605770561,Serviços de Envio,702-1596990-1545013,,Tarifa de manuseio com base no peso Delivery by Amazon,,Amazon.com.br,Crédito Mastercard e outros,Vendedor,,,,0,0,0,0,0,0,0,"-6,75",0,"-6,75",Janeiro,2026
26/01/2026,25605770561,Serviços de Envio,702-1596990-1545013,,Estorno do frete pago pelo comprador,,Amazon.com.br,Crédito Mastercard e outros,Vendedor,,,,0,0,0,0,0,0,0,0,0,0,Janeiro,2026
26/01/2026,25605770561,Serviços de Envio,701-3638371-7525031,,Tarifa de manuseio com base no peso Delivery by Amazon,,Amazon.com.br,Crédito Mastercard e outros,Vendedor,,,,0,0,0,0,0,0,0,"-6,75",0,"-6,75",Janeiro,2026
26/01/2026,25605770561,Serviços de Envio,701-3638371-7525031,,Estorno do frete pago pelo comprador,,Amazon.com.br,Crédito Mastercard e outros,Vendedor,,,,0,0,0,0,0,0,0,0,0,0,Janeiro,2026
26/01/2026,25605770561,Serviços de Envio,701-7570673-0560230,,Tarifa de manuseio com base no peso Delivery by Amazon,,Amazon.com.br,Crédito Mastercard e outros,Vendedor,,,,0,0,0,0,0,0,0,"-6,75",0,"-6,75",Janeiro,2026
26/01/2026,25605770561,Serviços de Envio,701-7570673-0560230,,Estorno do frete pago pelo comprador,,Amazon.com.br,Crédito Mastercard e outros,Vendedor,,,,0,0,0,0,0,0,0,0,0,0,Janeiro,2026
26/01/2026,25605770561,Serviços de Envio,701-2981464-8093813,,Tarifa de manuseio com base no peso Delivery by Amazon,,Amazon.com.br,Crédito Mastercard e outros,Vendedor,,,,0,0,0,0,0,0,0,"-6,75",0,"-6,75",Janeiro,2026
26/01/2026,25605770561,Serviços de Envio,701-2981464-8093813,,Estorno do frete pago pelo comprador,,Amazon.com.br,Crédito Mastercard e outros,Vendedor,,,,0,0,0,0,0,0,0,0,0,0,Janeiro,2026
26/01/2026,25605770561,Serviços de Envio,701-8735554-2411444,,Tarifa de manuseio com base no peso Delivery by Amazon,,Amazon.com.br,Crédito Mastercard e outros,Vendedor,,,,0,0,0,0,0,0,0,"-13,00",0,"-13,00",Janeiro,2026
26/01/2026,25605770561,Serviços de Envio,701-8735554-2411444,,Estorno do frete pago pelo comprador,,Amazon.com.br,Crédito Mastercard e outros,Vendedor,,,,0,0,0,0,0,0,0,0,0,0,Janeiro,2026
26/01/2026,25605770561,Serviços de Envio,702-7025347-5350654,,Tarifa de manuseio com base no peso Delivery by Amazon,,Amazon.com.br,Crédito Mastercard e outros,Vendedor,,,,0,0,0,0,0,0,0,"-6,75",0,"-6,75",Janeiro,2026
26/01/2026,25605770561,Serviços de Envio,702-7025347-5350654,,Estorno do frete pago pelo comprador,,Amazon.com.br,Crédito Mastercard e outros,Vendedor,,,,0,0,0,0,0,0,0,"-21,84",0,"-21,84",Janeiro,2026
26/01/2026,25605770561,Serviços de Envio,702-8162795-4116250,,Tarifa de manuseio com base no peso Delivery by Amazon,,Amazon.com.br,Crédito Mastercard e outros,Vendedor,,,,0,0,0,0,0,0,0,"-6,75",0,"-6,75",Janeiro,2026
26/01/2026,25605770561,Serviços de Envio,702-8162795-4116250,,Estorno do frete pago pelo comprador,,Amazon.com.br,Crédito Mastercard e outros,Vendedor,,,,0,0,0,0,0,0,0,0,0,0,Janeiro,2026
26/01/2026,25604729101,Reembolso,701-7551366-9001845,0Q-EK6Z-SV84,"Planner 2026 Floral - Planejamento Anual com Roda da Vida A5, Gestão Financeira, Organização Pessoal, Metas e Saúde, Capa Dura Laminada, Agenda Se",1.0,amazon.com.br,Boleto,Vendedor,Belo Horizonte,MG,31540.0,"-78,90",0,0,0,0,"8,21",0,0,0,"-70,69",Janeiro,2026
26/01/2026,25605770561,Pedido,701-2522013-8065058,MQ-STXD-11EM,"Planner Premium 2026 - Planejamento Anual com Roda da Vida A5, Gestão Financeira, Organização Pessoal, Metas e Saúde, Capa Dura Laminada, Agenda S",1.0,amazon.com.br,Crédito Mastercard e outros,Vendedor,Belo Horizonte,MG,30620.0,"68,90",0,0,0,0,"-8,96",0,0,0,"59,94",Janeiro,2026
26/01/2026,25604729101,Reembolso,702-4901301-1753869,2M-II9L-1YU1,"Caderno A5 SEM PAUTA, 21x14cm, 80 Folhas, 90G",1.0,amazon.com.br,Boleto,Amazon,São Marcos,Rio Grande do Sul,95190.0,"-35,90","-6,23",0,"6,23",0,"3,74",0,0,0,"-32,16",Janeiro,2026
26/01/2026,25604735971,Pedido,702-1650110-8837800,VW-M9WL-7RY7,Caderno Scrapbook - Kraft - 20 Folhas - 20x20cm - Bege - Sem Pauta - Folhas Grossas - Album de Fotos - Album de fotos artesanal - Scrapbook colagem de,1.0,amazon.com.br,Visa Crédito,Vendedor,Porto Alegre,RS,91370.0,"58,90",0,0,0,0,"-7,07",0,0,0,"51,83",Janeiro,2026
26/01/2026,25604735971,Pedido,701-8927798-6908265,4S-C6M7-1NCT,Planner 2026 Amarelo - Life Capa Dura com Controle Financeiro e Roda da Vida,1.0,amazon.com.br,Visa Crédito,Vendedor,Recife,PE,52040.0,"78,90","21,57",0,0,0,"-10,26",0,0,0,"90,21",Janeiro,2026
26/01/2026,25604729101,Pedido,701-8669344-2629805,WC-0G0K-5CCC,"Planner Financeiro Mensal Datado 2026, Roda Da Vida A5 -Planejamento anual, Organização pessoal Metas e objetivos, Gestão financeira Monitoramento",1.0,amazon.com.br,Boleto,Vendedor,Contagem,MG,32341.0,"75,90",0,0,0,0,"-9,87",0,0,0,"66,03",Janeiro,2026
26/01/2026,25604735971,Pedido,701-5820955-2478654,0D-3OVY-QX9W,Planner 2026 - Life Capa Dura com Controle Financeiro e Roda da Vida (Capa 01),1.0,amazon.com.br,Visa Crédito,Amazon,Salvador,BA,40290.0,"59,90",0,0,0,0,"-7,79",0,0,0,"52,11",Janeiro,2026
26/01/2026,25604729101,Pedido,702-7546417-9815449,0Q-EK6Z-SV84,"Planner 2026 Floral - Planejamento Anual com Roda da Vida A5, Gestão Financeira, Organização Pessoal, Metas e Saúde, Capa Dura Laminada, Agenda Se",1.0,amazon.com.br,Boleto,Vendedor,São Luís,MA,65075.0,"78,90","22,02",0,0,0,"-10,26",0,0,0,"90,66",Janeiro,2026
26/01/2026,25605770561,Reembolso,701-2522013-8065058,MQ-STXD-11EM,"Planner Premium 2026 - Planejamento Anual com Roda da Vida A5, Gestão Financeira, Organização Pessoal, Metas e Saúde, Capa Dura Laminada, Agenda S",1.0,amazon.com.br,Crédito Mastercard e outros,Vendedor,Belo Horizonte,MG,30620.0,"-68,90",0,0,0,0,"7,17",0,0,0,"-61,73",Janeiro,2026
27/01/2026,25605770561,Pedido,702-7201454-5561869,DS-AD46-QLZ8,Planner Semanal para o Ano Todo - Várias Capas Lindas!,1.0,amazon.com.br,Crédito Mastercard e outros,Amazon,Goiânia,Go,74810.0,"58,90",0,0,0,0,"-7,66",0,0,0,"51,24",Janeiro,2026
27/01/2026,25604735971,Pedido,701-7464198-4263467,DS-AD46-QLZ8,Planner Semanal para o Ano Todo - Várias Capas Lindas!,1.0,amazon.com.br,Visa Crédito,Amazon,Cuiabá,MT,78040.0,"49,90","8,90",0,"-8,90",0,"-6,49",0,0,0,"43,41",Janeiro,2026
27/01/2026,25604729101,Pedido,702-6623403-7288225,RA-KICF-0Q47,"Caderno Preto 20x20cm - Scrapbook Álbum De Fotos Preto 20 Folhas / 40 Páginas - Gramatura 200, Folhas Grossas",1.0,amazon.com.br,Boleto,Vendedor,Rio das Ostras,RJ,28893.0,"58,90",0,0,0,0,"-7,07",0,0,0,"51,83",Janeiro,2026
27/01/2026,25605770561,Pedido,701-9701737-9898622,14-02SK-RART,Caderno De Anotações - 200 Pag - Flores Naturais,2.0,amazon.com.br,Crédito Mastercard e outros,Amazon,Betim,MG,32604.0,"99,80","8,90",0,"-8,90",0,"-12,98",0,0,0,"86,82",Janeiro,2026
27/01/2026,25604729101,Pedido,702-7194710-9552269,MQ-STXD-11EM,"Planner Premium 2026 - Planejamento Anual com Roda da Vida A5, Gestão Financeira, Organização Pessoal, Metas e Saúde, Capa Dura Laminada, Agenda S",1.0,amazon.com.br,Boleto,Vendedor,Guarujá,SP,11430.0,"68,90",0,0,0,0,"-8,96",0,0,0,"59,94",Janeiro,2026
27/01/2026,25604735971,Pedido,701-3109808-2816239,VQ-0TZ7-QK96,Planner 2026 - Floresça que inspira leveza e organização!,1.0,amazon.com.br,Visa Crédito,Vendedor,ANGRA DOS REIS,RJ,23954.0,"78,90",0,0,0,0,"-10,26",0,0,0,"68,64",Janeiro,2026
27/01/2026,25605818621,Pedido,702-3875967-9588229,0Q-EK6Z-SV84,"Planner 2026 Floral - Planejamento Anual com Roda da Vida A5, Gestão Financeira, Organização Pessoal, Metas e Saúde, Capa Dura Laminada, Agenda Se",1.0,amazon.com.br,Elo,Vendedor,florianópolis,sc,88025.0,"78,90",0,0,0,0,"-10,26",0,0,0,"68,64",Janeiro,2026
27/01/2026,25604729101,Pedido,702-4901301-1753869,2M-II9L-1YU1,"Caderno A5 SEM PAUTA, 21x14cm, 80 Folhas, 90G",1.0,amazon.com.br,Boleto,Amazon,São Marcos,Rio Grande do Sul,95190.0,"35,90","6,23",0,"-6,23",0,"-4,67",0,0,0,"31,23",Janeiro,2026
27/01/2026,25605770561,Pedido,702-1696529-3796233,MQ-STXD-11EM,"Planner Premium 2026 - Planejamento Anual com Roda da Vida A5, Gestão Financeira, Organização Pessoal, Metas e Saúde, Capa Dura Laminada, Agenda S",1.0,amazon.com.br,Crédito Mastercard e outros,Vendedor,Curitibanos,SC,89520.0,"68,90",0,0,0,0,"-8,96",0,0,0,"59,94",Janeiro,2026
27/01/2026,25604729101,Pedido,701-9347376-3917851,V7-N8TP-MCL5,Album fotografico scrapbook - Coleção Corações (Vermelho),1.0,amazon.com.br,Boleto,Vendedor,Constantina,RS,99680.0,"78,90",0,0,0,0,"-10,26",0,0,0,"68,64",Janeiro,2026
27/01/2026,25604729101,Pedido,702-2170345-4141802,92-CTAN-4AJQ,Caderno Scrapbook - 20 Folhas - Livro De Assinatura Folhas Pretas 20x19 Álbum De Fotos Scrapbook Preto 40 Páginas - 20x19,1.0,amazon.com.br,Boleto,Amazon,Manaus,Am,69057.0,"78,90",0,0,0,0,"-9,47",0,0,0,"69,43",Janeiro,2026
27/01/2026,25605770561,Pedido,702-5410472-9702645,J7-1RCD-8P3P,Scrapbook Kraft 20x20: Crie Seu Álbum Artesanal Único,1.0,amazon.com.br,Crédito Mastercard e outros,Amazon,Boa Vista,RR,69316.0,"68,90",0,0,0,0,"-8,27",0,0,0,"60,63",Janeiro,2026
27/01/2026,25605770561,Pedido,702-9504797-2890623,14-02SK-RART,Caderno De Anotações - 200 Pag - Flores Naturais,1.0,amazon.com.br,Crédito Mastercard e outros,Amazon,Brasília,DF,72428.0,"49,90",0,0,0,0,"-6,49",0,0,0,"43,41",Janeiro,2026
27/01/2026,25605770561,Pedido,701-6499375-2453842,V1-M81P-IY8O,Planner Pessoal Permanente - Comece Quando Quiser!,1.0,amazon.com.br,Crédito Mastercard e outros,Vendedor,Manaus,AM,69028.0,"78,90","34,49",0,0,0,"-10,26",0,0,0,"103,13",Janeiro,2026
27/01/2026,25605770561,Pedido,702-5631100-9362604,0Q-EK6Z-SV84,"Planner 2026 Floral - Planejamento Anual com Roda da Vida A5, Gestão Financeira, Organização Pessoal, Metas e Saúde, Capa Dura Laminada, Agenda Se",1.0,amazon.com.br,Crédito Mastercard e outros,Vendedor,Manaus,AM,69058.0,"78,90","35,99",0,0,0,"-10,26",0,0,0,"104,63",Janeiro,2026
27/01/2026,25604729101,Reembolso,701-1318812-2969047,MQ-STXD-11EM,"Planner Premium 2026 - Planejamento Anual com Roda da Vida A5, Gestão Financeira, Organização Pessoal, Metas e Saúde, Capa Dura Laminada, Agenda S",1.0,amazon.com.br,Boleto,Vendedor,Maceió,AL,57062.0,"-68,90","-21,80",0,0,0,"7,17",0,0,0,"-83,53",Janeiro,2026
27/01/2026,25604729101,Pedido,701-6281453-6525067,S1-SAO6-CBNU,"Planner Financeiro Mensal Datado 2026, Roda Da Vida A5 - Planner premium Agenda 2026 Planejamento anual Organização pessoal Metas e objetivos Gestã",1.0,amazon.com.br,Boleto,Vendedor,São Paulo,SP,5524.0,"78,90",0,0,0,0,"-10,26",0,0,0,"68,64",Janeiro,2026
27/01/2026,25605770561,Pedido,702-0382839-9863441,EG-KOZD-5QLH,Caderno Para Controle Financeiro - Minhas Contas Organizadas,1.0,amazon.com.br,Crédito Mastercard e outros,Amazon,Barbalha,CE,63090.0,"52,90","8,90",0,"-8,90",0,"-6,88",0,0,0,"46,02",Janeiro,2026
27/01/2026,25605770561,Serviços de Envio,701-8505809-5728256,,Tarifa de manuseio com base no peso Delivery by Amazon,,Amazon.com.br,Crédito Mastercard e outros,Vendedor,,,,0,0,0,0,0,0,0,"-6,75",0,"-6,75",Janeiro,2026
27/01/2026,25605770561,Serviços de Envio,701-8505809-5728256,,Estorno do frete pago pelo comprador,,Amazon.com.br,Crédito Mastercard e outros,Vendedor,,,,0,0,0,0,0,0,0,0,0,0,Janeiro,2026
27/01/2026,25605770561,Serviços de Envio,701-2278606-1573045,,Tarifa de manuseio com base no peso Delivery by Amazon,,Amazon.com.br,Crédito Mastercard e outros,Vendedor,,,,0,0,0,0,0,0,0,"-6,75",0,"-6,75",Janeiro,2026
27/01/2026,25605770561,Serviços de Envio,701-2278606-1573045,,Estorno do frete pago pelo comprador,,Amazon.com.br,Crédito Mastercard e outros,Vendedor,,,,0,0,0,0,0,0,0,0,0,0,Janeiro,2026
27/01/2026,25605770561,Serviços de Envio,702-4228394-1185021,,Tarifa de manuseio com base no peso Delivery by Amazon,,Amazon.com.br,Crédito Mastercard e outros,Vendedor,,,,0,0,0,0,0,0,0,"-6,75",0,"-6,75",Janeiro,2026
27/01/2026,25605770561,Serviços de Envio,702-4228394-1185021,,Estorno do frete pago pelo comprador,,Amazon.com.br,Crédito Mastercard e outros,Vendedor,,,,0,0,0,0,0,0,0,0,0,0,Janeiro,2026
27/01/2026,25605770561,Serviços de Envio,701-2170624-8585841,,Tarifa de manuseio com base no peso Delivery by Amazon,,Amazon.com.br,Crédito Mastercard e outros,Vendedor,,,,0,0,0,0,0,0,0,"-15,00",0,"-15,00",Janeiro,2026
27/01/2026,25605770561,Serviços de Envio,701-2170624-8585841,,Estorno do frete pago pelo comprador,,Amazon.com.br,Crédito Mastercard e outros,Vendedor,,,,0,0,0,0,0,0,0,0,0,0,Janeiro,2026
27/01/2026,25605770561,Serviços de Envio,702-2714568-8838620,,Tarifa de manuseio com base no peso Delivery by Amazon,,Amazon.com.br,Crédito Mastercard e outros,Vendedor,,,,0,0,0,0,0,0,0,"-6,75",0,"-6,75",Janeiro,2026
27/01/2026,25605770561,Serviços de Envio,702-2714568-8838620,,Estorno do frete pago pelo comprador,,Amazon.com.br,Crédito Mastercard e outros,Vendedor,,,,0,0,0,0,0,0,0,0,0,0,Janeiro,2026
27/01/2026,25605770561,Serviços de Envio,701-0419099-0846626,,Tarifa de manuseio com base no peso Delivery by Amazon,,Amazon.com.br,Crédito Mastercard e outros,Vendedor,,,,0,0,0,0,0,0,0,"-6,75",0,"-6,75",Janeiro,2026
27/01/2026,25605770561,Serviços de Envio,701-0419099-0846626,,Estorno do frete pago pelo comprador,,Amazon.com.br,Crédito Mastercard e outros,Vendedor,,,,0,0,0,0,0,0,0,0,0,0,Janeiro,2026
27/01/2026,25605770561,Serviços de Envio,702-6651458-9924226,,Tarifa de manuseio com base no peso Delivery by Amazon,,Amazon.com.br,Crédito Mastercard e outros,Vendedor,,,,0,0,0,0,0,0,0,"-6,75",0,"-6,75",Janeiro,2026
27/01/2026,25605770561,Serviços de Envio,702-6651458-9924226,,Estorno do frete pago pelo comprador,,Amazon.com.br,Crédito Mastercard e outros,Vendedor,,,,0,0,0,0,0,0,0,0,0,0,Janeiro,2026
27/01/2026,25605770561,Serviços de Envio,701-5534708-2788235,,Tarifa de manuseio com base no peso Delivery by Amazon,,Amazon.com.br,Crédito Mastercard e outros,Vendedor,,,,0,0,0,0,0,0,0,"-6,75",0,"-6,75",Janeiro,2026
27/01/2026,25605770561,Serviços de Envio,701-5534708-2788235,,Estorno do frete pago pelo comprador,,Amazon.com.br,Crédito Mastercard e outros,Vendedor,,,,0,0,0,0,0,0,0,0,0,0,Janeiro,2026
27/01/2026,25605770561,Serviços de Envio,702-7088472-5305847,,Tarifa de manuseio com base no peso Delivery by Amazon,,Amazon.com.br,Crédito Mastercard e outros,Vendedor,,,,0,0,0,0,0,0,0,"-6,75",0,"-6,75",Janeiro,2026
27/01/2026,25605770561,Serviços de Envio,702-7088472-5305847,,Estorno do frete pago pelo comprador,,Amazon.com.br,Crédito Mastercard e outros,Vendedor,,,,0,0,0,0,0,0,0,0,0,0,Janeiro,2026
27/01/2026,25605770561,Serviços de Envio,702-1935522-6553054,,Tarifa de manuseio com base no peso Delivery by Amazon,,Amazon.com.br,Crédito Mastercard e outros,Vendedor,,,,0,0,0,0,0,0,0,"-6,75",0,"-6,75",Janeiro,2026
27/01/2026,25605770561,Serviços de Envio,702-1935522-6553054,,Estorno do frete pago pelo comprador,,Amazon.com.br,Crédito Mastercard e outros,Vendedor,,,,0,0,0,0,0,0,0,0,0,0,Janeiro,2026
27/01/2026,25605770561,Serviços de Envio,702-4954002-3626638,,Tarifa de manuseio com base no peso Delivery by Amazon,,Amazon.com.br,Crédito Mastercard e outros,Vendedor,,,,0,0,0,0,0,0,0,"-6,75",0,"-6,75",Janeiro,2026
27/01/2026,25605770561,Serviços de Envio,702-4954002-3626638,,Estorno do frete pago pelo comprador,,Amazon.com.br,Crédito Mastercard e outros,Vendedor,,,,0,0,0,0,0,0,0,0,0,0,Janeiro,2026
27/01/2026,25605770561,Serviços de Envio,701-9591971-7799425,,Tarifa de manuseio com base no peso Delivery by Amazon,,Amazon.com.br,Crédito Mastercard e outros,Vendedor,,,,0,0,0,0,0,0,0,"-6,75",0,"-6,75",Janeiro,2026
27/01/2026,25605770561,Serviços de Envio,701-9591971-7799425,,Estorno do frete pago pelo comprador,,Amazon.com.br,Crédito Mastercard e outros,Vendedor,,,,0,0,0,0,0,0,0,0,0,0,Janeiro,2026
27/01/2026,25605770561,Serviços de Envio,702-7183051-4518639,,Tarifa de manuseio com base no peso Delivery by Amazon,,Amazon.com.br,Crédito Mastercard e outros,Vendedor,,,,0,0,0,0,0,0,0,"-6,75",0,"-6,75",Janeiro,2026
27/01/2026,25605770561,Serviços de Envio,702-7183051-4518639,,Estorno do frete pago pelo comprador,,Amazon.com.br,Crédito Mastercard e outros,Vendedor,,,,0,0,0,0,0,0,0,0,0,0,Janeiro,2026
27/01/2026,25605770561,Serviços de Envio,702-7507865-5551427,,Tarifa de manuseio com base no peso Delivery by Amazon,,Amazon.com.br,Crédito Mastercard e outros,Vendedor,,,,0,0,0,0,0,0,0,"-6,75",0,"-6,75",Janeiro,2026
27/01/2026,25605770561,Serviços de Envio,702-7507865-5551427,,Estorno do frete pago pelo comprador,,Amazon.com.br,Crédito Mastercard e outros,Vendedor,,,,0,0,0,0,0,0,0,0,0,0,Janeiro,2026
27/01/2026,25605770561,Serviços de Envio,701-4009768-9478655,,Tarifa de manuseio com base no peso Delivery by Amazon,,Amazon.com.br,Crédito Mastercard e outros,Vendedor,,,,0,0,0,0,0,0,0,"-6,75",0,"-6,75",Janeiro,2026
27/01/2026,25605770561,Serviços de Envio,701-4009768-9478655,,Estorno do frete pago pelo comprador,,Amazon.com.br,Crédito Mastercard e outros,Vendedor,,,,0,0,0,0,0,0,0,0,0,0,Janeiro,2026
27/01/2026,25605770561,Serviços de Envio,702-1553739-2712240,,Tarifa de manuseio com base no peso Delivery by Amazon,,Amazon.com.br,Crédito Mastercard e outros,Vendedor,,,,0,0,0,0,0,0,0,"-6,75",0,"-6,75",Janeiro,2026
27/01/2026,25605770561,Serviços de Envio,702-1553739-2712240,,Estorno do frete pago pelo comprador,,Amazon.com.br,Crédito Mastercard e outros,Vendedor,,,,0,0,0,0,0,0,0,0,0,0,Janeiro,2026
27/01/2026,25605770561,Serviços de Envio,702-6694242-1075443,,Tarifa de manuseio com base no peso Delivery by Amazon,,Amazon.com.br,Crédito Mastercard e outros,Vendedor,,,,0,0,0,0,0,0,0,"-6,50",0,"-6,50",Janeiro,2026
27/01/2026,25605770561,Serviços de Envio,702-6694242-1075443,,Estorno do frete pago pelo comprador,,Amazon.com.br,Crédito Mastercard e outros,Vendedor,,,,0,0,0,0,0,0,0,0,0,0,Janeiro,2026
27/01/2026,25605770561,Serviços de Envio,702-2142591-7251428,,Tarifa de manuseio com base no peso Delivery by Amazon,,Amazon.com.br,Crédito Mastercard e outros,Vendedor,,,,0,0,0,0,0,0,0,"-6,75",0,"-6,75",Janeiro,2026
27/01/2026,25605770561,Serviços de Envio,702-2142591-7251428,,Estorno do frete pago pelo comprador,,Amazon.com.br,Crédito Mastercard e outros,Vendedor,,,,0,0,0,0,0,0,0,0,0,0,Janeiro,2026
27/01/2026,25605770561,Serviços de Envio,701-6808438-3747413,,Tarifa de manuseio com base no peso Delivery by Amazon,,Amazon.com.br,Crédito Mastercard e outros,Vendedor,,,,0,0,0,0,0,0,0,"-6,75",0,"-6,75",Janeiro,2026
27/01/2026,25605770561,Serviços de Envio,701-6808438-3747413,,Estorno do frete pago pelo comprador,,Amazon.com.br,Crédito Mastercard e outros,Vendedor,,,,0,0,0,0,0,0,0,0,0,0,Janeiro,2026
27/01/2026,25605770561,Serviços de Envio,701-1611121-9777034,,Tarifa de manuseio com base no peso Delivery by Amazon,,Amazon.com.br,Crédito Mastercard e outros,Vendedor,,,,0,0,0,0,0,0,0,"-6,75",0,"-6,75",Janeiro,2026
27/01/2026,25605770561,Serviços de Envio,701-1611121-9777034,,Estorno do frete pago pelo comprador,,Amazon.com.br,Crédito Mastercard e outros,Vendedor,,,,0,0,0,0,0,0,0,0,0,0,Janeiro,2026
27/01/2026,25605770561,Serviços de Envio,701-1843311-7416229,,Tarifa de manuseio com base no peso Delivery by Amazon,,Amazon.com.br,Crédito Mastercard e outros,Vendedor,,,,0,0,0,0,0,0,0,"-6,75",0,"-6,75",Janeiro,2026
27/01/2026,25605770561,Serviços de Envio,701-1843311-7416229,,Estorno do frete pago pelo comprador,,Amazon.com.br,Crédito Mastercard e outros,Vendedor,,,,0,0,0,0,0,0,0,0,0,0,Janeiro,2026
27/01/2026,25605770561,Serviços de Envio,701-1107795-9233838,,Tarifa de manuseio com base no peso Delivery by Amazon,,Amazon.com.br,Crédito Mastercard e outros,Vendedor,,,,0,0,0,0,0,0,0,"-6,75",0,"-6,75",Janeiro,2026
27/01/2026,25605770561,Serviços de Envio,701-1107795-9233838,,Estorno do frete pago pelo comprador,,Amazon.com.br,Crédito Mastercard e outros,Vendedor,,,,0,0,0,0,0,0,0,0,0,0,Janeiro,2026
27/01/2026,25605770561,Serviços de Envio,701-8974301-4516259,,Tarifa de manuseio com base no peso Delivery by Amazon,,Amazon.com.br,Crédito Mastercard e outros,Vendedor,,,,0,0,0,0,0,0,0,"-6,75",0,"-6,75",Janeiro,2026
27/01/2026,25605770561,Serviços de Envio,701-8974301-4516259,,Estorno do frete pago pelo comprador,,Amazon.com.br,Crédito Mastercard e outros,Vendedor,,,,0,0,0,0,0,0,0,"-21,57",0,"-21,57",Janeiro,2026
27/01/2026,25605770561,Serviços de Envio,702-6429887-8941026,,Tarifa de manuseio com base no peso Delivery by Amazon,,Amazon.com.br,Crédito Mastercard e outros,Vendedor,,,,0,0,0,0,0,0,0,"-6,75",0,"-6,75",Janeiro,2026
27/01/2026,25605770561,Serviços de Envio,702-6429887-8941026,,Estorno do frete pago pelo comprador,,Amazon.com.br,Crédito Mastercard e outros,Vendedor,,,,0,0,0,0,0,0,0,"-21,80",0,"-21,80",Janeiro,2026
27/01/2026,25605770561,Serviços de Envio,701-6800281-5173032,,Tarifa de manuseio com base no peso Delivery by Amazon,,Amazon.com.br,Crédito Mastercard e outros,Vendedor,,,,0,0,0,0,0,0,0,"-6,50",0,"-6,50",Janeiro,2026
27/01/2026,25605770561,Serviços de Envio,701-6800281-5173032,,Estorno do frete pago pelo comprador,,Amazon.com.br,Crédito Mastercard e outros,Vendedor,,,,0,0,0,0,0,0,0,0,0,0,Janeiro,2026
27/01/2026,25605770561,Serviços de Envio,702-3335666-1741014,,Tarifa de manuseio com base no peso Delivery by Amazon,,Amazon.com.br,Crédito Mastercard e outros,Vendedor,,,,0,0,0,0,0,0,0,"-6,50",0,"-6,50",Janeiro,2026
27/01/2026,25605770561,Serviços de Envio,702-3335666-1741014,,Estorno do frete pago pelo comprador,,Amazon.com.br,Crédito Mastercard e outros,Vendedor,,,,0,0,0,0,0,0,0,0,0,0,Janeiro,2026
27/01/2026,25605770561,Serviços de Envio,701-1300188-6052264,,Tarifa de manuseio com base no peso Delivery by Amazon,,Amazon.com.br,Crédito Mastercard e outros,Vendedor,,,,0,0,0,0,0,0,0,"-6,75",0,"-6,75",Janeiro,2026
27/01/2026,25605770561,Serviços de Envio,701-1300188-6052264,,Estorno do frete pago pelo comprador,,Amazon.com.br,Crédito Mastercard e outros,Vendedor,,,,0,0,0,0,0,0,0,0,0,0,Janeiro,2026
27/01/2026,25605770561,Serviços de Envio,701-9378496-2853003,,Tarifa de manuseio com base no peso Delivery by Amazon,,Amazon.com.br,Crédito Mastercard e outros,Vendedor,,,,0,0,0,0,0,0,0,"-6,75",0,"-6,75",Janeiro,2026
27/01/2026,25605770561,Serviços de Envio,701-9378496-2853003,,Estorno do frete pago pelo comprador,,Amazon.com.br,Crédito Mastercard e outros,Vendedor,,,,0,0,0,0,0,0,0,0,0,0,Janeiro,2026
27/01/2026,25605770561,Serviços de Envio,702-4249506-3969857,,Tarifa de manuseio com base no peso Delivery by Amazon,,Amazon.com.br,Crédito Mastercard e outros,Vendedor,,,,0,0,0,0,0,0,0,"-6,75",0,"-6,75",Janeiro,2026
27/01/2026,25605770561,Serviços de Envio,702-4249506-3969857,,Estorno do frete pago pelo comprador,,Amazon.com.br,Crédito Mastercard e outros,Vendedor,,,,0,0,0,0,0,0,0,0,0,0,Janeiro,2026
27/01/2026,25605770561,Serviços de Envio,702-1050017-3924257,,Tarifa de manuseio com base no peso Delivery by Amazon,,Amazon.com.br,Crédito Mastercard e outros,Vendedor,,,,0,0,0,0,0,0,0,"-6,75",0,"-6,75",Janeiro,2026
27/01/2026,25605770561,Serviços de Envio,702-1050017-3924257,,Estorno do frete pago pelo comprador,,Amazon.com.br,Crédito Mastercard e outros,Vendedor,,,,0,0,0,0,0,0,0,0,0,0,Janeiro,2026
27/01/2026,25605770561,Serviços de Envio,701-0181778-5067440,,Tarifa de manuseio com base no peso Delivery by Amazon,,Amazon.com.br,Crédito Mastercard e outros,Vendedor,,,,0,0,0,0,0,0,0,"-6,75",0,"-6,75",Janeiro,2026
27/01/2026,25605770561,Serviços de Envio,701-0181778-5067440,,Estorno do frete pago pelo comprador,,Amazon.com.br,Crédito Mastercard e outros,Vendedor,,,,0,0,0,0,0,0,0,"-22,57",0,"-22,57",Janeiro,2026
27/01/2026,25605770561,Serviços de Envio,702-5451948-7930642,,Tarifa de manuseio com base no peso Delivery by Amazon,,Amazon.com.br,Crédito Mastercard e outros,Vendedor,,,,0,0,0,0,0,0,0,"-6,75",0,"-6,75",Janeiro,2026
27/01/2026,25605770561,Serviços de Envio,702-5451948-7930642,,Estorno do frete pago pelo comprador,,Amazon.com.br,Crédito Mastercard e outros,Vendedor,,,,0,0,0,0,0,0,0,0,0,0,Janeiro,2026
27/01/2026,25605770561,Serviços de Envio,701-2976957-7554628,,Tarifa de manuseio com base no peso Delivery by Amazon,,Amazon.com.br,Crédito Mastercard e outros,Vendedor,,,,0,0,0,0,0,0,0,"-6,75",0,"-6,75",Janeiro,2026
27/01/2026,25605770561,Serviços de Envio,701-2976957-7554628,,Estorno do frete pago pelo comprador,,Amazon.com.br,Crédito Mastercard e outros,Vendedor,,,,0,0,0,0,0,0,0,0,0,0,Janeiro,2026
27/01/2026,25605770561,Pedido,702-2117733-9996244,BT-HCTV-ZOJY,"Planner 2026 Napolitano - Planejamento Anual com Roda da Vida A5, Gestão Financeira, Organização Pessoal, Metas e Saúde, Capa Dura Laminada, Agend",1.0,amazon.com.br,Crédito Mastercard e outros,Vendedor,Campina Grande,PB,58400.0,"78,90","21,84",0,0,0,"-10,26",0,0,0,"90,48",Janeiro,2026
27/01/2026,25604729101,Pedido,702-8996369-9235427,VW-M9WL-7RY7,Caderno Scrapbook - Kraft - 20 Folhas - 20x20cm - Bege - Sem Pauta - Folhas Grossas - Album de Fotos - Album de fotos artesanal - Scrapbook colagem de,1.0,amazon.com.br,Boleto,Vendedor,Brasília,DF,72236.0,"58,90",0,0,0,0,"-7,07",0,0,0,"51,83",Janeiro,2026
27/01/2026,25604729101,Transferir,,,Conta bancária com final: 192,,,Boleto,,,,,0,0,0,0,0,0,0,0,"-1.493,08","-1.493,08",Janeiro,2026
27/01/2026,25605818621,Transferir,,,Conta bancária com final: 192,,,Elo,,,,,0,0,0,0,0,0,0,0,"-159,30","-159,30",Janeiro,2026
27/01/2026,25605770561,Transferir,,,Conta bancária com final: 192,,,Crédito Mastercard e outros,,,,,0,0,0,0,0,0,0,0,"-988,91","-988,91",Janeiro,2026
27/01/2026,25604735971,Transferir,,,Conta bancária com final: 192,,,Visa Crédito,,,,,0,0,0,0,0,0,0,0,"-1.037,33","-1.037,33",Janeiro,2026
27/01/2026,25604729101,Pedido,702-9038156-6296240,A9-81RP-O347,"Planner Financeiro Mensal 2026, Roda Da Vida A5 -Planejamento anual, Organização pessoal Metas e objetivos, Gestão financeira Monitoramento de saú",1.0,amazon.com.br,Boleto,Vendedor,Pouso Alegre,MG,37557.0,"68,92",0,0,0,0,"-8,96",0,0,0,"59,96",Janeiro,2026
28/01/2026,25605770561,Pedido,702-0832778-7085841,YL-NANJ-F7TC,"Caderno Preto 20x20cm - Scrapbook Álbum De Fotos Preto 20 Folhas / 40 Páginas - Gramatura 200, Folhas Grossas",1.0,amazon.com.br,Crédito Mastercard e outros,Amazon,São Paulo,SP,4766.0,"68,90",0,0,0,0,"-8,27",0,0,0,"60,63",Janeiro,2026
28/01/2026,25605770561,Pedido,702-6885297-6187469,J7-1RCD-8P3P,Scrapbook Kraft 20x20: Crie Seu Álbum Artesanal Único,1.0,amazon.com.br,Crédito Mastercard e outros,Amazon,Campinas,SP,13106.0,"68,90",0,0,0,0,"-8,27",0,0,0,"60,63",Janeiro,2026
28/01/2026,25604729101,Pedido,701-7596840-0830623,0Q-EK6Z-SV84,"Planner 2026 Floral - Planejamento Anual com Roda da Vida A5, Gestão Financeira, Organização Pessoal, Metas e Saúde, Capa Dura Laminada, Agenda Se",1.0,amazon.com.br,Boleto,Vendedor,Santa Luzia,MG,33045.0,"78,90",0,0,0,0,"-10,26",0,0,0,"68,64",Janeiro,2026
28/01/2026,25605770561,Pedido,701-6000741-5646602,0Q-EK6Z-SV84,"Planner 2026 Floral - Planejamento Anual com Roda da Vida A5, Gestão Financeira, Organização Pessoal, Metas e Saúde, Capa Dura Laminada, Agenda Se",1.0,amazon.com.br,Crédito Mastercard e outros,Vendedor,São Paulo,SP,1403.0,"78,90",0,0,0,0,"-10,26",0,0,0,"68,64",Janeiro,2026
28/01/2026,25604729101,Pedido,702-4711140-1723435,VW-M9WL-7RY7,Caderno Scrapbook - Kraft - 20 Folhas - 20x20cm - Bege - Sem Pauta - Folhas Grossas - Album de Fotos - Album de fotos artesanal - Scrapbook colagem de,2.0,amazon.com.br,Boleto,Vendedor,Itapecerica da Serra,São Paulo,6859.0,"117,80",0,0,0,0,"-14,14",0,0,0,"103,66",Janeiro,2026
28/01/2026,25605770561,Pedido,701-4438552-3375405,0Q-EK6Z-SV84,"Planner 2026 Floral - Planejamento Anual com Roda da Vida A5, Gestão Financeira, Organização Pessoal, Metas e Saúde, Capa Dura Laminada, Agenda Se",1.0,amazon.com.br,Crédito Mastercard e outros,Vendedor,Belo Horizonte,MG,31340.0,"78,90",0,0,0,0,"-10,26",0,0,0,"68,64",Janeiro,2026
28/01/2026,25604729101,Pedido,702-8907128-9010634,RW-FUR9-X25R,"Planner 2026 - Respire, floresça, torne-se - um planner para sua melhor versão!",1.0,amazon.com.br,Boleto,Vendedor,Cotia,SP,6708.0,"78,90",0,0,0,0,"-10,26",0,0,0,"68,64",Janeiro,2026
28/01/2026,25604735971,Pedido,701-0039104-3377804,BT-HCTV-ZOJY,"Planner 2026 Napolitano - Planejamento Anual com Roda da Vida A5, Gestão Financeira, Organização Pessoal, Metas e Saúde, Capa Dura Laminada, Agend",1.0,amazon.com.br,Visa Crédito,Vendedor,São Paulo,SP,4127.0,"78,90",0,0,0,0,"-10,26",0,0,0,"68,64",Janeiro,2026
28/01/2026,25604729101,Pedido,702-8191077-1625039,YL-NANJ-F7TC,"Caderno Preto 20x20cm - Scrapbook Álbum De Fotos Preto 20 Folhas / 40 Páginas - Gramatura 200, Folhas Grossas",1.0,amazon.com.br,Boleto,Amazon,Cuiabá,MT,78048.0,"68,90","3,82",0,"-3,82",0,"-8,27",0,0,0,"60,63",Janeiro,2026
28/01/2026,25605770561,Pedido,702-7286276-6282633,0Q-EK6Z-SV84,"Planner 2026 Floral - Planejamento Anual com Roda da Vida A5, Gestão Financeira, Organização Pessoal, Metas e Saúde, Capa Dura Laminada, Agenda Se",1.0,amazon.com.br,Crédito Mastercard e outros,Vendedor,Mairiporã,SP,7636.0,"78,90",0,0,0,0,"-10,26",0,0,0,"68,64",Janeiro,2026
28/01/2026,25604735971,Transferir,,,Conta bancária com final: 192,,,Visa Crédito,,,,,0,0,0,0,0,0,0,0,"-1.530,68","-1.530,68",Janeiro,2026
28/01/2026,25605818621,Transferir,,,Conta bancária com final: 192,,,Elo,,,,,0,0,0,0,0,0,0,0,"-249,74","-249,74",Janeiro,2026
28/01/2026,25605770561,Transferir,,,Conta bancária com final: 192,,,Crédito Mastercard e outros,,,,,0,0,0,0,0,0,0,0,"-2.335,18","-2.335,18",Janeiro,2026
28/01/2026,25605770561,Pedido,701-7211939-0886655,0Q-EK6Z-SV84,"Planner 2026 Floral - Planejamento Anual com Roda da Vida A5, Gestão Financeira, Organização Pessoal, Metas e Saúde, Capa Dura Laminada, Agenda Se",1.0,amazon.com.br,Crédito Mastercard e outros,Vendedor,Curitiba,PR,82015.0,"78,90",0,0,0,0,"-10,26",0,0,0,"68,64",Janeiro,2026
28/01/2026,25604729101,Pedido,701-8435528-6031465,WC-0G0K-5CCC,"Planner Financeiro Mensal Datado 2026, Roda Da Vida A5 -Planejamento anual, Organização pessoal Metas e objetivos, Gestão financeira Monitoramento",1.0,amazon.com.br,Boleto,Vendedor,Curitiba,PR,81910.0,"75,90",0,0,0,0,"-9,87",0,0,0,"66,03",Janeiro,2026
28/01/2026,25605770561,Pedido,702-1798736-2973046,HJ-GKXE-8FVO,Agenda 2026 Cristã 1 Dia por Folha com Versículos Bíblicos 2026,1.0,amazon.com.br,Crédito Mastercard e outros,Amazon,Manaus,AM,69078.0,"58,90","1,35",0,"-1,35",0,"-7,66",0,0,0,"51,24",Janeiro,2026
28/01/2026,25605770561,Pedido,702-0903191-1994602,9X-HUC9-I83L,"Planner 2026 - Respire, floresça, torne-se - um planner para sua melhor versão!",1.0,amazon.com.br,Crédito Mastercard e outros,Vendedor,sao bernardo do campo,sao paulo,9861.0,"78,90",0,0,0,0,"-10,26",0,0,0,"68,64",Janeiro,2026
28/01/2026,25605770561,Pedido,701-4677687-5198646,YL-NANJ-F7TC,"Caderno Preto 20x20cm - Scrapbook Álbum De Fotos Preto 20 Folhas / 40 Páginas - Gramatura 200, Folhas Grossas",1.0,amazon.com.br,Crédito Mastercard e outros,Amazon,Manaus,Amazonas,69053.0,"68,90",0,0,0,0,"-8,27",0,0,0,"60,63",Janeiro,2026
28/01/2026,25604735971,Pedido,702-3271211-4007464,RU-9EXZ-G6IE,Sketchbook Profissional 20x20cm Espiral 180g - Caderno Artístico para Desenho e Aquarela,1.0,amazon.com.br,Visa Crédito,Amazon,Penha,SC,88385.0,"45,90",0,0,0,0,"-5,51",0,0,0,"40,39",Janeiro,2026
28/01/2026,25604729101,Pedido,702-8759383-3053059,J7-1RCD-8P3P,Scrapbook Kraft 20x20: Crie Seu Álbum Artesanal Único,1.0,amazon.com.br,Boleto,Amazon,Porto Alegre,RS,90420.0,"68,90",0,0,0,0,"-8,27",0,0,0,"60,63",Janeiro,2026
28/01/2026,25604729101,Pedido,701-7532029-8576209,RA-KICF-0Q47,"Caderno Preto 20x20cm - Scrapbook Álbum De Fotos Preto 20 Folhas / 40 Páginas - Gramatura 200, Folhas Grossas",1.0,amazon.com.br,Boleto,Vendedor,Rio de Janeiro,RJ,20770.0,"58,90",0,0,0,0,"-7,07",0,0,0,"51,83",Janeiro,2026
28/01/2026,25605770561,Pedido,701-6699905-9409822,0Q-EK6Z-SV84,"Planner 2026 Floral - Planejamento Anual com Roda da Vida A5, Gestão Financeira, Organização Pessoal, Metas e Saúde, Capa Dura Laminada, Agenda Se",1.0,amazon.com.br,Crédito Mastercard e outros,Vendedor,SÃO PAULO,sp,3807.0,"78,90",0,0,0,0,"-10,26",0,0,0,"68,64",Janeiro,2026
28/01/2026,25605770561,Pedido,702-8373447-9836260,0D-3OVY-QX9W,Planner 2026 - Life Capa Dura com Controle Financeiro e Roda da Vida (Capa 01),1.0,amazon.com.br,Crédito Mastercard e outros,Amazon,São Paulo,SP,4678.0,"59,90",0,0,0,0,"-7,79",0,0,0,"52,11",Janeiro,2026
28/01/2026,25604735971,Pedido,702-7786301-3625854,VW-M9WL-7RY7,Caderno Scrapbook - Kraft - 20 Folhas - 20x20cm - Bege - Sem Pauta - Folhas Grossas - Album de Fotos - Album de fotos artesanal - Scrapbook colagem de,1.0,amazon.com.br,Visa Crédito,Vendedor,Curitiba,PR,82220.0,"58,90",0,0,0,0,"-7,07",0,0,0,"51,83",Janeiro,2026
28/01/2026,25604729101,Reembolso,701-9969889-5319415,S1-SAO6-CBNU,"Planner Financeiro Mensal Datado 2026, Roda Da Vida A5 - Planner premium Agenda 2026 Planejamento anual Organização pessoal Metas e objetivos Gestã",1.0,amazon.com.br,Boleto,Vendedor,São Paulo,SP,4717.0,"-78,90",0,0,0,0,"8,21",0,0,0,"-70,69",Janeiro,2026
28/01/2026,25532998891,Pedido,702-3101280-2975468,14-02SK-RART,Caderno De Anotações - 200 Pag - Flores Naturais,1.0,amazon.com.br,Amex,Amazon,Jaboatão dos Guararapes,PE,54440.0,"49,90",0,0,0,0,"-6,49",0,0,0,"43,41",Janeiro,2026
28/01/2026,25604729101,Pedido,701-9969889-5319415,S1-SAO6-CBNU,"Planner Financeiro Mensal Datado 2026, Roda Da Vida A5 - Planner premium Agenda 2026 Planejamento anual Organização pessoal Metas e objetivos Gestã",1.0,amazon.com.br,Boleto,Vendedor,São Paulo,SP,4717.0,"78,90",0,0,0,0,"-10,26",0,0,0,"68,64",Janeiro,2026
28/01/2026,25604729101,Pedido,701-9921152-8253836,RW-FUR9-X25R,"Planner 2026 - Respire, floresça, torne-se - um planner para sua melhor versão!",1.0,amazon.com.br,Boleto,Vendedor,Laguna,SC,88790.0,"78,90",0,0,0,0,"-10,26",0,0,0,"68,64",Janeiro,2026
28/01/2026,25604735971,Pedido,701-7075560-3810606,MQ-STXD-11EM,"Planner Premium 2026 - Planejamento Anual com Roda da Vida A5, Gestão Financeira, Organização Pessoal, Metas e Saúde, Capa Dura Laminada, Agenda S",1.0,amazon.com.br,Visa Crédito,Vendedor,São Paulo,SP,1505.0,"68,90",0,0,0,0,"-8,96",0,0,0,"59,94",Janeiro,2026
28/01/2026,25604735971,Pedido,701-1747566-4817025,0Q-EK6Z-SV84,"Planner 2026 Floral - Planejamento Anual com Roda da Vida A5, Gestão Financeira, Organização Pessoal, Metas e Saúde, Capa Dura Laminada, Agenda Se",1.0,amazon.com.br,Visa Crédito,Vendedor,belo horizonte,minas gerais,30421.0,"78,90",0,0,0,0,"-10,26",0,0,0,"68,64",Janeiro,2026
28/01/2026,25605770561,Serviços de Envio,702-4354466-9906622,,Tarifa de manuseio com base no peso Delivery by Amazon,,Amazon.com.br,Crédito Mastercard e outros,Vendedor,,,,0,0,0,0,0,0,0,"-6,75",0,"-6,75",Janeiro,2026
28/01/2026,25605770561,Serviços de Envio,702-4354466-9906622,,Estorno do frete pago pelo comprador,,Amazon.com.br,Crédito Mastercard e outros,Vendedor,,,,0,0,0,0,0,0,0,0,0,0,Janeiro,2026
28/01/2026,25605770561,Serviços de Envio,701-5704929-2053802,,Tarifa de manuseio com base no peso Delivery by Amazon,,Amazon.com.br,Crédito Mastercard e outros,Vendedor,,,,0,0,0,0,0,0,0,"-6,75",0,"-6,75",Janeiro,2026
28/01/2026,25605770561,Serviços de Envio,701-5704929-2053802,,Estorno do frete pago pelo comprador,,Amazon.com.br,Crédito Mastercard e outros,Vendedor,,,,0,0,0,0,0,0,0,0,0,0,Janeiro,2026
28/01/2026,25605770561,Serviços de Envio,702-3386237-9616202,,Tarifa de manuseio com base no peso Delivery by Amazon,,Amazon.com.br,Crédito Mastercard e outros,Vendedor,,,,0,0,0,0,0,0,0,"-6,75",0,"-6,75",Janeiro,2026
28/01/2026,25605770561,Serviços de Envio,702-3386237-9616202,,Estorno do frete pago pelo comprador,,Amazon.com.br,Crédito Mastercard e outros,Vendedor,,,,0,0,0,0,0,0,0,0,0,0,Janeiro,2026
28/01/2026,25605770561,Serviços de Envio,701-3810436-1771445,,Tarifa de manuseio com base no peso Delivery by Amazon,,Amazon.com.br,Crédito Mastercard e outros,Vendedor,,,,0,0,0,0,0,0,0,"-6,75",0,"-6,75",Janeiro,2026
28/01/2026,25605770561,Serviços de Envio,701-3810436-1771445,,Estorno do frete pago pelo comprador,,Amazon.com.br,Crédito Mastercard e outros,Vendedor,,,,0,0,0,0,0,0,0,0,0,0,Janeiro,2026
28/01/2026,25605770561,Serviços de Envio,702-9674103-3316242,,Tarifa de manuseio com base no peso Delivery by Amazon,,Amazon.com.br,Crédito Mastercard e outros,Vendedor,,,,0,0,0,0,0,0,0,"-6,50",0,"-6,50",Janeiro,2026
28/01/2026,25605770561,Serviços de Envio,702-9674103-3316242,,Estorno do frete pago pelo comprador,,Amazon.com.br,Crédito Mastercard e outros,Vendedor,,,,0,0,0,0,0,0,0,0,0,0,Janeiro,2026
28/01/2026,25605770561,Serviços de Envio,701-9280893-0501815,,Tarifa de manuseio com base no peso Delivery by Amazon,,Amazon.com.br,Crédito Mastercard e outros,Vendedor,,,,0,0,0,0,0,0,0,"-6,75",0,"-6,75",Janeiro,2026
28/01/2026,25605770561,Serviços de Envio,701-9280893-0501815,,Estorno do frete pago pelo comprador,,Amazon.com.br,Crédito Mastercard e outros,Vendedor,,,,0,0,0,0,0,0,0,0,0,0,Janeiro,2026
28/01/2026,25605770561,Serviços de Envio,701-6179564-6837021,,Tarifa de manuseio com base no peso Delivery by Amazon,,Amazon.com.br,Crédito Mastercard e outros,Vendedor,,,,0,0,0,0,0,0,0,"-6,75",0,"-6,75",Janeiro,2026
28/01/2026,25605770561,Serviços de Envio,701-6179564-6837021,,Estorno do frete pago pelo comprador,,Amazon.com.br,Crédito Mastercard e outros,Vendedor,,,,0,0,0,0,0,0,0,"-21,53",0,"-21,53",Janeiro,2026
28/01/2026,25605770561,Serviços de Envio,702-3250654-7952232,,Tarifa de manuseio com base no peso Delivery by Amazon,,Amazon.com.br,Crédito Mastercard e outros,Vendedor,,,,0,0,0,0,0,0,0,"-6,75",0,"-6,75",Janeiro,2026
28/01/2026,25605770561,Serviços de Envio,702-3250654-7952232,,Estorno do frete pago pelo comprador,,Amazon.com.br,Crédito Mastercard e outros,Vendedor,,,,0,0,0,0,0,0,0,0,0,0,Janeiro,2026
28/01/2026,25605770561,Serviços de Envio,702-0803814-0694666,,Tarifa de manuseio com base no peso Delivery by Amazon,,Amazon.com.br,Crédito Mastercard e outros,Vendedor,,,,0,0,0,0,0,0,0,"-6,75",0,"-6,75",Janeiro,2026
28/01/2026,25605770561,Serviços de Envio,702-0803814-0694666,,Estorno do frete pago pelo comprador,,Amazon.com.br,Crédito Mastercard e outros,Vendedor,,,,0,0,0,0,0,0,0,0,0,0,Janeiro,2026
28/01/2026,25605770561,Serviços de Envio,702-1798132-7985836,,Tarifa de manuseio com base no peso Delivery by Amazon,,Amazon.com.br,Crédito Mastercard e outros,Vendedor,,,,0,0,0,0,0,0,0,"-6,75",0,"-6,75",Janeiro,2026
28/01/2026,25605770561,Serviços de Envio,702-1798132-7985836,,Estorno do frete pago pelo comprador,,Amazon.com.br,Crédito Mastercard e outros,Vendedor,,,,0,0,0,0,0,0,0,0,0,0,Janeiro,2026
28/01/2026,25605770561,Serviços de Envio,702-4477147-5385847,,Tarifa de manuseio com base no peso Delivery by Amazon,,Amazon.com.br,Crédito Mastercard e outros,Vendedor,,,,0,0,0,0,0,0,0,"-6,75",0,"-6,75",Janeiro,2026
28/01/2026,25605770561,Serviços de Envio,702-4477147-5385847,,Estorno do frete pago pelo comprador,,Amazon.com.br,Crédito Mastercard e outros,Vendedor,,,,0,0,0,0,0,0,0,0,0,0,Janeiro,2026
28/01/2026,25605770561,Serviços de Envio,701-7397104-4208229,,Tarifa de manuseio com base no peso Delivery by Amazon,,Amazon.com.br,Crédito Mastercard e outros,Vendedor,,,,0,0,0,0,0,0,0,"-6,75",0,"-6,75",Janeiro,2026
28/01/2026,25605770561,Serviços de Envio,701-7397104-4208229,,Estorno do frete pago pelo comprador,,Amazon.com.br,Crédito Mastercard e outros,Vendedor,,,,0,0,0,0,0,0,0,0,0,0,Janeiro,2026
28/01/2026,25605770561,Serviços de Envio,701-4122669-5977002,,Tarifa de manuseio com base no peso Delivery by Amazon,,Amazon.com.br,Crédito Mastercard e outros,Vendedor,,,,0,0,0,0,0,0,0,"-6,75",0,"-6,75",Janeiro,2026
28/01/2026,25605770561,Serviços de Envio,701-4122669-5977002,,Estorno do frete pago pelo comprador,,Amazon.com.br,Crédito Mastercard e outros,Vendedor,,,,0,0,0,0,0,0,0,"-22,02",0,"-22,02",Janeiro,2026
28/01/2026,25605770561,Serviços de Envio,702-3270984-6820215,,Tarifa de manuseio com base no peso Delivery by Amazon,,Amazon.com.br,Crédito Mastercard e outros,Vendedor,,,,0,0,0,0,0,0,0,"-6,75",0,"-6,75",Janeiro,2026
28/01/2026,25605770561,Serviços de Envio,702-3270984-6820215,,Estorno do frete pago pelo comprador,,Amazon.com.br,Crédito Mastercard e outros,Vendedor,,,,0,0,0,0,0,0,0,0,0,0,Janeiro,2026
28/01/2026,25605770561,Serviços de Envio,701-8815926-5881852,,Tarifa de manuseio com base no peso Delivery by Amazon,,Amazon.com.br,Crédito Mastercard e outros,Vendedor,,,,0,0,0,0,0,0,0,"-6,75",0,"-6,75",Janeiro,2026
28/01/2026,25605770561,Serviços de Envio,701-8815926-5881852,,Estorno do frete pago pelo comprador,,Amazon.com.br,Crédito Mastercard e outros,Vendedor,,,,0,0,0,0,0,0,0,0,0,0,Janeiro,2026
28/01/2026,25605770561,Serviços de Envio,701-3335530-6796232,,Tarifa de manuseio com base no peso Delivery by Amazon,,Amazon.com.br,Crédito Mastercard e outros,Vendedor,,,,0,0,0,0,0,0,0,"-6,75",0,"-6,75",Janeiro,2026
28/01/2026,25605770561,Serviços de Envio,701-3335530-6796232,,Estorno do frete pago pelo comprador,,Amazon.com.br,Crédito Mastercard e outros,Vendedor,,,,0,0,0,0,0,0,0,0,0,0,Janeiro,2026
28/01/2026,25605770561,Serviços de Envio,701-7493174-3850627,,Tarifa de manuseio com base no peso Delivery by Amazon,,Amazon.com.br,Crédito Mastercard e outros,Vendedor,,,,0,0,0,0,0,0,0,"-6,75",0,"-6,75",Janeiro,2026
28/01/2026,25605770561,Serviços de Envio,701-7493174-3850627,,Estorno do frete pago pelo comprador,,Amazon.com.br,Crédito Mastercard e outros,Vendedor,,,,0,0,0,0,0,0,0,0,0,0,Janeiro,2026
28/01/2026,25605770561,Serviços de Envio,701-6448500-0876247,,Tarifa de manuseio com base no peso Delivery by Amazon,,Amazon.com.br,Crédito Mastercard e outros,Vendedor,,,,0,0,0,0,0,0,0,"-6,75",0,"-6,75",Janeiro,2026
28/01/2026,25605770561,Serviços de Envio,701-6448500-0876247,,Estorno do frete pago pelo comprador,,Amazon.com.br,Crédito Mastercard e outros,Vendedor,,,,0,0,0,0,0,0,0,0,0,0,Janeiro,2026
28/01/2026,25605770561,Serviços de Envio,702-8012173-6223419,,Tarifa de manuseio com base no peso Delivery by Amazon,,Amazon.com.br,Crédito Mastercard e outros,Vendedor,,,,0,0,0,0,0,0,0,"-6,75",0,"-6,75",Janeiro,2026
28/01/2026,25605770561,Serviços de Envio,702-8012173-6223419,,Estorno do frete pago pelo comprador,,Amazon.com.br,Crédito Mastercard e outros,Vendedor,,,,0,0,0,0,0,0,0,0,0,0,Janeiro,2026
28/01/2026,25605770561,Serviços de Envio,702-3345234-8079448,,Tarifa de manuseio com base no peso Delivery by Amazon,,Amazon.com.br,Crédito Mastercard e outros,Vendedor,,,,0,0,0,0,0,0,0,"-6,75",0,"-6,75",Janeiro,2026
28/01/2026,25605770561,Serviços de Envio,702-3345234-8079448,,Estorno do frete pago pelo comprador,,Amazon.com.br,Crédito Mastercard e outros,Vendedor,,,,0,0,0,0,0,0,0,0,0,0,Janeiro,2026
28/01/2026,25605770561,Serviços de Envio,701-5621204-3542654,,Tarifa de manuseio com base no peso Delivery by Amazon,,Amazon.com.br,Crédito Mastercard e outros,Vendedor,,,,0,0,0,0,0,0,0,"-6,75",0,"-6,75",Janeiro,2026
28/01/2026,25605770561,Serviços de Envio,701-5621204-3542654,,Estorno do frete pago pelo comprador,,Amazon.com.br,Crédito Mastercard e outros,Vendedor,,,,0,0,0,0,0,0,0,0,0,0,Janeiro,2026
28/01/2026,25605770561,Serviços de Envio,701-6323159-9629050,,Tarifa de manuseio com base no peso Delivery by Amazon,,Amazon.com.br,Crédito Mastercard e outros,Vendedor,,,,0,0,0,0,0,0,0,"-13,00",0,"-13,00",Janeiro,2026
28/01/2026,25605770561,Serviços de Envio,701-6323159-9629050,,Estorno do frete pago pelo comprador,,Amazon.com.br,Crédito Mastercard e outros,Vendedor,,,,0,0,0,0,0,0,0,0,0,0,Janeiro,2026
28/01/2026,25605770561,Serviços de Envio,701-2665052-3260242,,Tarifa de manuseio com base no peso Delivery by Amazon,,Amazon.com.br,Crédito Mastercard e outros,Vendedor,,,,0,0,0,0,0,0,0,"-6,75",0,"-6,75",Janeiro,2026
28/01/2026,25605770561,Serviços de Envio,701-2665052-3260242,,Estorno do frete pago pelo comprador,,Amazon.com.br,Crédito Mastercard e outros,Vendedor,,,,0,0,0,0,0,0,0,0,0,0,Janeiro,2026
28/01/2026,25605770561,Serviços de Envio,701-2945077-4293860,,Tarifa de manuseio com base no peso Delivery by Amazon,,Amazon.com.br,Crédito Mastercard e outros,Vendedor,,,,0,0,0,0,0,0,0,"-6,75",0,"-6,75",Janeiro,2026
28/01/2026,25605770561,Serviços de Envio,701-2945077-4293860,,Estorno do frete pago pelo comprador,,Amazon.com.br,Crédito Mastercard e outros,Vendedor,,,,0,0,0,0,0,0,0,0,0,0,Janeiro,2026
28/01/2026,25605770561,Serviços de Envio,702-2079212-8561056,,Tarifa de manuseio com base no peso Delivery by Amazon,,Amazon.com.br,Crédito Mastercard e outros,Vendedor,,,,0,0,0,0,0,0,0,"-6,75",0,"-6,75",Janeiro,2026
28/01/2026,25605770561,Serviços de Envio,702-2079212-8561056,,Estorno do frete pago pelo comprador,,Amazon.com.br,Crédito Mastercard e outros,Vendedor,,,,0,0,0,0,0,0,0,0,0,0,Janeiro,2026
28/01/2026,25605770561,Serviços de Envio,702-1273462-4197856,,Tarifa de manuseio com base no peso Delivery by Amazon,,Amazon.com.br,Crédito Mastercard e outros,Vendedor,,,,0,0,0,0,0,0,0,"-13,50",0,"-13,50",Janeiro,2026
28/01/2026,25605770561,Serviços de Envio,702-1273462-4197856,,Estorno do frete pago pelo comprador,,Amazon.com.br,Crédito Mastercard e outros,Vendedor,,,,0,0,0,0,0,0,0,0,0,0,Janeiro,2026
28/01/2026,25605770561,Serviços de Envio,702-1890913-0814636,,Tarifa de manuseio com base no peso Delivery by Amazon,,Amazon.com.br,Crédito Mastercard e outros,Vendedor,,,,0,0,0,0,0,0,0,"-6,75",0,"-6,75",Janeiro,2026
28/01/2026,25605770561,Serviços de Envio,702-1890913-0814636,,Estorno do frete pago pelo comprador,,Amazon.com.br,Crédito Mastercard e outros,Vendedor,,,,0,0,0,0,0,0,0,0,0,0,Janeiro,2026
28/01/2026,25605770561,Serviços de Envio,701-0710135-8394635,,Tarifa de manuseio com base no peso Delivery by Amazon,,Amazon.com.br,Crédito Mastercard e outros,Vendedor,,,,0,0,0,0,0,0,0,"-6,75",0,"-6,75",Janeiro,2026
28/01/2026,25605770561,Serviços de Envio,701-0710135-8394635,,Estorno do frete pago pelo comprador,,Amazon.com.br,Crédito Mastercard e outros,Vendedor,,,,0,0,0,0,0,0,0,"-22,02",0,"-22,02",Janeiro,2026
28/01/2026,25605770561,Serviços de Envio,701-7428180-2977039,,Tarifa de manuseio com base no peso Delivery by Amazon,,Amazon.com.br,Crédito Mastercard e outros,Vendedor,,,,0,0,0,0,0,0,0,"-6,75",0,"-6,75",Janeiro,2026
28/01/2026,25605770561,Serviços de Envio,701-7428180-2977039,,Estorno do frete pago pelo comprador,,Amazon.com.br,Crédito Mastercard e outros,Vendedor,,,,0,0,0,0,0,0,0,0,0,0,Janeiro,2026
28/01/2026,25605770561,Serviços de Envio,701-1468782-5788237,,Tarifa de manuseio com base no peso Delivery by Amazon,,Amazon.com.br,Crédito Mastercard e outros,Vendedor,,,,0,0,0,0,0,0,0,"-6,75",0,"-6,75",Janeiro,2026
28/01/2026,25605770561,Serviços de Envio,701-1468782-5788237,,Estorno do frete pago pelo comprador,,Amazon.com.br,Crédito Mastercard e outros,Vendedor,,,,0,0,0,0,0,0,0,0,0,0,Janeiro,2026
28/01/2026,25605770561,Serviços de Envio,701-4654962-0734622,,Tarifa de manuseio com base no peso Delivery by Amazon,,Amazon.com.br,Crédito Mastercard e outros,Vendedor,,,,0,0,0,0,0,0,0,"-6,75",0,"-6,75",Janeiro,2026
28/01/2026,25605770561,Serviços de Envio,701-4654962-0734622,,Estorno do frete pago pelo comprador,,Amazon.com.br,Crédito Mastercard e outros,Vendedor,,,,0,0,0,0,0,0,0,0,0,0,Janeiro,2026
28/01/2026,25605770561,Serviços de Envio,701-9095022-6245865,,Tarifa de manuseio com base no peso Delivery by Amazon,,Amazon.com.br,Crédito Mastercard e outros,Vendedor,,,,0,0,0,0,0,0,0,"-6,75",0,"-6,75",Janeiro,2026
28/01/2026,25605770561,Serviços de Envio,701-9095022-6245865,,Estorno do frete pago pelo comprador,,Amazon.com.br,Crédito Mastercard e outros,Vendedor,,,,0,0,0,0,0,0,0,0,0,0,Janeiro,2026
28/01/2026,25605770561,Serviços de Envio,701-1803848-8276209,,Tarifa de manuseio com base no peso Delivery by Amazon,,Amazon.com.br,Crédito Mastercard e outros,Vendedor,,,,0,0,0,0,0,0,0,"-13,00",0,"-13,00",Janeiro,2026
28/01/2026,25605770561,Serviços de Envio,701-1803848-8276209,,Estorno do frete pago pelo comprador,,Amazon.com.br,Crédito Mastercard e outros,Vendedor,,,,0,0,0,0,0,0,0,0,0,0,Janeiro,2026
28/01/2026,25605770561,Serviços de Envio,702-1079371-8682648,,Tarifa de manuseio com base no peso Delivery by Amazon,,Amazon.com.br,Crédito Mastercard e outros,Vendedor,,,,0,0,0,0,0,0,0,"-6,75",0,"-6,75",Janeiro,2026
28/01/2026,25605770561,Serviços de Envio,702-1079371-8682648,,Estorno do frete pago pelo comprador,,Amazon.com.br,Crédito Mastercard e outros,Vendedor,,,,0,0,0,0,0,0,0,0,0,0,Janeiro,2026
28/01/2026,25605770561,Serviços de Envio,702-0933224-4539447,,Tarifa de manuseio com base no peso Delivery by Amazon,,Amazon.com.br,Crédito Mastercard e outros,Vendedor,,,,0,0,0,0,0,0,0,"-13,50",0,"-13,50",Janeiro,2026
28/01/2026,25605770561,Serviços de Envio,702-0933224-4539447,,Estorno do frete pago pelo comprador,,Amazon.com.br,Crédito Mastercard e outros,Vendedor,,,,0,0,0,0,0,0,0,0,0,0,Janeiro,2026
28/01/2026,25605770561,Serviços de Envio,701-1416196-4140214,,Tarifa de manuseio com base no peso Delivery by Amazon,,Amazon.com.br,Crédito Mastercard e outros,Vendedor,,,,0,0,0,0,0,0,0,"-6,75",0,"-6,75",Janeiro,2026
28/01/2026,25605770561,Serviços de Envio,701-1416196-4140214,,Estorno do frete pago pelo comprador,,Amazon.com.br,Crédito Mastercard e outros,Vendedor,,,,0,0,0,0,0,0,0,0,0,0,Janeiro,2026
28/01/2026,25605770561,Pedido,701-2897366-5787422,YL-NANJ-F7TC,"Caderno Preto 20x20cm - Scrapbook Álbum De Fotos Preto 20 Folhas / 40 Páginas - Gramatura 200, Folhas Grossas",1.0,amazon.com.br,Crédito Mastercard e outros,Amazon,São Paulo,São Paulo,4210.0,"68,90",0,0,0,0,"-8,27",0,0,0,"60,63",Janeiro,2026
28/01/2026,25605770561,Ajuste,,YL-NANJ-F7TC,Reembolso de Estoque FBA - Perdido:Depósito,8.0,,Crédito Mastercard e outros,,,,,0,0,0,0,0,0,0,0,"449,84","449,84",Janeiro,2026
28/01/2026,25605770561,Ajuste,,YL-NANJ-F7TC,Reembolso de Estoque FBA - Perdido:Depósito,0.0,,Crédito Mastercard e outros,,,,,0,0,0,0,0,0,0,0,0,0,Janeiro,2026
28/01/2026,25605770561,Ajuste,,YL-NANJ-F7TC,Reembolso de Estoque FBA - Perdido:Depósito,3.0,,Crédito Mastercard e outros,,,,,0,0,0,0,0,0,0,0,"168,69","168,69",Janeiro,2026
28/01/2026,25604729101,Pedido,701-8451733-6859401,14-02SK-RART,Caderno De Anotações - 200 Pag - Flores Naturais,1.0,amazon.com.br,Boleto,Amazon,São Paulo,SP,2402.0,"49,90",0,0,0,0,"-6,49",0,0,0,"43,41",Janeiro,2026
28/01/2026,25604735971,Pedido,702-1435984-8157002,WC-0G0K-5CCC,"Planner Financeiro Mensal Datado 2026, Roda Da Vida A5 -Planejamento anual, Organização pessoal Metas e objetivos, Gestão financeira Monitoramento",1.0,amazon.com.br,Visa Crédito,Vendedor,Franco da Rocha,SP,7846.0,"75,90",0,0,0,0,"-9,87",0,0,0,"66,03",Janeiro,2026
29/01/2026,25605770561,Pedido,702-4628150-5697847,0Q-EK6Z-SV84,"Planner 2026 Floral - Planejamento Anual com Roda da Vida A5, Gestão Financeira, Organização Pessoal, Metas e Saúde, Capa Dura Laminada, Agenda Se",1.0,amazon.com.br,Crédito Mastercard e outros,Vendedor,Mogi das Cruzes,SP,8820.0,"78,90",0,0,0,0,"-10,26",0,0,0,"68,64",Janeiro,2026
29/01/2026,25605770561,Pedido,702-3524076-6328222,EG-KOZD-5QLH,Caderno Para Controle Financeiro - Minhas Contas Organizadas,1.0,amazon.com.br,Crédito Mastercard e outros,Amazon,Fortaleza,Ceará,60192.0,"36,90",0,0,0,0,"-4,80",0,0,0,"32,10",Janeiro,2026
29/01/2026,25604729101,Pedido,702-3113019-1236238,0Q-EK6Z-SV84,"Planner 2026 Floral - Planejamento Anual com Roda da Vida A5, Gestão Financeira, Organização Pessoal, Metas e Saúde, Capa Dura Laminada, Agenda Se",1.0,amazon.com.br,Boleto,Vendedor,Rio de Janeiro,RJ,20530.0,"78,90",0,0,0,0,"-10,26",0,0,0,"68,64",Janeiro,2026
29/01/2026,25605770561,Pedido,701-4766628-7006636,A9-81RP-O347,"Planner Financeiro Mensal 2026, Roda Da Vida A5 -Planejamento anual, Organização pessoal Metas e objetivos, Gestão financeira Monitoramento de saú",1.0,amazon.com.br,Crédito Mastercard e outros,Vendedor,São Paulo,SP,5030.0,"68,92",0,0,0,0,"-8,96",0,0,0,"59,96",Janeiro,2026
29/01/2026,25605818621,Pedido,702-5929057-4990614,XH-KNXQ-DP76,"Planner 2026 - Um planner para viver com mais cor, equilíbrio e inspiração.",1.0,amazon.com.br,Elo,Vendedor,São José dos Campos,SP,12228.0,"78,90",0,0,0,0,"-10,26",0,0,0,"68,64",Janeiro,2026
29/01/2026,25604729101,Pedido,701-0439604-5744243,MQ-STXD-11EM,"Planner Premium 2026 - Planejamento Anual com Roda da Vida A5, Gestão Financeira, Organização Pessoal, Metas e Saúde, Capa Dura Laminada, Agenda S",1.0,amazon.com.br,Boleto,Vendedor,Hortolândia,SP,13184.0,"68,90",0,0,0,0,"-8,96",0,0,0,"59,94",Janeiro,2026
29/01/2026,25604729101,Pedido,701-8118339-3906609,92-CTAN-4AJQ,Caderno Scrapbook - 20 Folhas - Livro De Assinatura Folhas Pretas 20x19 Álbum De Fotos Scrapbook Preto 40 Páginas - 20x19,1.0,amazon.com.br,Boleto,Amazon,São José dos Campos,SP,12248.0,"78,90",0,0,0,0,"-9,47",0,0,0,"69,43",Janeiro,2026
29/01/2026,25605770561,Pedido,702-3671611-1216221,9X-HUC9-I83L,"Planner 2026 - Respire, floresça, torne-se - um planner para sua melhor versão!",1.0,amazon.com.br,Crédito Mastercard e outros,Vendedor,São Paulo,SP,4348.0,"78,90",0,0,0,0,"-10,26",0,0,0,"68,64",Janeiro,2026
29/01/2026,25628967091,Pedido,701-6518151-0576206,4S-C6M7-1NCT,Planner 2026 Amarelo - Life Capa Dura com Controle Financeiro e Roda da Vida,1.0,amazon.com.br,Crédito Mastercard e outros,Vendedor,Sorocaba,SP,18047.0,"78,90",0,0,0,0,"-10,26",0,0,0,"68,64",Janeiro,2026
29/01/2026,25628967091,Pedido,701-5058037-7873058,0Q-EK6Z-SV84,"Planner 2026 Floral - Planejamento Anual com Roda da Vida A5, Gestão Financeira, Organização Pessoal, Metas e Saúde, Capa Dura Laminada, Agenda Se",1.0,amazon.com.br,Crédito Mastercard e outros,Vendedor,Ji-Parana,Rondonia,76913.0,"78,90","35,99",0,0,0,"-10,26",0,0,0,"104,63",Janeiro,2026
29/01/2026,25629575961,Pedido,701-3349196-9183462,DS-AD46-QLZ8,Planner Semanal para o Ano Todo - Várias Capas Lindas!,1.0,amazon.com.br,Boleto,Amazon,Curitiba,Paraná,81030.0,"49,90",0,0,0,0,"-6,49",0,0,0,"43,41",Janeiro,2026
29/01/2026,25629575961,Pedido,701-2699110-1397030,0Q-EK6Z-SV84,"Planner 2026 Floral - Planejamento Anual com Roda da Vida A5, Gestão Financeira, Organização Pessoal, Metas e Saúde, Capa Dura Laminada, Agenda Se",1.0,amazon.com.br,Boleto,Vendedor,Eusébio,Ceará,61760.0,"78,90","22,02",0,0,0,"-10,26",0,0,0,"90,66",Janeiro,2026
29/01/2026,25628967091,Pedido,701-2724872-6913023,VQ-0TZ7-QK96,Planner 2026 - Floresça que inspira leveza e organização!,1.0,amazon.com.br,Crédito Mastercard e outros,Vendedor,São Carlos,SP,13573.0,"78,90",0,0,0,0,"-10,26",0,0,0,"68,64",Janeiro,2026
29/01/2026,25629750391,Pedido,701-8691485-9857055,MQ-STXD-11EM,"Planner Premium 2026 - Planejamento Anual com Roda da Vida A5, Gestão Financeira, Organização Pessoal, Metas e Saúde, Capa Dura Laminada, Agenda S",1.0,amazon.com.br,Visa Crédito,Vendedor,Presidente Prudente,SP,19023.0,"68,90",0,0,0,0,"-8,96",0,0,0,"59,94",Janeiro,2026
29/01/2026,25629750391,Pedido,701-7222109-9063410,0Q-EK6Z-SV84,"Planner 2026 Floral - Planejamento Anual com Roda da Vida A5, Gestão Financeira, Organização Pessoal, Metas e Saúde, Capa Dura Laminada, Agenda Se",1.0,amazon.com.br,Visa Crédito,Vendedor,Salvador,Bahia,41815.0,"78,90","22,02",0,0,0,"-10,26",0,0,0,"90,66",Janeiro,2026
29/01/2026,25628967091,Pedido,701-9489997-8082617,0Q-EK6Z-SV84,"Planner 2026 Floral - Planejamento Anual com Roda da Vida A5, Gestão Financeira, Organização Pessoal, Metas e Saúde, Capa Dura Laminada, Agenda Se",1.0,amazon.com.br,Crédito Mastercard e outros,Vendedor,S&atilde;o Jos&eacute; dos Campos,SP,12241.0,"78,90",0,0,0,0,"-10,26",0,0,0,"68,64",Janeiro,2026
29/01/2026,25628967091,Pedido,701-2909883-7533844,VQ-0TZ7-QK96,Planner 2026 - Floresça que inspira leveza e organização!,1.0,amazon.com.br,Crédito Mastercard e outros,Vendedor,São Paulo,SP,1307.0,"78,90",0,0,0,0,"-10,26",0,0,0,"68,64",Janeiro,2026
29/01/2026,25629750391,Pedido,701-7076821-9564265,EG-KOZD-5QLH,Caderno Para Controle Financeiro - Minhas Contas Organizadas,1.0,amazon.com.br,Visa Crédito,Amazon,Petrolândia,Pernambuco,56460.0,"78,90",0,0,0,0,"-10,26",0,0,0,"68,64",Janeiro,2026
29/01/2026,25628967091,Pedido,702-7640520-9046622,CA-0096,Caderno De Anotações - 200 Pag - Coleção Picknick - Pautado (Creme),1.0,amazon.com.br,Crédito Mastercard e outros,Amazon,Cabedelo,PB,58102.0,"29,90","8,90",0,"-8,90",0,"-3,89",0,0,0,"26,01",Janeiro,2026
29/01/2026,25628967091,Pedido,702-2152593-7286663,DS-AD46-QLZ8,Planner Semanal para o Ano Todo - Várias Capas Lindas!,1.0,amazon.com.br,Crédito Mastercard e outros,Amazon,Brasília,DF,70873.0,"49,90",0,0,0,0,"-6,49",0,0,0,"43,41",Janeiro,2026
29/01/2026,25628967091,Pedido,701-6949443-7148220,0Q-EK6Z-SV84,"Planner 2026 Floral - Planejamento Anual com Roda da Vida A5, Gestão Financeira, Organização Pessoal, Metas e Saúde, Capa Dura Laminada, Agenda Se",1.0,amazon.com.br,Crédito Mastercard e outros,Vendedor,Florianópolis,SC,88053.0,"78,90",0,0,0,0,"-10,26",0,0,0,"68,64",Janeiro,2026
29/01/2026,25629750391,Reembolso,702-0548483-2757042,9X-HUC9-I83L,"Planner 2026 - Respire, floresça, torne-se - um planner para sua melhor versão!",1.0,amazon.com.br,Visa Crédito,Vendedor,Cambuí,MG,37600.0,"-78,90",0,0,0,0,"8,21",0,0,0,"-70,69",Janeiro,2026
29/01/2026,25628967091,Pedido,702-3106035-8589056,VW-M9WL-7RY7,Caderno Scrapbook - Kraft - 20 Folhas - 20x20cm - Bege - Sem Pauta - Folhas Grossas - Album de Fotos - Album de fotos artesanal - Scrapbook colagem de,1.0,amazon.com.br,Crédito Mastercard e outros,Vendedor,São Paulo,SP,5411.0,"58,90",0,0,0,0,"-7,07",0,0,0,"51,83",Janeiro,2026
29/01/2026,25628967091,Pedido,701-1897316-0765038,V7-N8TP-MCL5,Album fotografico scrapbook - Coleção Corações (Vermelho),1.0,amazon.com.br,Crédito Mastercard e outros,Vendedor,Porto Alegre,RS,91450.0,"78,90",0,0,0,0,"-10,26",0,0,0,"68,64",Janeiro,2026
29/01/2026,25628967091,Pedido,701-6670252-9661816,BT-HCTV-ZOJY,"Planner 2026 Napolitano - Planejamento Anual com Roda da Vida A5, Gestão Financeira, Organização Pessoal, Metas e Saúde, Capa Dura Laminada, Agend",1.0,amazon.com.br,Crédito Mastercard e outros,Vendedor,São Paulo,SP,5305.0,"78,90",0,0,0,0,"-10,26",0,0,0,"68,64",Janeiro,2026
29/01/2026,25629575961,Pedido,702-6118403-9738665,E4-ZVNN-1PDP,Agenda Psicologia Floral 2026 | Capa Delicada e Funcional | Ideal para Psicólogas,1.0,amazon.com.br,Boleto,Vendedor,Novo Gama,Go,72860.0,"78,90","21,80",0,0,0,"-10,26",0,0,0,"90,44",Janeiro,2026
29/01/2026,25628967091,Pedido,702-1300362-8226662,BT-HCTV-ZOJY,"Planner 2026 Napolitano - Planejamento Anual com Roda da Vida A5, Gestão Financeira, Organização Pessoal, Metas e Saúde, Capa Dura Laminada, Agend",1.0,amazon.com.br,Crédito Mastercard e outros,Vendedor,SAO PAULO,SP,3150.0,"78,90",0,0,0,0,"-10,26",0,0,0,"68,64",Janeiro,2026
29/01/2026,25629575961,Pedido,701-1917800-1905037,14-02SK-RART,Caderno De Anotações - 200 Pag - Flores Naturais,1.0,amazon.com.br,Boleto,Amazon,Curitiba,PR,80530.0,"49,90","8,90",0,"-8,90",0,"-6,49",0,0,0,"43,41",Janeiro,2026
29/01/2026,25628967091,Pedido,701-8854692-9381022,V7-N8TP-MCL5,Album fotografico scrapbook - Coleção Corações (Vermelho),1.0,amazon.com.br,Crédito Mastercard e outros,Vendedor,Navegantes,SC,88370.0,"78,90",0,0,0,0,"-10,26",0,0,0,"68,64",Janeiro,2026
29/01/2026,25629750391,Pedido,701-8500850-1548260,4G-7YLB-CHKW,Planejamento Financeiro Pessoal - Planner Financeiro - Controle Financeiro (Preto 1),1.0,amazon.com.br,Visa Crédito,Amazon,Campos dos Goytacazes,RJ,28035.0,"52,90",0,0,0,0,"-6,88",0,0,0,"46,02",Janeiro,2026
29/01/2026,25629575961,Pedido,702-3981819-0305024,AA-2SEI-HBU9,"Planner 2026 - Delicado por fora, poderoso por dentro - organize-se com encanto!",1.0,amazon.com.br,Boleto,Vendedor,Criciúma,SC,88803.0,"78,90",0,0,0,0,"-10,26",0,0,0,"68,64",Janeiro,2026
29/01/2026,25628967091,Serviços de Envio,701-1727630-2405024,,Tarifa de manuseio com base no peso Delivery by Amazon,,Amazon.com.br,Crédito Mastercard e outros,Vendedor,,,,0,0,0,0,0,0,0,"-6,75",0,"-6,75",Janeiro,2026
29/01/2026,25628967091,Serviços de Envio,701-1727630-2405024,,Estorno do frete pago pelo comprador,,Amazon.com.br,Crédito Mastercard e outros,Vendedor,,,,0,0,0,0,0,0,0,0,0,0,Janeiro,2026
29/01/2026,25628967091,Serviços de Envio,701-1705971-1018650,,Tarifa de manuseio com base no peso Delivery by Amazon,,Amazon.com.br,Crédito Mastercard e outros,Vendedor,,,,0,0,0,0,0,0,0,"-6,75",0,"-6,75",Janeiro,2026
29/01/2026,25628967091,Serviços de Envio,701-1705971-1018650,,Estorno do frete pago pelo comprador,,Amazon.com.br,Crédito Mastercard e outros,Vendedor,,,,0,0,0,0,0,0,0,0,0,0,Janeiro,2026
29/01/2026,25628967091,Serviços de Envio,701-6186741-1597021,,Tarifa de manuseio com base no peso Delivery by Amazon,,Amazon.com.br,Crédito Mastercard e outros,Vendedor,,,,0,0,0,0,0,0,0,"-6,75",0,"-6,75",Janeiro,2026
29/01/2026,25628967091,Serviços de Envio,701-6186741-1597021,,Estorno do frete pago pelo comprador,,Amazon.com.br,Crédito Mastercard e outros,Vendedor,,,,0,0,0,0,0,0,0,0,0,0,Janeiro,2026
29/01/2026,25628967091,Serviços de Envio,702-1017780-5717854,,Tarifa de manuseio com base no peso Delivery by Amazon,,Amazon.com.br,Crédito Mastercard e outros,Vendedor,,,,0,0,0,0,0,0,0,"-6,75",0,"-6,75",Janeiro,2026
29/01/2026,25628967091,Serviços de Envio,702-1017780-5717854,,Estorno do frete pago pelo comprador,,Amazon.com.br,Crédito Mastercard e outros,Vendedor,,,,0,0,0,0,0,0,0,0,0,0,Janeiro,2026
29/01/2026,25628967091,Serviços de Envio,701-3512348-3805040,,Tarifa de manuseio com base no peso Delivery by Amazon,,Amazon.com.br,Crédito Mastercard e outros,Vendedor,,,,0,0,0,0,0,0,0,"-6,75",0,"-6,75",Janeiro,2026
29/01/2026,25628967091,Serviços de Envio,701-3512348-3805040,,Estorno do frete pago pelo comprador,,Amazon.com.br,Crédito Mastercard e outros,Vendedor,,,,0,0,0,0,0,0,0,0,0,0,Janeiro,2026
29/01/2026,25628967091,Serviços de Envio,702-5564894-8517008,,Tarifa de manuseio com base no peso Delivery by Amazon,,Amazon.com.br,Crédito Mastercard e outros,Vendedor,,,,0,0,0,0,0,0,0,"-6,75",0,"-6,75",Janeiro,2026
29/01/2026,25628967091,Serviços de Envio,702-5564894-8517008,,Estorno do frete pago pelo comprador,,Amazon.com.br,Crédito Mastercard e outros,Vendedor,,,,0,0,0,0,0,0,0,0,0,0,Janeiro,2026
29/01/2026,25628967091,Serviços de Envio,702-6407404-5351401,,Tarifa de manuseio com base no peso Delivery by Amazon,,Amazon.com.br,Crédito Mastercard e outros,Vendedor,,,,0,0,0,0,0,0,0,"-6,75",0,"-6,75",Janeiro,2026
29/01/2026,25628967091,Serviços de Envio,702-6407404-5351401,,Estorno do frete pago pelo comprador,,Amazon.com.br,Crédito Mastercard e outros,Vendedor,,,,0,0,0,0,0,0,0,0,0,0,Janeiro,2026
29/01/2026,25628967091,Serviços de Envio,701-0773066-1302668,,Tarifa de manuseio com base no peso Delivery by Amazon,,Amazon.com.br,Crédito Mastercard e outros,Vendedor,,,,0,0,0,0,0,0,0,"-6,75",0,"-6,75",Janeiro,2026
29/01/2026,25628967091,Serviços de Envio,701-0773066-1302668,,Estorno do frete pago pelo comprador,,Amazon.com.br,Crédito Mastercard e outros,Vendedor,,,,0,0,0,0,0,0,0,0,0,0,Janeiro,2026
29/01/2026,25628967091,Serviços de Envio,701-6006372-3504208,,Tarifa de manuseio com base no peso Delivery by Amazon,,Amazon.com.br,Crédito Mastercard e outros,Vendedor,,,,0,0,0,0,0,0,0,"-6,75",0,"-6,75",Janeiro,2026
29/01/2026,25628967091,Serviços de Envio,701-6006372-3504208,,Estorno do frete pago pelo comprador,,Amazon.com.br,Crédito Mastercard e outros,Vendedor,,,,0,0,0,0,0,0,0,"-20,00",0,"-20,00",Janeiro,2026
29/01/2026,25628967091,Serviços de Envio,701-8757310-8576211,,Tarifa de manuseio com base no peso Delivery by Amazon,,Amazon.com.br,Crédito Mastercard e outros,Vendedor,,,,0,0,0,0,0,0,0,"-6,75",0,"-6,75",Janeiro,2026
29/01/2026,25628967091,Serviços de Envio,701-8757310-8576211,,Estorno do frete pago pelo comprador,,Amazon.com.br,Crédito Mastercard e outros,Vendedor,,,,0,0,0,0,0,0,0,0,0,0,Janeiro,2026
29/01/2026,25628967091,Serviços de Envio,701-8185781-2568210,,Tarifa de manuseio com base no peso Delivery by Amazon,,Amazon.com.br,Crédito Mastercard e outros,Vendedor,,,,0,0,0,0,0,0,0,"-6,75",0,"-6,75",Janeiro,2026
29/01/2026,25628967091,Serviços de Envio,701-8185781-2568210,,Estorno do frete pago pelo comprador,,Amazon.com.br,Crédito Mastercard e outros,Vendedor,,,,0,0,0,0,0,0,0,0,0,0,Janeiro,2026
29/01/2026,25628967091,Serviços de Envio,702-1999159-0006609,,Tarifa de manuseio com base no peso Delivery by Amazon,,Amazon.com.br,Crédito Mastercard e outros,Vendedor,,,,0,0,0,0,0,0,0,"-6,75",0,"-6,75",Janeiro,2026
29/01/2026,25628967091,Serviços de Envio,702-1999159-0006609,,Estorno do frete pago pelo comprador,,Amazon.com.br,Crédito Mastercard e outros,Vendedor,,,,0,0,0,0,0,0,0,0,0,0,Janeiro,2026
29/01/2026,25628967091,Serviços de Envio,701-9369442-6421004,,Tarifa de manuseio com base no peso Delivery by Amazon,,Amazon.com.br,Crédito Mastercard e outros,Vendedor,,,,0,0,0,0,0,0,0,"-6,75",0,"-6,75",Janeiro,2026
29/01/2026,25628967091,Serviços de Envio,701-9369442-6421004,,Estorno do frete pago pelo comprador,,Amazon.com.br,Crédito Mastercard e outros,Vendedor,,,,0,0,0,0,0,0,0,"-21,53",0,"-21,53",Janeiro,2026
29/01/2026,25628967091,Serviços de Envio,702-8952421-9187427,,Tarifa de manuseio com base no peso Delivery by Amazon,,Amazon.com.br,Crédito Mastercard e outros,Vendedor,,,,0,0,0,0,0,0,0,"-6,75",0,"-6,75",Janeiro,2026
29/01/2026,25628967091,Serviços de Envio,702-8952421-9187427,,Estorno do frete pago pelo comprador,,Amazon.com.br,Crédito Mastercard e outros,Vendedor,,,,0,0,0,0,0,0,0,0,0,0,Janeiro,2026
29/01/2026,25628967091,Serviços de Envio,702-0801824-9141804,,Tarifa de manuseio com base no peso Delivery by Amazon,,Amazon.com.br,Crédito Mastercard e outros,Vendedor,,,,0,0,0,0,0,0,0,"-6,75",0,"-6,75",Janeiro,2026
29/01/2026,25628967091,Serviços de Envio,702-0801824-9141804,,Estorno do frete pago pelo comprador,,Amazon.com.br,Crédito Mastercard e outros,Vendedor,,,,0,0,0,0,0,0,0,0,0,0,Janeiro,2026
29/01/2026,25628967091,Serviços de Envio,702-7354814-8319417,,Tarifa de manuseio com base no peso Delivery by Amazon,,Amazon.com.br,Crédito Mastercard e outros,Vendedor,,,,0,0,0,0,0,0,0,"-6,75",0,"-6,75",Janeiro,2026
29/01/2026,25628967091,Serviços de Envio,702-7354814-8319417,,Estorno do frete pago pelo comprador,,Amazon.com.br,Crédito Mastercard e outros,Vendedor,,,,0,0,0,0,0,0,0,0,0,0,Janeiro,2026
29/01/2026,25628967091,Serviços de Envio,701-5692193-5202666,,Tarifa de manuseio com base no peso Delivery by Amazon,,Amazon.com.br,Crédito Mastercard e outros,Vendedor,,,,0,0,0,0,0,0,0,"-6,75",0,"-6,75",Janeiro,2026
29/01/2026,25628967091,Serviços de Envio,701-5692193-5202666,,Estorno do frete pago pelo comprador,,Amazon.com.br,Crédito Mastercard e outros,Vendedor,,,,0,0,0,0,0,0,0,0,0,0,Janeiro,2026
29/01/2026,25628967091,Serviços de Envio,702-3186682-8804249,,Tarifa de manuseio com base no peso Delivery by Amazon,,Amazon.com.br,Crédito Mastercard e outros,Vendedor,,,,0,0,0,0,0,0,0,"-6,75",0,"-6,75",Janeiro,2026
29/01/2026,25628967091,Serviços de Envio,702-3186682-8804249,,Estorno do frete pago pelo comprador,,Amazon.com.br,Crédito Mastercard e outros,Vendedor,,,,0,0,0,0,0,0,0,0,0,0,Janeiro,2026
29/01/2026,25628967091,Serviços de Envio,702-9852357-5405067,,Tarifa de manuseio com base no peso Delivery by Amazon,,Amazon.com.br,Crédito Mastercard e outros,Vendedor,,,,0,0,0,0,0,0,0,"-17,95",0,"-17,95",Janeiro,2026
29/01/2026,25628967091,Serviços de Envio,702-9852357-5405067,,Estorno do frete pago pelo comprador,,Amazon.com.br,Crédito Mastercard e outros,Vendedor,,,,0,0,0,0,0,0,0,0,0,0,Janeiro,2026
29/01/2026,25628967091,Serviços de Envio,702-8660500-2049804,,Tarifa de manuseio com base no peso Delivery by Amazon,,Amazon.com.br,Crédito Mastercard e outros,Vendedor,,,,0,0,0,0,0,0,0,"-6,75",0,"-6,75",Janeiro,2026
29/01/2026,25628967091,Serviços de Envio,702-8660500-2049804,,Estorno do frete pago pelo comprador,,Amazon.com.br,Crédito Mastercard e outros,Vendedor,,,,0,0,0,0,0,0,0,"-22,02",0,"-22,02",Janeiro,2026
29/01/2026,25628967091,Serviços de Envio,702-3754063-2888227,,Tarifa de manuseio com base no peso Delivery by Amazon,,Amazon.com.br,Crédito Mastercard e outros,Vendedor,,,,0,0,0,0,0,0,0,"-6,75",0,"-6,75",Janeiro,2026
29/01/2026,25628967091,Serviços de Envio,702-3754063-2888227,,Estorno do frete pago pelo comprador,,Amazon.com.br,Crédito Mastercard e outros,Vendedor,,,,0,0,0,0,0,0,0,0,0,0,Janeiro,2026
29/01/2026,25628967091,Serviços de Envio,701-4304181-4672209,,Tarifa de manuseio com base no peso Delivery by Amazon,,Amazon.com.br,Crédito Mastercard e outros,Vendedor,,,,0,0,0,0,0,0,0,"-6,75",0,"-6,75",Janeiro,2026
29/01/2026,25628967091,Serviços de Envio,701-4304181-4672209,,Estorno do frete pago pelo comprador,,Amazon.com.br,Crédito Mastercard e outros,Vendedor,,,,0,0,0,0,0,0,0,0,0,0,Janeiro,2026
29/01/2026,25628967091,Serviços de Envio,701-1035434-2417836,,Tarifa de manuseio com base no peso Delivery by Amazon,,Amazon.com.br,Crédito Mastercard e outros,Vendedor,,,,0,0,0,0,0,0,0,"-6,75",0,"-6,75",Janeiro,2026
29/01/2026,25628967091,Serviços de Envio,701-1035434-2417836,,Estorno do frete pago pelo comprador,,Amazon.com.br,Crédito Mastercard e outros,Vendedor,,,,0,0,0,0,0,0,0,0,0,0,Janeiro,2026
29/01/2026,25628967091,Serviços de Envio,702-8223852-7531413,,Tarifa de manuseio com base no peso Delivery by Amazon,,Amazon.com.br,Crédito Mastercard e outros,Vendedor,,,,0,0,0,0,0,0,0,"-6,75",0,"-6,75",Janeiro,2026
29/01/2026,25628967091,Serviços de Envio,702-8223852-7531413,,Estorno do frete pago pelo comprador,,Amazon.com.br,Crédito Mastercard e outros,Vendedor,,,,0,0,0,0,0,0,0,"-22,57",0,"-22,57",Janeiro,2026
29/01/2026,25628967091,Serviços de Envio,701-2901030-6271461,,Tarifa de manuseio com base no peso Delivery by Amazon,,Amazon.com.br,Crédito Mastercard e outros,Vendedor,,,,0,0,0,0,0,0,0,"-6,75",0,"-6,75",Janeiro,2026
29/01/2026,25628967091,Serviços de Envio,701-2901030-6271461,,Estorno do frete pago pelo comprador,,Amazon.com.br,Crédito Mastercard e outros,Vendedor,,,,0,0,0,0,0,0,0,0,0,0,Janeiro,2026
29/01/2026,25628967091,Serviços de Envio,701-6673128-6865068,,Tarifa de manuseio com base no peso Delivery by Amazon,,Amazon.com.br,Crédito Mastercard e outros,Vendedor,,,,0,0,0,0,0,0,0,"-6,75",0,"-6,75",Janeiro,2026
29/01/2026,25628967091,Serviços de Envio,701-6673128-6865068,,Estorno do frete pago pelo comprador,,Amazon.com.br,Crédito Mastercard e outros,Vendedor,,,,0,0,0,0,0,0,0,"-21,35",0,"-21,35",Janeiro,2026
29/01/2026,25628967091,Serviços de Envio,701-5347801-5823441,,Tarifa de manuseio com base no peso Delivery by Amazon,,Amazon.com.br,Crédito Mastercard e outros,Vendedor,,,,0,0,0,0,0,0,0,"-6,75",0,"-6,75",Janeiro,2026
29/01/2026,25628967091,Serviços de Envio,701-5347801-5823441,,Estorno do frete pago pelo comprador,,Amazon.com.br,Crédito Mastercard e outros,Vendedor,,,,0,0,0,0,0,0,0,0,0,0,Janeiro,2026
29/01/2026,25628967091,Serviços de Envio,702-5775700-3666667,,Tarifa de manuseio com base no peso Delivery by Amazon,,Amazon.com.br,Crédito Mastercard e outros,Vendedor,,,,0,0,0,0,0,0,0,"-6,75",0,"-6,75",Janeiro,2026
29/01/2026,25628967091,Serviços de Envio,702-5775700-3666667,,Estorno do frete pago pelo comprador,,Amazon.com.br,Crédito Mastercard e outros,Vendedor,,,,0,0,0,0,0,0,0,0,0,0,Janeiro,2026
29/01/2026,25628967091,Serviços de Envio,701-8150268-5068208,,Tarifa de manuseio com base no peso Delivery by Amazon,,Amazon.com.br,Crédito Mastercard e outros,Vendedor,,,,0,0,0,0,0,0,0,"-6,75",0,"-6,75",Janeiro,2026
29/01/2026,25628967091,Serviços de Envio,701-8150268-5068208,,Estorno do frete pago pelo comprador,,Amazon.com.br,Crédito Mastercard e outros,Vendedor,,,,0,0,0,0,0,0,0,0,0,0,Janeiro,2026
29/01/2026,25628967091,Serviços de Envio,701-3558027-1642615,,Tarifa de manuseio com base no peso Delivery by Amazon,,Amazon.com.br,Crédito Mastercard e outros,Vendedor,,,,0,0,0,0,0,0,0,"-13,50",0,"-13,50",Janeiro,2026
29/01/2026,25628967091,Serviços de Envio,701-3558027-1642615,,Estorno do frete pago pelo comprador,,Amazon.com.br,Crédito Mastercard e outros,Vendedor,,,,0,0,0,0,0,0,0,0,0,0,Janeiro,2026
29/01/2026,25628967091,Serviços de Envio,702-4921306-5973817,,Tarifa de manuseio com base no peso Delivery by Amazon,,Amazon.com.br,Crédito Mastercard e outros,Vendedor,,,,0,0,0,0,0,0,0,"-6,75",0,"-6,75",Janeiro,2026
29/01/2026,25628967091,Serviços de Envio,702-4921306-5973817,,Estorno do frete pago pelo comprador,,Amazon.com.br,Crédito Mastercard e outros,Vendedor,,,,0,0,0,0,0,0,0,0,0,0,Janeiro,2026
29/01/2026,25628967091,Serviços de Envio,702-8652457-8442628,,Tarifa de manuseio com base no peso Delivery by Amazon,,Amazon.com.br,Crédito Mastercard e outros,Vendedor,,,,0,0,0,0,0,0,0,"-6,75",0,"-6,75",Janeiro,2026
29/01/2026,25628967091,Serviços de Envio,702-8652457-8442628,,Estorno do frete pago pelo comprador,,Amazon.com.br,Crédito Mastercard e outros,Vendedor,,,,0,0,0,0,0,0,0,0,0,0,Janeiro,2026
29/01/2026,25628967091,Serviços de Envio,701-0312726-3542664,,Tarifa de manuseio com base no peso Delivery by Amazon,,Amazon.com.br,Crédito Mastercard e outros,Vendedor,,,,0,0,0,0,0,0,0,"-6,75",0,"-6,75",Janeiro,2026
29/01/2026,25628967091,Serviços de Envio,701-0312726-3542664,,Estorno do frete pago pelo comprador,,Amazon.com.br,Crédito Mastercard e outros,Vendedor,,,,0,0,0,0,0,0,0,0,0,0,Janeiro,2026
29/01/2026,25628967091,Serviços de Envio,701-4155464-2114621,,Tarifa de manuseio com base no peso Delivery by Amazon,,Amazon.com.br,Crédito Mastercard e outros,Vendedor,,,,0,0,0,0,0,0,0,"-6,75",0,"-6,75",Janeiro,2026
29/01/2026,25628967091,Serviços de Envio,701-4155464-2114621,,Estorno do frete pago pelo comprador,,Amazon.com.br,Crédito Mastercard e outros,Vendedor,,,,0,0,0,0,0,0,0,0,0,0,Janeiro,2026
29/01/2026,25628967091,Serviços de Envio,701-6540370-0525835,,Tarifa de manuseio com base no peso Delivery by Amazon,,Amazon.com.br,Crédito Mastercard e outros,Vendedor,,,,0,0,0,0,0,0,0,"-6,75",0,"-6,75",Janeiro,2026
29/01/2026,25628967091,Serviços de Envio,701-6540370-0525835,,Estorno do frete pago pelo comprador,,Amazon.com.br,Crédito Mastercard e outros,Vendedor,,,,0,0,0,0,0,0,0,0,0,0,Janeiro,2026
29/01/2026,25628967091,Serviços de Envio,702-2687307-8254642,,Tarifa de manuseio com base no peso Delivery by Amazon,,Amazon.com.br,Crédito Mastercard e outros,Vendedor,,,,0,0,0,0,0,0,0,"-6,75",0,"-6,75",Janeiro,2026
29/01/2026,25628967091,Serviços de Envio,702-2687307-8254642,,Estorno do frete pago pelo comprador,,Amazon.com.br,Crédito Mastercard e outros,Vendedor,,,,0,0,0,0,0,0,0,0,0,0,Janeiro,2026
29/01/2026,25628967091,Serviços de Envio,702-1180302-8605851,,Tarifa de manuseio com base no peso Delivery by Amazon,,Amazon.com.br,Crédito Mastercard e outros,Vendedor,,,,0,0,0,0,0,0,0,"-6,75",0,"-6,75",Janeiro,2026
29/01/2026,25628967091,Serviços de Envio,702-1180302-8605851,,Estorno do frete pago pelo comprador,,Amazon.com.br,Crédito Mastercard e outros,Vendedor,,,,0,0,0,0,0,0,0,0,0,0,Janeiro,2026
29/01/2026,25628967091,Serviços de Envio,701-0904410-6281050,,Tarifa de manuseio com base no peso Delivery by Amazon,,Amazon.com.br,Crédito Mastercard e outros,Vendedor,,,,0,0,0,0,0,0,0,"-6,75",0,"-6,75",Janeiro,2026
29/01/2026,25628967091,Serviços de Envio,701-0904410-6281050,,Estorno do frete pago pelo comprador,,Amazon.com.br,Crédito Mastercard e outros,Vendedor,,,,0,0,0,0,0,0,0,0,0,0,Janeiro,2026
29/01/2026,25628967091,Serviços de Envio,701-1041382-1436242,,Tarifa de manuseio com base no peso Delivery by Amazon,,Amazon.com.br,Crédito Mastercard e outros,Vendedor,,,,0,0,0,0,0,0,0,"-6,75",0,"-6,75",Janeiro,2026
29/01/2026,25628967091,Serviços de Envio,701-1041382-1436242,,Estorno do frete pago pelo comprador,,Amazon.com.br,Crédito Mastercard e outros,Vendedor,,,,0,0,0,0,0,0,0,0,0,0,Janeiro,2026
29/01/2026,25628967091,Serviços de Envio,701-4999589-3254602,,Tarifa de manuseio com base no peso Delivery by Amazon,,Amazon.com.br,Crédito Mastercard e outros,Vendedor,,,,0,0,0,0,0,0,0,"-6,75",0,"-6,75",Janeiro,2026
29/01/2026,25628967091,Serviços de Envio,701-4999589-3254602,,Estorno do frete pago pelo comprador,,Amazon.com.br,Crédito Mastercard e outros,Vendedor,,,,0,0,0,0,0,0,0,0,0,0,Janeiro,2026
29/01/2026,25628967091,Serviços de Envio,701-4898626-2423416,,Tarifa de manuseio com base no peso Delivery by Amazon,,Amazon.com.br,Crédito Mastercard e outros,Vendedor,,,,0,0,0,0,0,0,0,"-6,75",0,"-6,75",Janeiro,2026
29/01/2026,25628967091,Serviços de Envio,701-4898626-2423416,,Estorno do frete pago pelo comprador,,Amazon.com.br,Crédito Mastercard e outros,Vendedor,,,,0,0,0,0,0,0,0,"-21,08",0,"-21,08",Janeiro,2026
29/01/2026,25628967091,Serviços de Envio,701-8618906-6754638,,Tarifa de manuseio com base no peso Delivery by Amazon,,Amazon.com.br,Crédito Mastercard e outros,Vendedor,,,,0,0,0,0,0,0,0,"-6,75",0,"-6,75",Janeiro,2026
29/01/2026,25628967091,Serviços de Envio,701-8618906-6754638,,Estorno do frete pago pelo comprador,,Amazon.com.br,Crédito Mastercard e outros,Vendedor,,,,0,0,0,0,0,0,0,"-21,80",0,"-21,80",Janeiro,2026
29/01/2026,25628967091,Serviços de Envio,701-7025815-9637833,,Tarifa de manuseio com base no peso Delivery by Amazon,,Amazon.com.br,Crédito Mastercard e outros,Vendedor,,,,0,0,0,0,0,0,0,"-6,75",0,"-6,75",Janeiro,2026
29/01/2026,25628967091,Serviços de Envio,701-7025815-9637833,,Estorno do frete pago pelo comprador,,Amazon.com.br,Crédito Mastercard e outros,Vendedor,,,,0,0,0,0,0,0,0,0,0,0,Janeiro,2026
29/01/2026,25628967091,Reembolsos,701-7041178-8544225,9X-HUC9-I83L,Reembolso para pacotes extraviados,1.0,amazon.com.br,Crédito Mastercard e outros,Vendedor,,,,0,0,0,0,0,0,0,0,"78,90","78,90",Janeiro,2026
29/01/2026,25629750391,Pedido,702-2696641-9220224,MQ-STXD-11EM,"Planner Premium 2026 - Planejamento Anual com Roda da Vida A5, Gestão Financeira, Organização Pessoal, Metas e Saúde, Capa Dura Laminada, Agenda S",1.0,amazon.com.br,Visa Crédito,Vendedor,São José do Rio Pardo,SP,13720.0,"68,90",0,0,0,0,"-8,96",0,0,0,"59,94",Janeiro,2026
29/01/2026,25628967091,Pedido,701-4869378-4516238,BT-HCTV-ZOJY,"Planner 2026 Napolitano - Planejamento Anual com Roda da Vida A5, Gestão Financeira, Organização Pessoal, Metas e Saúde, Capa Dura Laminada, Agend",1.0,amazon.com.br,Crédito Mastercard e outros,Vendedor,Uberlândia,MG,38406.0,"78,90",0,0,0,0,"-10,26",0,0,0,"68,64",Janeiro,2026
29/01/2026,25628967091,Pedido,702-5390397-1425014,BT-HCTV-ZOJY,"Planner 2026 Napolitano - Planejamento Anual com Roda da Vida A5, Gestão Financeira, Organização Pessoal, Metas e Saúde, Capa Dura Laminada, Agend",1.0,amazon.com.br,Crédito Mastercard e outros,Vendedor,Vargem Grande Paulista,SP,6741.0,"78,90",0,0,0,0,"-10,26",0,0,0,"68,64",Janeiro,2026
29/01/2026,25629750391,Pedido,701-1874305-6941819,0Q-EK6Z-SV84,"Planner 2026 Floral - Planejamento Anual com Roda da Vida A5, Gestão Financeira, Organização Pessoal, Metas e Saúde, Capa Dura Laminada, Agenda Se",1.0,amazon.com.br,Visa Crédito,Vendedor,Porto Alegre,RS,90480.0,"78,90","65,90",0,0,0,"-18,82",0,0,0,"125,98",Janeiro,2026
29/01/2026,25629750391,Reembolso,701-7047651-8530639,92-CTAN-4AJQ,Caderno Scrapbook - 20 Folhas - Livro De Assinatura Folhas Pretas 20x19 Álbum De Fotos Scrapbook Preto 40 Páginas - 20x19,1.0,amazon.com.br,Visa Crédito,Amazon,Rio de Janeiro,RJ,22790.0,"-78,90",0,0,0,0,"7,58",0,0,0,"-71,32",Janeiro,2026
29/01/2026,25629575961,Pedido,702-7083268-9753056,J7-1RCD-8P3P,Scrapbook Kraft 20x20: Crie Seu Álbum Artesanal Único,1.0,amazon.com.br,Boleto,Amazon,São Bernardo do Campo,SP,9601.0,"68,90",0,0,0,0,"-8,27",0,0,0,"60,63",Janeiro,2026
30/01/2026,25628967091,Pedido,701-0099095-6937869,VQ-1XP0-KLCF,Planner Permanente Vintage - Agenda Semanal e Mensal com Capa Clássica Wire-O,1.0,amazon.com.br,Crédito Mastercard e outros,Vendedor,Sao Paulo,Sp,4508.0,"78,90",0,0,0,0,"-10,26",0,0,0,"68,64",Janeiro,2026
30/01/2026,25628967091,Reembolsos,701-8214309-9843424,G9-9VAH-U4FR,Reembolso para pacotes extraviados,1.0,amazon.com.br,Crédito Mastercard e outros,Vendedor,,,,0,0,0,0,0,0,0,0,"60,17","60,17",Janeiro,2026
30/01/2026,25628967091,Pedido,702-5011153-6533023,J7-1RCD-8P3P,Scrapbook Kraft 20x20: Crie Seu Álbum Artesanal Único,1.0,amazon.com.br,Crédito Mastercard e outros,Amazon,Brasília,Distrito Federal,71907.0,"68,90",0,0,0,0,"-8,27",0,0,0,"60,63",Janeiro,2026
30/01/2026,25628967091,Pedido,702-4848525-3180260,9X-HUC9-I83L,"Planner 2026 - Respire, floresça, torne-se - um planner para sua melhor versão!",1.0,amazon.com.br,Crédito Mastercard e outros,Vendedor,Rio de Janeiro,RJ,20755.0,"78,90","66,12",0,0,0,"-18,85",0,0,0,"126,17",Janeiro,2026
30/01/2026,25629750391,Pedido,702-3085170-6456210,RA-KICF-0Q47,"Caderno Preto 20x20cm - Scrapbook Álbum De Fotos Preto 20 Folhas / 40 Páginas - Gramatura 200, Folhas Grossas",1.0,amazon.com.br,Visa Crédito,Vendedor,São Paulo,SP,3015.0,"58,90",0,0,0,0,"-7,07",0,0,0,"51,83",Janeiro,2026
30/01/2026,25628967091,Pedido,701-8636847-1922644,AA-2SEI-HBU9,"Planner 2026 - Delicado por fora, poderoso por dentro - organize-se com encanto!",1.0,amazon.com.br,Crédito Mastercard e outros,Vendedor,Carlos Barbosa,RS,95185.0,"78,90",0,0,0,0,"-10,26",0,0,0,"68,64",Janeiro,2026
30/01/2026,25629750391,Reembolso,701-1967779-6992213,HJ-GKXE-8FVO,Agenda 2026 Cristã 1 Dia por Folha com Versículos Bíblicos 2026,1.0,amazon.com.br,Visa Crédito,Amazon,DOURADOS,Mato Grosso do Sul,79805.0,"-58,90",0,0,0,0,"6,13",0,0,0,"-52,77",Janeiro,2026
30/01/2026,25629575961,Pedido,701-4439543-0321018,RA-KICF-0Q47,"Caderno Preto 20x20cm - Scrapbook Álbum De Fotos Preto 20 Folhas / 40 Páginas - Gramatura 200, Folhas Grossas",1.0,amazon.com.br,Boleto,Vendedor,São paulo,Sp,3424.0,"58,90",0,0,0,0,"-7,07",0,0,0,"51,83",Janeiro,2026
30/01/2026,25629750391,Pedido,701-0985809-2235451,RA-KICF-0Q47,"Caderno Preto 20x20cm - Scrapbook Álbum De Fotos Preto 20 Folhas / 40 Páginas - Gramatura 200, Folhas Grossas",1.0,amazon.com.br,Visa Crédito,Vendedor,Rio de Janeiro,RJ,20541.0,"58,90",0,0,0,0,"-7,07",0,0,0,"51,83",Janeiro,2026
30/01/2026,25628967091,Pedido,702-3625711-3668266,IS-UA22-XKCF,Planner 2026 - Cada flor no seu tempo: planeje o ano com calma e propósito.,1.0,amazon.com.br,Crédito Mastercard e outros,Vendedor,Balneário Camboriú,SC,88330.0,"78,90",0,0,0,0,"-10,26",0,0,0,"68,64",Janeiro,2026
30/01/2026,25628967091,Pedido,701-5310553-8604254,9X-HUC9-I83L,"Planner 2026 - Respire, floresça, torne-se - um planner para sua melhor versão!",1.0,amazon.com.br,Crédito Mastercard e outros,Vendedor,São Paulo,SP,3360.0,"78,90",0,0,0,0,"-10,26",0,0,0,"68,64",Janeiro,2026
30/01/2026,25628967091,Pedido,702-9962565-4662667,RA-KICF-0Q47,"Caderno Preto 20x20cm - Scrapbook Álbum De Fotos Preto 20 Folhas / 40 Páginas - Gramatura 200, Folhas Grossas",1.0,amazon.com.br,Crédito Mastercard e outros,Vendedor,Campinas,Sao Paulo,13049.0,"58,90",0,0,0,0,"-7,07",0,0,0,"51,83",Janeiro,2026
30/01/2026,25629750391,Pedido,702-8719069-2159442,0Q-EK6Z-SV84,"Planner 2026 Floral - Planejamento Anual com Roda da Vida A5, Gestão Financeira, Organização Pessoal, Metas e Saúde, Capa Dura Laminada, Agenda Se",1.0,amazon.com.br,Visa Crédito,Vendedor,Porto Alegre,RS,90670.0,"78,90",0,0,0,0,"-10,26",0,0,0,"68,64",Janeiro,2026
30/01/2026,25628967091,Pedido,702-0758028-7988239,MQ-STXD-11EM,"Planner Premium 2026 - Planejamento Anual com Roda da Vida A5, Gestão Financeira, Organização Pessoal, Metas e Saúde, Capa Dura Laminada, Agenda S",1.0,amazon.com.br,Crédito Mastercard e outros,Vendedor,Niterói,RJ,24241.0,"68,90","17,20",0,0,0,"-11,19",0,0,0,"74,91",Janeiro,2026
30/01/2026,25629575961,Pedido,701-4797497-9553037,MQ-STXD-11EM,"Planner Premium 2026 - Planejamento Anual com Roda da Vida A5, Gestão Financeira, Organização Pessoal, Metas e Saúde, Capa Dura Laminada, Agenda S",1.0,amazon.com.br,Boleto,Vendedor,Fortaleza,CE,60355.0,"68,90","21,80",0,0,0,"-8,96",0,0,0,"81,74",Janeiro,2026
30/01/2026,25628967091,Pedido,702-6356736-1406665,DS-AD46-QLZ8,Planner Semanal para o Ano Todo - Várias Capas Lindas!,1.0,amazon.com.br,Crédito Mastercard e outros,Amazon,Boa Vista,RR,69317.0,"49,90",0,0,0,0,"-6,49",0,0,0,"43,41",Janeiro,2026
30/01/2026,25629575941,Pedido,702-9032268-5089017,4S-C6M7-1NCT,Planner 2026 Amarelo - Life Capa Dura com Controle Financeiro e Roda da Vida,1.0,amazon.com.br,Elo,Vendedor,São Paulo,SP,4835.0,"78,90",0,0,0,0,"-10,26",0,0,0,"68,64",Janeiro,2026
30/01/2026,25628967091,Pedido,702-3759856-6101011,DS-AD46-QLZ8,Planner Semanal para o Ano Todo - Várias Capas Lindas!,1.0,amazon.com.br,Crédito Mastercard e outros,Amazon,Rio de Janeiro,RJ,22221.0,"49,90","8,90",0,"-8,90",0,"-6,49",0,0,0,"43,41",Janeiro,2026
30/01/2026,25628967091,Pedido,702-0304915-1621034,WC-0G0K-5CCC,"Planner Financeiro Mensal Datado 2026, Roda Da Vida A5 -Planejamento anual, Organização pessoal Metas e objetivos, Gestão financeira Monitoramento",1.0,amazon.com.br,Crédito Mastercard e outros,Vendedor,São Carlos,SP,13574.0,"75,90",0,0,0,0,"-9,87",0,0,0,"66,03",Janeiro,2026
30/01/2026,25628967091,Pedido,702-3309952-2831420,MQ-STXD-11EM,"Planner Premium 2026 - Planejamento Anual com Roda da Vida A5, Gestão Financeira, Organização Pessoal, Metas e Saúde, Capa Dura Laminada, Agenda S",1.0,amazon.com.br,Crédito Mastercard e outros,Vendedor,Colombo,PR,83409.0,"68,90",0,0,0,0,"-8,96",0,0,0,"59,94",Janeiro,2026
30/01/2026,25629750391,Pedido,701-1219609-1555427,14-02SK-RART,Caderno De Anotações - 200 Pag - Flores Naturais,1.0,amazon.com.br,Visa Crédito,Amazon,Rio de Janeiro,RJ,20745.0,"49,90","8,90",0,"-8,90",0,"-6,49",0,0,0,"43,41",Janeiro,2026
30/01/2026,25628967091,Pedido,701-6400613-4697819,MY-P05M-MBEP,"Caderno Quadriculado 1x1cm, Capa dura, diversas capas, 80 folhas, 24x15cm",1.0,amazon.com.br,Crédito Mastercard e outros,Vendedor,Porto Alegre,RS,91110.0,"38,90",0,0,0,0,"-5,06",0,0,0,"33,84",Janeiro,2026
30/01/2026,25629750391,Pedido,701-7556084-5238608,RA-KICF-0Q47,"Caderno Preto 20x20cm - Scrapbook Álbum De Fotos Preto 20 Folhas / 40 Páginas - Gramatura 200, Folhas Grossas",1.0,amazon.com.br,Visa Crédito,Vendedor,São Paulo,SP,4304.0,"58,90",0,0,0,0,"-7,07",0,0,0,"51,83",Janeiro,2026
30/01/2026,25628967091,Pedido,702-1232357-6788216,RA-KICF-0Q47,"Caderno Preto 20x20cm - Scrapbook Álbum De Fotos Preto 20 Folhas / 40 Páginas - Gramatura 200, Folhas Grossas",1.0,amazon.com.br,Crédito Mastercard e outros,Vendedor,Suzano,SP,8610.0,"58,90",0,0,0,0,"-7,07",0,0,0,"51,83",Janeiro,2026
30/01/2026,25629750391,Pedido,702-3521447-5833831,0Q-EK6Z-SV84,"Planner 2026 Floral - Planejamento Anual com Roda da Vida A5, Gestão Financeira, Organização Pessoal, Metas e Saúde, Capa Dura Laminada, Agenda Se",1.0,amazon.com.br,Visa Crédito,Vendedor,São Paulo,SP,1259.0,"78,90",0,0,0,0,"-10,26",0,0,0,"68,64",Janeiro,2026
30/01/2026,25629575961,Pedido,701-7147975-4223469,XH-KNXQ-DP76,"Planner 2026 - Um planner para viver com mais cor, equilíbrio e inspiração.",1.0,amazon.com.br,Boleto,Vendedor,Santa Bárbara D'Oeste,SP,13451.0,"78,90","25,38",0,0,0,"-13,56",0,0,0,"90,72",Janeiro,2026
30/01/2026,25628967091,Serviços de Envio,702-6965369-7059404,,Tarifa de manuseio com base no peso Delivery by Amazon,,Amazon.com.br,Crédito Mastercard e outros,Vendedor,,,,0,0,0,0,0,0,0,"-6,75",0,"-6,75",Janeiro,2026
30/01/2026,25628967091,Serviços de Envio,702-6965369-7059404,,Estorno do frete pago pelo comprador,,Amazon.com.br,Crédito Mastercard e outros,Vendedor,,,,0,0,0,0,0,0,0,0,0,0,Janeiro,2026
30/01/2026,25628967091,Serviços de Envio,702-0684670-4488265,,Tarifa de manuseio com base no peso Delivery by Amazon,,Amazon.com.br,Crédito Mastercard e outros,Vendedor,,,,0,0,0,0,0,0,0,"-6,75",0,"-6,75",Janeiro,2026
30/01/2026,25628967091,Serviços de Envio,702-0684670-4488265,,Estorno do frete pago pelo comprador,,Amazon.com.br,Crédito Mastercard e outros,Vendedor,,,,0,0,0,0,0,0,0,0,0,0,Janeiro,2026
30/01/2026,25628967091,Serviços de Envio,702-8010244-3342613,,Tarifa de manuseio com base no peso Delivery by Amazon,,Amazon.com.br,Crédito Mastercard e outros,Vendedor,,,,0,0,0,0,0,0,0,"-6,75",0,"-6,75",Janeiro,2026
30/01/2026,25628967091,Serviços de Envio,702-8010244-3342613,,Estorno do frete pago pelo comprador,,Amazon.com.br,Crédito Mastercard e outros,Vendedor,,,,0,0,0,0,0,0,0,0,0,0,Janeiro,2026
30/01/2026,25628967091,Serviços de Envio,701-3001555-8835458,,Tarifa de manuseio com base no peso Delivery by Amazon,,Amazon.com.br,Crédito Mastercard e outros,Vendedor,,,,0,0,0,0,0,0,0,"-6,75",0,"-6,75",Janeiro,2026
30/01/2026,25628967091,Serviços de Envio,701-3001555-8835458,,Estorno do frete pago pelo comprador,,Amazon.com.br,Crédito Mastercard e outros,Vendedor,,,,0,0,0,0,0,0,0,0,0,0,Janeiro,2026
30/01/2026,25628967091,Serviços de Envio,702-2996818-1340268,,Tarifa de manuseio com base no peso Delivery by Amazon,,Amazon.com.br,Crédito Mastercard e outros,Vendedor,,,,0,0,0,0,0,0,0,"-6,75",0,"-6,75",Janeiro,2026
30/01/2026,25628967091,Serviços de Envio,702-2996818-1340268,,Estorno do frete pago pelo comprador,,Amazon.com.br,Crédito Mastercard e outros,Vendedor,,,,0,0,0,0,0,0,0,0,0,0,Janeiro,2026
30/01/2026,25628967091,Serviços de Envio,702-0193801-9954641,,Tarifa de manuseio com base no peso Delivery by Amazon,,Amazon.com.br,Crédito Mastercard e outros,Vendedor,,,,0,0,0,0,0,0,0,"-6,75",0,"-6,75",Janeiro,2026
30/01/2026,25628967091,Serviços de Envio,702-0193801-9954641,,Estorno do frete pago pelo comprador,,Amazon.com.br,Crédito Mastercard e outros,Vendedor,,,,0,0,0,0,0,0,0,0,0,0,Janeiro,2026
30/01/2026,25628967091,Serviços de Envio,702-3579291-1016217,,Tarifa de manuseio com base no peso Delivery by Amazon,,Amazon.com.br,Crédito Mastercard e outros,Vendedor,,,,0,0,0,0,0,0,0,"-6,75",0,"-6,75",Janeiro,2026
30/01/2026,25628967091,Serviços de Envio,702-3579291-1016217,,Estorno do frete pago pelo comprador,,Amazon.com.br,Crédito Mastercard e outros,Vendedor,,,,0,0,0,0,0,0,0,0,0,0,Janeiro,2026
30/01/2026,25628967091,Serviços de Envio,702-2290928-6273042,,Tarifa de manuseio com base no peso Delivery by Amazon,,Amazon.com.br,Crédito Mastercard e outros,Vendedor,,,,0,0,0,0,0,0,0,"-6,75",0,"-6,75",Janeiro,2026
30/01/2026,25628967091,Serviços de Envio,702-2290928-6273042,,Estorno do frete pago pelo comprador,,Amazon.com.br,Crédito Mastercard e outros,Vendedor,,,,0,0,0,0,0,0,0,"-21,47",0,"-21,47",Janeiro,2026
30/01/2026,25628967091,Serviços de Envio,702-3069300-5230645,,Tarifa de manuseio com base no peso Delivery by Amazon,,Amazon.com.br,Crédito Mastercard e outros,Vendedor,,,,0,0,0,0,0,0,0,"-6,75",0,"-6,75",Janeiro,2026
30/01/2026,25628967091,Serviços de Envio,702-3069300-5230645,,Estorno do frete pago pelo comprador,,Amazon.com.br,Crédito Mastercard e outros,Vendedor,,,,0,0,0,0,0,0,0,"-21,57",0,"-21,57",Janeiro,2026
30/01/2026,25628967091,Serviços de Envio,701-9424903-1660238,,Tarifa de manuseio com base no peso Delivery by Amazon,,Amazon.com.br,Crédito Mastercard e outros,Vendedor,,,,0,0,0,0,0,0,0,"-6,75",0,"-6,75",Janeiro,2026
30/01/2026,25628967091,Serviços de Envio,701-9424903-1660238,,Estorno do frete pago pelo comprador,,Amazon.com.br,Crédito Mastercard e outros,Vendedor,,,,0,0,0,0,0,0,0,0,0,0,Janeiro,2026
30/01/2026,25628967091,Serviços de Envio,702-3892143-9392234,,Tarifa de manuseio com base no peso Delivery by Amazon,,Amazon.com.br,Crédito Mastercard e outros,Vendedor,,,,0,0,0,0,0,0,0,"-6,75",0,"-6,75",Janeiro,2026
30/01/2026,25628967091,Serviços de Envio,702-3892143-9392234,,Estorno do frete pago pelo comprador,,Amazon.com.br,Crédito Mastercard e outros,Vendedor,,,,0,0,0,0,0,0,0,0,0,0,Janeiro,2026
30/01/2026,25628967091,Serviços de Envio,701-6744938-7521816,,Tarifa de manuseio com base no peso Delivery by Amazon,,Amazon.com.br,Crédito Mastercard e outros,Vendedor,,,,0,0,0,0,0,0,0,"-6,75",0,"-6,75",Janeiro,2026
30/01/2026,25628967091,Serviços de Envio,701-6744938-7521816,,Estorno do frete pago pelo comprador,,Amazon.com.br,Crédito Mastercard e outros,Vendedor,,,,0,0,0,0,0,0,0,0,0,0,Janeiro,2026
30/01/2026,25628967091,Serviços de Envio,701-3902123-9666648,,Tarifa de manuseio com base no peso Delivery by Amazon,,Amazon.com.br,Crédito Mastercard e outros,Vendedor,,,,0,0,0,0,0,0,0,"-6,75",0,"-6,75",Janeiro,2026
30/01/2026,25628967091,Serviços de Envio,701-3902123-9666648,,Estorno do frete pago pelo comprador,,Amazon.com.br,Crédito Mastercard e outros,Vendedor,,,,0,0,0,0,0,0,0,0,0,0,Janeiro,2026
30/01/2026,25628967091,Serviços de Envio,702-4473662-0561061,,Tarifa de manuseio com base no peso Delivery by Amazon,,Amazon.com.br,Crédito Mastercard e outros,Vendedor,,,,0,0,0,0,0,0,0,"-6,75",0,"-6,75",Janeiro,2026
30/01/2026,25628967091,Serviços de Envio,702-4473662-0561061,,Estorno do frete pago pelo comprador,,Amazon.com.br,Crédito Mastercard e outros,Vendedor,,,,0,0,0,0,0,0,0,0,0,0,Janeiro,2026
30/01/2026,25628967091,Serviços de Envio,701-6486915-2029866,,Tarifa de manuseio com base no peso Delivery by Amazon,,Amazon.com.br,Crédito Mastercard e outros,Vendedor,,,,0,0,0,0,0,0,0,"-6,75",0,"-6,75",Janeiro,2026
30/01/2026,25628967091,Serviços de Envio,701-6486915-2029866,,Estorno do frete pago pelo comprador,,Amazon.com.br,Crédito Mastercard e outros,Vendedor,,,,0,0,0,0,0,0,0,0,0,0,Janeiro,2026
30/01/2026,25628967091,Serviços de Envio,701-8948701-8231408,,Tarifa de manuseio com base no peso Delivery by Amazon,,Amazon.com.br,Crédito Mastercard e outros,Vendedor,,,,0,0,0,0,0,0,0,"-6,75",0,"-6,75",Janeiro,2026
30/01/2026,25628967091,Serviços de Envio,701-8948701-8231408,,Estorno do frete pago pelo comprador,,Amazon.com.br,Crédito Mastercard e outros,Vendedor,,,,0,0,0,0,0,0,0,0,0,0,Janeiro,2026
30/01/2026,25628967091,Serviços de Envio,701-7940383-4437849,,Tarifa de manuseio com base no peso Delivery by Amazon,,Amazon.com.br,Crédito Mastercard e outros,Vendedor,,,,0,0,0,0,0,0,0,"-6,75",0,"-6,75",Janeiro,2026
30/01/2026,25628967091,Serviços de Envio,701-7940383-4437849,,Estorno do frete pago pelo comprador,,Amazon.com.br,Crédito Mastercard e outros,Vendedor,,,,0,0,0,0,0,0,0,0,0,0,Janeiro,2026
30/01/2026,25628967091,Serviços de Envio,702-5348413-2622645,,Tarifa de manuseio com base no peso Delivery by Amazon,,Amazon.com.br,Crédito Mastercard e outros,Vendedor,,,,0,0,0,0,0,0,0,"-6,75",0,"-6,75",Janeiro,2026
30/01/2026,25628967091,Serviços de Envio,702-5348413-2622645,,Estorno do frete pago pelo comprador,,Amazon.com.br,Crédito Mastercard e outros,Vendedor,,,,0,0,0,0,0,0,0,0,0,0,Janeiro,2026
30/01/2026,25628967091,Serviços de Envio,702-0207670-2376218,,Tarifa de manuseio com base no peso Delivery by Amazon,,Amazon.com.br,Crédito Mastercard e outros,Vendedor,,,,0,0,0,0,0,0,0,"-6,75",0,"-6,75",Janeiro,2026
30/01/2026,25628967091,Serviços de Envio,702-0207670-2376218,,Estorno do frete pago pelo comprador,,Amazon.com.br,Crédito Mastercard e outros,Vendedor,,,,0,0,0,0,0,0,0,0,0,0,Janeiro,2026
30/01/2026,25628967091,Serviços de Envio,701-3537770-4733062,,Tarifa de manuseio com base no peso Delivery by Amazon,,Amazon.com.br,Crédito Mastercard e outros,Vendedor,,,,0,0,0,0,0,0,0,"-6,75",0,"-6,75",Janeiro,2026
30/01/2026,25628967091,Serviços de Envio,701-3537770-4733062,,Estorno do frete pago pelo comprador,,Amazon.com.br,Crédito Mastercard e outros,Vendedor,,,,0,0,0,0,0,0,0,0,0,0,Janeiro,2026
30/01/2026,25628967091,Serviços de Envio,702-1986348-0802602,,Tarifa de manuseio com base no peso Delivery by Amazon,,Amazon.com.br,Crédito Mastercard e outros,Vendedor,,,,0,0,0,0,0,0,0,"-6,50",0,"-6,50",Janeiro,2026
30/01/2026,25628967091,Serviços de Envio,702-1986348-0802602,,Estorno do frete pago pelo comprador,,Amazon.com.br,Crédito Mastercard e outros,Vendedor,,,,0,0,0,0,0,0,0,0,0,0,Janeiro,2026
30/01/2026,25628967091,Serviços de Envio,701-5062852-5556240,,Tarifa de manuseio com base no peso Delivery by Amazon,,Amazon.com.br,Crédito Mastercard e outros,Vendedor,,,,0,0,0,0,0,0,0,"-6,75",0,"-6,75",Janeiro,2026
30/01/2026,25628967091,Serviços de Envio,701-5062852-5556240,,Estorno do frete pago pelo comprador,,Amazon.com.br,Crédito Mastercard e outros,Vendedor,,,,0,0,0,0,0,0,0,0,0,0,Janeiro,2026
30/01/2026,25628967091,Serviços de Envio,701-0834798-7804214,,Tarifa de manuseio com base no peso Delivery by Amazon,,Amazon.com.br,Crédito Mastercard e outros,Vendedor,,,,0,0,0,0,0,0,0,"-6,75",0,"-6,75",Janeiro,2026
30/01/2026,25628967091,Serviços de Envio,701-0834798-7804214,,Estorno do frete pago pelo comprador,,Amazon.com.br,Crédito Mastercard e outros,Vendedor,,,,0,0,0,0,0,0,0,0,0,0,Janeiro,2026
30/01/2026,25628967091,Serviços de Envio,702-3926395-2896248,,Tarifa de manuseio com base no peso Delivery by Amazon,,Amazon.com.br,Crédito Mastercard e outros,Vendedor,,,,0,0,0,0,0,0,0,"-6,75",0,"-6,75",Janeiro,2026
30/01/2026,25628967091,Serviços de Envio,702-3926395-2896248,,Estorno do frete pago pelo comprador,,Amazon.com.br,Crédito Mastercard e outros,Vendedor,,,,0,0,0,0,0,0,0,0,0,0,Janeiro,2026
30/01/2026,25629750391,Pedido,701-1967779-6992213,HJ-GKXE-8FVO,Agenda 2026 Cristã 1 Dia por Folha com Versículos Bíblicos 2026,1.0,amazon.com.br,Visa Crédito,Amazon,DOURADOS,Mato Grosso do Sul,79805.0,"58,90",0,0,0,0,"-7,66",0,0,0,"51,24",Janeiro,2026
30/01/2026,25629750391,Pedido,701-5103775-8224268,0Q-EK6Z-SV84,"Planner 2026 Floral - Planejamento Anual com Roda da Vida A5, Gestão Financeira, Organização Pessoal, Metas e Saúde, Capa Dura Laminada, Agenda Se",1.0,amazon.com.br,Visa Crédito,Vendedor,Planaltina,Distrito Federal,73401.0,"78,90","25,90",0,0,0,"-13,62",0,0,0,"91,18",Janeiro,2026
30/01/2026,25629575961,Transferir,,,Conta bancária com final: 192,,,Boleto,,,,,0,0,0,0,0,0,0,0,"-1.562,64","-1.562,64",Janeiro,2026
30/01/2026,25628967091,Pedido,702-1642497-6548249,AA-2SEI-HBU9,"Planner 2026 - Delicado por fora, poderoso por dentro - organize-se com encanto!",1.0,amazon.com.br,Crédito Mastercard e outros,Vendedor,Itu,SP,13310.0,"78,90",0,0,0,0,"-10,26",0,0,0,"68,64",Janeiro,2026
30/01/2026,25628967091,Pedido,701-9770791-9641844,VW-M9WL-7RY7,Caderno Scrapbook - Kraft - 20 Folhas - 20x20cm - Bege - Sem Pauta - Folhas Grossas - Album de Fotos - Album de fotos artesanal - Scrapbook colagem de,1.0,amazon.com.br,Crédito Mastercard e outros,Vendedor,Indaiatuba,SP,13345.0,"58,90",0,0,0,0,"-7,07",0,0,0,"51,83",Janeiro,2026
30/01/2026,25628967091,Pedido,701-9770791-9641844,RA-KICF-0Q47,"Caderno Preto 20x20cm - Scrapbook Álbum De Fotos Preto 20 Folhas / 40 Páginas - Gramatura 200, Folhas Grossas",1.0,amazon.com.br,Crédito Mastercard e outros,Vendedor,Indaiatuba,SP,13345.0,"58,90",0,0,0,0,"-7,07",0,0,0,"51,83",Janeiro,2026
30/01/2026,25629750391,Pedido,701-0187063-2518655,FC-4UI1-425Z,Caderno Scrapbook - 20 Folhas - Livro De Assinatura Folhas Pretas 20x19 Álbum De Fotos Scrapbook Preto 40 Páginas - 20x19,1.0,amazon.com.br,Visa Crédito,Vendedor,Osasco,SP,6030.0,"72,90",0,0,0,0,"-8,75",0,0,0,"64,15",Janeiro,2026
30/01/2026,25629750391,Pedido,701-1389471-6596251,92-CTAN-4AJQ,Caderno Scrapbook - 20 Folhas - Livro De Assinatura Folhas Pretas 20x19 Álbum De Fotos Scrapbook Preto 40 Páginas - 20x19,1.0,amazon.com.br,Visa Crédito,Amazon,Manaus,AM,69060.0,"78,90",0,0,0,0,"-9,47",0,0,0,"69,43",Janeiro,2026
30/01/2026,25629575961,Pedido,701-0157399-3701032,YL-NANJ-F7TC,"Caderno Preto 20x20cm - Scrapbook Álbum De Fotos Preto 20 Folhas / 40 Páginas - Gramatura 200, Folhas Grossas",1.0,amazon.com.br,Boleto,Amazon,Manaus,AM,69057.0,"68,90",0,0,0,0,"-8,27",0,0,0,"60,63",Janeiro,2026
30/01/2026,25629750391,Pedido,702-6318378-0050601,19-ZM79-H2VA,Agenda Escolar Infantil 2026 - A5 100 Folhas - 15x21cm - Capa Dura,1.0,amazon.com.br,Visa Crédito,Vendedor,Campinas,São Paulo,13092.0,"78,90",0,0,0,0,"-10,26",0,0,0,"68,64",Janeiro,2026
30/01/2026,25629575961,Pedido,702-2970555-9470620,WC-0G0K-5CCC,"Planner Financeiro Mensal Datado 2026, Roda Da Vida A5 -Planejamento anual, Organização pessoal Metas e objetivos, Gestão financeira Monitoramento",1.0,amazon.com.br,Boleto,Vendedor,Marília,SP,17516.0,"75,90",0,0,0,0,"-9,87",0,0,0,"66,03",Janeiro,2026
30/01/2026,25629575961,Pedido,702-6517759-1525858,RA-KICF-0Q47,"Caderno Preto 20x20cm - Scrapbook Álbum De Fotos Preto 20 Folhas / 40 Páginas - Gramatura 200, Folhas Grossas",1.0,amazon.com.br,Boleto,Vendedor,Campinas,SP,13085.0,"58,90",0,0,0,0,"-7,07",0,0,0,"51,83",Janeiro,2026
30/01/2026,25628967091,Pedido,702-6915709-0238650,MY-P05M-MBEP,"Caderno Quadriculado 1x1cm, Capa dura, diversas capas, 80 folhas, 24x15cm",2.0,amazon.com.br,Crédito Mastercard e outros,Vendedor,São Paulo,SP,4720.0,"77,80",0,0,0,0,"-10,12",0,0,0,"67,68",Janeiro,2026
31/01/2026,25629750391,Pedido,701-7712328-3160229,IS-UA22-XKCF,Planner 2026 - Cada flor no seu tempo: planeje o ano com calma e propósito.,1.0,amazon.com.br,Visa Crédito,Vendedor,Niterói,RJ,24240.0,"78,90",0,0,0,0,"-10,26",0,0,0,"68,64",Janeiro,2026
31/01/2026,25628967091,Pedido,701-6341766-0883452,A9-81RP-O347,"Planner Financeiro Mensal 2026, Roda Da Vida A5 -Planejamento anual, Organização pessoal Metas e objetivos, Gestão financeira Monitoramento de saú",1.0,amazon.com.br,Crédito Mastercard e outros,Vendedor,Fortaleza,Ceará,60751.0,"68,92","21,53",0,0,0,"-8,96",0,0,0,"81,49",Janeiro,2026
31/01/2026,25628967091,Pedido,702-6509502-7613867,6R-CADM-OAHJ,Planner 2026 - Seu novo começo começa aqui - o planner que floresce com você.,1.0,amazon.com.br,Crédito Mastercard e outros,Vendedor,CAMPINAS,SP,13049.0,"78,90",0,0,0,0,"-10,26",0,0,0,"68,64",Janeiro,2026
31/01/2026,25628967091,Pedido,702-3272885-8880227,92-CTAN-4AJQ,Caderno Scrapbook - 20 Folhas - Livro De Assinatura Folhas Pretas 20x19 Álbum De Fotos Scrapbook Preto 40 Páginas - 20x19,1.0,amazon.com.br,Crédito Mastercard e outros,Amazon,Brasília,DF,70845.0,"78,90",0,0,0,0,"-9,47",0,0,0,"69,43",Janeiro,2026
31/01/2026,25628967091,Pedido,702-8785672-9827405,V7-N8TP-MCL5,Album fotografico scrapbook - Coleção Corações (Vermelho),1.0,amazon.com.br,Crédito Mastercard e outros,Vendedor,Brasilia,Distrito Federal,71680.0,"78,90",0,0,0,0,"-10,26",0,0,0,"68,64",Janeiro,2026
31/01/2026,25629750391,Pedido,702-8835548-3344260,WC-0G0K-5CCC,"Planner Financeiro Mensal Datado 2026, Roda Da Vida A5 -Planejamento anual, Organização pessoal Metas e objetivos, Gestão financeira Monitoramento",1.0,amazon.com.br,Visa Crédito,Vendedor,Criciúma,SC,88802.0,"75,90",0,0,0,0,"-9,87",0,0,0,"66,03",Janeiro,2026
31/01/2026,25628967091,Pedido,702-6513440-7688257,4S-C6M7-1NCT,Planner 2026 Amarelo - Life Capa Dura com Controle Financeiro e Roda da Vida,1.0,amazon.com.br,Crédito Mastercard e outros,Vendedor,Rio de Janeiro,RJ,22230.0,"78,90",0,0,0,0,"-10,26",0,0,0,"68,64",Janeiro,2026
31/01/2026,25629575961,Pedido,701-3646470-1568263,MQ-STXD-11EM,"Planner Premium 2026 - Planejamento Anual com Roda da Vida A5, Gestão Financeira, Organização Pessoal, Metas e Saúde, Capa Dura Laminada, Agenda S",1.0,amazon.com.br,Boleto,Vendedor,Brasília,DF,72310.0,"68,90",0,0,0,0,"-8,96",0,0,0,"59,94",Janeiro,2026
31/01/2026,25628967091,Pedido,702-7222522-9628211,14-02SK-RART,Caderno De Anotações - 200 Pag - Flores Naturais,1.0,amazon.com.br,Crédito Mastercard e outros,Amazon,Jaguarari,BA,48967.0,"49,90",0,0,0,0,"-6,49",0,0,0,"43,41",Janeiro,2026
31/01/2026,25629575961,Pedido,702-1407828-1923426,RA-KICF-0Q47,"Caderno Preto 20x20cm - Scrapbook Álbum De Fotos Preto 20 Folhas / 40 Páginas - Gramatura 200, Folhas Grossas",1.0,amazon.com.br,Boleto,Vendedor,São Paulo,SP,3408.0,"58,90",0,0,0,0,"-7,07",0,0,0,"51,83",Janeiro,2026
31/01/2026,25628967091,Pedido,701-6162150-3657845,MQ-STXD-11EM,"Planner Premium 2026 - Planejamento Anual com Roda da Vida A5, Gestão Financeira, Organização Pessoal, Metas e Saúde, Capa Dura Laminada, Agenda S",1.0,amazon.com.br,Crédito Mastercard e outros,Vendedor,Belo Horizonte,Minas Gerais,30320.0,"68,90",0,0,0,0,"-8,96",0,0,0,"59,94",Janeiro,2026
31/01/2026,25629750391,Pedido,702-4596268-8541850,RA-KICF-0Q47,"Caderno Preto 20x20cm - Scrapbook Álbum De Fotos Preto 20 Folhas / 40 Páginas - Gramatura 200, Folhas Grossas",1.0,amazon.com.br,Visa Crédito,Vendedor,Belo Horizonte,Minas Gerais,30431.0,"58,90",0,0,0,0,"-7,07",0,0,0,"51,83",Janeiro,2026
31/01/2026,25629575961,Pedido,702-8753757-5986639,RA-KICF-0Q47,"Caderno Preto 20x20cm - Scrapbook Álbum De Fotos Preto 20 Folhas / 40 Páginas - Gramatura 200, Folhas Grossas",1.0,amazon.com.br,Boleto,Vendedor,Guarulhos,SP,7020.0,"58,90",0,0,0,0,"-7,07",0,0,0,"51,83",Janeiro,2026
31/01/2026,25629575961,Pedido,701-7988727-3112216,14-02SK-RART,Caderno De Anotações - 200 Pag - Flores Naturais,1.0,amazon.com.br,Boleto,Amazon,Brasília,DF,70686.0,"49,90","8,90",0,"-8,90",0,"-6,49",0,0,0,"43,41",Janeiro,2026
31/01/2026,25628967091,Pedido,702-2898764-7085859,YL-NANJ-F7TC,"Caderno Preto 20x20cm - Scrapbook Álbum De Fotos Preto 20 Folhas / 40 Páginas - Gramatura 200, Folhas Grossas",1.0,amazon.com.br,Crédito Mastercard e outros,Amazon,Manaus,Am,69028.0,"68,90",0,0,0,0,"-8,27",0,0,0,"60,63",Janeiro,2026
31/01/2026,25629750391,Reembolso,701-3806077-2330665,E3-R0A1-0HNB,"Agenda Escolar 2026 Menino - Calendario, provas, agendamento, recados, estudos do aluno, acompanhamento dos pais",1.0,amazon.com.br,Visa Crédito,Vendedor,São Paulo,SP,4018.0,"-59,90",0,0,0,0,"6,23",0,0,0,"-53,67",Janeiro,2026
31/01/2026,25629575961,Pedido,702-7758076-9655427,MY-P05M-MBEP,"Caderno Quadriculado 1x1cm, Capa dura, diversas capas, 80 folhas, 24x15cm",1.0,amazon.com.br,Boleto,Vendedor,Joinville,SC,89204.0,"38,90",0,0,0,0,"-5,06",0,0,0,"33,84",Janeiro,2026
31/01/2026,25629750391,Pedido,701-5590109-2373024,92-CTAN-4AJQ,Caderno Scrapbook - 20 Folhas - Livro De Assinatura Folhas Pretas 20x19 Álbum De Fotos Scrapbook Preto 40 Páginas - 20x19,1.0,amazon.com.br,Visa Crédito,Amazon,Manaus,AM,69057.0,"78,90","8,90",0,"-8,90",0,"-9,47",0,0,0,"69,43",Janeiro,2026
31/01/2026,25628967091,Pedido,702-8636703-9597030,RA-KICF-0Q47,"Caderno Preto 20x20cm - Scrapbook Álbum De Fotos Preto 20 Folhas / 40 Páginas - Gramatura 200, Folhas Grossas",1.0,amazon.com.br,Crédito Mastercard e outros,Vendedor,Belo Horizonte,MG,30150.0,"58,90",0,0,0,0,"-7,07",0,0,0,"51,83",Janeiro,2026
31/01/2026,25629750391,Pedido,701-3806077-2330665,E3-R0A1-0HNB,"Agenda Escolar 2026 Menino - Calendario, provas, agendamento, recados, estudos do aluno, acompanhamento dos pais",1.0,amazon.com.br,Visa Crédito,Vendedor,São Paulo,SP,4018.0,"59,90",0,0,0,0,"-7,79",0,0,0,"52,11",Janeiro,2026
31/01/2026,25629575961,Pedido,702-6068911-8238607,7U-MQT5-0IY4,Agenda 2026 Boboletas 1 Dia Por Página Com Horário Capa Dura - Agenda Cristã 2026 - Agenda 2026 com versículos bíblicos - Agenda diária com hor�,1.0,amazon.com.br,Boleto,Vendedor,Curitiba,Paraná,81320.0,"78,90",0,0,0,0,"-10,26",0,0,0,"68,64",Janeiro,2026
31/01/2026,25628967091,Pedido,701-6989670-2740258,DV-9MDQ-YD9E,Scrapbook Álbum De Fotos Preto 20 Folhas / 40 Páginas,1.0,amazon.com.br,Crédito Mastercard e outros,Amazon,São Paulo,São Paulo,4085.0,"78,90",0,0,0,0,"-9,47",0,0,0,"69,43",Janeiro,2026
31/01/2026,25629750391,Pedido,701-7165755-5328240,MQ-STXD-11EM,"Planner Premium 2026 - Planejamento Anual com Roda da Vida A5, Gestão Financeira, Organização Pessoal, Metas e Saúde, Capa Dura Laminada, Agenda S",1.0,amazon.com.br,Visa Crédito,Vendedor,São Paulo,São Paulo,5727.0,"68,90",0,0,0,0,"-8,96",0,0,0,"59,94",Janeiro,2026
31/01/2026,25628967091,Pedido,701-3036420-2592234,RA-KICF-0Q47,"Caderno Preto 20x20cm - Scrapbook Álbum De Fotos Preto 20 Folhas / 40 Páginas - Gramatura 200, Folhas Grossas",1.0,amazon.com.br,Crédito Mastercard e outros,Vendedor,Rio de Janeiro,RJ,22620.0,"58,90",0,0,0,0,"-7,07",0,0,0,"51,83",Janeiro,2026
31/01/2026,25628967091,Pedido,701-3729331-7894669,RA-KICF-0Q47,"Caderno Preto 20x20cm - Scrapbook Álbum De Fotos Preto 20 Folhas / 40 Páginas - Gramatura 200, Folhas Grossas",3.0,amazon.com.br,Crédito Mastercard e outros,Vendedor,SOROCABA,SP,18035.0,"176,70",0,0,0,0,"-21,21",0,0,0,"155,49",Janeiro,2026
31/01/2026,25628967091,Pedido,702-3739247-8141837,19-ZM79-H2VA,Agenda Escolar Infantil 2026 - A5 100 Folhas - 15x21cm - Capa Dura,1.0,amazon.com.br,Crédito Mastercard e outros,Vendedor,São Paulo,São Paulo,5630.0,"55,90",0,0,0,0,"-7,27",0,0,0,"48,63",Janeiro,2026
31/01/2026,25629575961,Pedido,702-9958758-5264213,QD-3J75-WTO6,Agenda 2026 Espiral | com datas e hora | 1 dia por pagina/folha,1.0,amazon.com.br,Boleto,Vendedor,Brasilia,DF,72316.0,"78,90",0,0,0,0,"-10,26",0,0,0,"68,64",Janeiro,2026
31/01/2026,25629575961,Pedido,702-2218693-1635411,EG-KOZD-5QLH,Caderno Para Controle Financeiro - Minhas Contas Organizadas,1.0,amazon.com.br,Boleto,Amazon,Santa Cruz do Rio pardo sp,Sp,18900.0,"36,90","8,90",0,"-8,90",0,"-4,80",0,0,0,"32,10",Janeiro,2026
31/01/2026,25629575961,Pedido,702-8604206-0282620,MQ-STXD-11EM,"Planner Premium 2026 - Planejamento Anual com Roda da Vida A5, Gestão Financeira, Organização Pessoal, Metas e Saúde, Capa Dura Laminada, Agenda S",1.0,amazon.com.br,Boleto,Vendedor,São Paulo,SP,4256.0,"68,90",0,0,0,0,"-8,96",0,0,0,"59,94",Janeiro,2026
31/01/2026,25628967091,Pedido,702-1731550-9809028,VW-M9WL-7RY7,Caderno Scrapbook - Kraft - 20 Folhas - 20x20cm - Bege - Sem Pauta - Folhas Grossas - Album de Fotos - Album de fotos artesanal - Scrapbook colagem de,1.0,amazon.com.br,Crédito Mastercard e outros,Vendedor,Jundiai,SP,13214.0,"58,90",0,0,0,0,"-7,07",0,0,0,"51,83",Janeiro,2026
31/01/2026,25629750391,Pedido,702-0278930-6686620,VW-M9WL-7RY7,Caderno Scrapbook - Kraft - 20 Folhas - 20x20cm - Bege - Sem Pauta - Folhas Grossas - Album de Fotos - Album de fotos artesanal - Scrapbook colagem de,1.0,amazon.com.br,Visa Crédito,Vendedor,Porto Alegre,RS,90540.0,"58,90",0,0,0,0,"-7,07",0,0,0,"51,83",Janeiro,2026
31/01/2026,25628967091,Pedido,702-4890731-5762621,VW-M9WL-7RY7,Caderno Scrapbook - Kraft - 20 Folhas - 20x20cm - Bege - Sem Pauta - Folhas Grossas - Album de Fotos - Album de fotos artesanal - Scrapbook colagem de,1.0,amazon.com.br,Crédito Mastercard e outros,Vendedor,Itajaí,SC,88301.0,"58,90",0,0,0,0,"-7,07",0,0,0,"51,83",Janeiro,2026
31/01/2026,25628967091,Pedido,701-3166916-4698623,MY-P05M-MBEP,"Caderno Quadriculado 1x1cm, Capa dura, diversas capas, 80 folhas, 24x15cm",1.0,amazon.com.br,Crédito Mastercard e outros,Vendedor,São Paulo,SP,5469.0,"38,90",0,0,0,0,"-5,06",0,0,0,"33,84",Janeiro,2026
31/01/2026,25628967091,Pedido,702-8226764-0414624,0Q-EK6Z-SV84,"Planner 2026 Floral - Planejamento Anual com Roda da Vida A5, Gestão Financeira, Organização Pessoal, Metas e Saúde, Capa Dura Laminada, Agenda Se",1.0,amazon.com.br,Crédito Mastercard e outros,Vendedor,Boa Vista,RR,69307.0,"78,90","35,99",0,0,0,"-10,26",0,0,0,"104,63",Janeiro,2026
31/01/2026,25629575961,Pedido,701-3155674-3422625,RA-KICF-0Q47,"Caderno Preto 20x20cm - Scrapbook Álbum De Fotos Preto 20 Folhas / 40 Páginas - Gramatura 200, Folhas Grossas",1.0,amazon.com.br,Boleto,Vendedor,São Paulo,SP,3220.0,"58,90",0,0,0,0,"-7,07",0,0,0,"51,83",Janeiro,2026
31/01/2026,25628967091,Pedido,702-3646772-6727418,9X-HUC9-I83L,"Planner 2026 - Respire, floresça, torne-se - um planner para sua melhor versão!",1.0,amazon.com.br,Crédito Mastercard e outros,Vendedor,Rio De Janeiro,Rio De Janeiro,22011.0,"78,90",0,0,0,0,"-10,26",0,0,0,"68,64",Janeiro,2026
31/01/2026,25628967091,Pedido,702-4296280-5727463,MY-P05M-MBEP,"Caderno Quadriculado 1x1cm, Capa dura, diversas capas, 80 folhas, 24x15cm",1.0,amazon.com.br,Crédito Mastercard e outros,Vendedor,Bady Bassitt,SP,15115.0,"38,90",0,0,0,0,"-5,06",0,0,0,"33,84",Janeiro,2026
31/01/2026,25629575961,Pedido,702-3521952-4590604,VW-M9WL-7RY7,Caderno Scrapbook - Kraft - 20 Folhas - 20x20cm - Bege - Sem Pauta - Folhas Grossas - Album de Fotos - Album de fotos artesanal - Scrapbook colagem de,1.0,amazon.com.br,Boleto,Vendedor,Belo Horizonte,MG,30380.0,"58,90",0,0,0,0,"-7,07",0,0,0,"51,83",Janeiro,2026
31/01/2026,25629750391,Pedido,702-7946692-9145007,RA-KICF-0Q47,"Caderno Preto 20x20cm - Scrapbook Álbum De Fotos Preto 20 Folhas / 40 Páginas - Gramatura 200, Folhas Grossas",1.0,amazon.com.br,Visa Crédito,Vendedor,Araraquara,SP,14810.0,"58,90",0,0,0,0,"-7,07",0,0,0,"51,83",Janeiro,2026
31/01/2026,25629575961,Pedido,701-4196697-7413801,MY-P05M-MBEP,"Caderno Quadriculado 1x1cm, Capa dura, diversas capas, 80 folhas, 24x15cm",1.0,amazon.com.br,Boleto,Vendedor,ARAXA,MINAS GERAIS,38182.0,"38,90",0,0,0,0,"-5,06",0,0,0,"33,84",Janeiro,2026
31/01/2026,25629750391,Pedido,702-2790656-4803420,S1-SAO6-CBNU,"Planner Financeiro Mensal Datado 2026, Roda Da Vida A5 - Planner premium Agenda 2026 Planejamento anual Organização pessoal Metas e objetivos Gestã",1.0,amazon.com.br,Visa Crédito,Vendedor,Goiania,Goias,74150.0,"78,90","21,94",0,0,0,"-10,26",0,0,0,"90,58",Janeiro,2026
31/01/2026,25629750391,Pedido,702-7226940-9555462,MQ-STXD-11EM,"Planner Premium 2026 - Planejamento Anual com Roda da Vida A5, Gestão Financeira, Organização Pessoal, Metas e Saúde, Capa Dura Laminada, Agenda S",1.0,amazon.com.br,Visa Crédito,Vendedor,Mogi das Cruzes,SP,8775.0,"68,90",0,0,0,0,"-8,96",0,0,0,"59,94",Janeiro,2026
31/01/2026,25629750391,Pedido,702-0050234-3965861,RW-FUR9-X25R,"Planner 2026 - Respire, floresça, torne-se - um planner para sua melhor versão!",1.0,amazon.com.br,Visa Crédito,Vendedor,Porto Alegre,RS,90150.0,"78,90",0,0,0,0,"-10,26",0,0,0,"68,64",Janeiro,2026
31/01/2026,25628967091,Pedido,702-0719595-6790664,RA-KICF-0Q47,"Caderno Preto 20x20cm - Scrapbook Álbum De Fotos Preto 20 Folhas / 40 Páginas - Gramatura 200, Folhas Grossas",1.0,amazon.com.br,Crédito Mastercard e outros,Vendedor,Votorantim,SP,18110.0,"58,90",0,0,0,0,"-7,07",0,0,0,"51,83",Janeiro,2026
31/01/2026,25629575961,Pedido,701-9442061-3065012,MY-P05M-MBEP,"Caderno Quadriculado 1x1cm, Capa dura, diversas capas, 80 folhas, 24x15cm",1.0,amazon.com.br,Boleto,Vendedor,Blumenau,SC,89012.0,"38,90",0,0,0,0,"-5,06",0,0,0,"33,84",Janeiro,2026
31/01/2026,25628967091,Reembolso,702-8416962-7925811,D3-VGD4-YDTV,"Planner Premium 2026 - Planejamento Anual com Roda da Vida A5, Gestão Financeira, Organização Pessoal, Metas e Saúde, Capa Dura Laminada, Agenda S",1.0,amazon.com.br,Crédito Mastercard e outros,Amazon,ribeirão pires,sao paulo,9400.0,"-78,90",0,0,0,0,"8,21",0,0,0,"-70,69",Janeiro,2026
31/01/2026,25628967091,Pedido,701-1695301-4845044,WC-0G0K-5CCC,"Planner Financeiro Mensal Datado 2026, Roda Da Vida A5 -Planejamento anual, Organização pessoal Metas e objetivos, Gestão financeira Monitoramento",1.0,amazon.com.br,Crédito Mastercard e outros,Vendedor,São Paulo,SP,4560.0,"75,90",0,0,0,0,"-9,87",0,0,0,"66,03",Janeiro,2026
31/01/2026,25628967091,Reembolso,702-5531050-7451449,0Q-EK6Z-SV84,"Planner 2026 Floral - Planejamento Anual com Roda da Vida A5, Gestão Financeira, Organização Pessoal, Metas e Saúde, Capa Dura Laminada, Agenda Se",1.0,amazon.com.br,Crédito Mastercard e outros,Vendedor,São Bernardo do Campo,SP,9751.0,"-78,90",0,0,0,0,"8,21",0,0,0,"-70,69",Janeiro,2026
31/01/2026,25629575941,Pedido,702-4622239-9876209,RA-KICF-0Q47,"Caderno Preto 20x20cm - Scrapbook Álbum De Fotos Preto 20 Folhas / 40 Páginas - Gramatura 200, Folhas Grossas",1.0,amazon.com.br,Elo,Vendedor,Bragança Paulista,SP,12919.0,"58,90",0,0,0,0,"-7,07",0,0,0,"51,83",Janeiro,2026
31/01/2026,25629575961,Pedido,701-8468035-5653811,VW-M9WL-7RY7,Caderno Scrapbook - Kraft - 20 Folhas - 20x20cm - Bege - Sem Pauta - Folhas Grossas - Album de Fotos - Album de fotos artesanal - Scrapbook colagem de,1.0,amazon.com.br,Boleto,Vendedor,Brasília,DF,73330.0,"58,90",0,0,0,0,"-7,07",0,0,0,"51,83",Janeiro,2026
31/01/2026,25628967091,Pedido,702-9658160-6706647,VW-M9WL-7RY7,Caderno Scrapbook - Kraft - 20 Folhas - 20x20cm - Bege - Sem Pauta - Folhas Grossas - Album de Fotos - Album de fotos artesanal - Scrapbook colagem de,1.0,amazon.com.br,Crédito Mastercard e outros,Vendedor,GOIANIA,Goiás,74180.0,"58,90","21,35",0,0,0,"-7,07",0,0,0,"73,18",Janeiro,2026
31/01/2026,25629575961,Pedido,702-3140899-9816252,2M-II9L-1YU1,"Caderno A5 SEM PAUTA, 21x14cm, 80 Folhas, 90G",1.0,amazon.com.br,Boleto,Amazon,BRASILIA,DF,70673.0,"35,90",0,0,0,0,"-4,67",0,0,0,"31,23",Janeiro,2026
31/01/2026,25629750391,Pedido,702-7335488-0222632,RA-KICF-0Q47,"Caderno Preto 20x20cm - Scrapbook Álbum De Fotos Preto 20 Folhas / 40 Páginas - Gramatura 200, Folhas Grossas",1.0,amazon.com.br,Visa Crédito,Vendedor,Bauru,SP,17026.0,"58,90",0,0,0,0,"-7,07",0,0,0,"51,83",Janeiro,2026
31/01/2026,25628967091,Pedido,701-3971807-6421022,MY-P05M-MBEP,"Caderno Quadriculado 1x1cm, Capa dura, diversas capas, 80 folhas, 24x15cm",1.0,amazon.com.br,Crédito Mastercard e outros,Vendedor,São paulo,São Paulo,5684.0,"38,90",0,0,0,0,"-5,06",0,0,0,"33,84",Janeiro,2026
31/01/2026,25629575961,Reembolso,702-2663335-4623422,EG-KOZD-5QLH,Caderno Para Controle Financeiro - Minhas Contas Organizadas,1.0,amazon.com.br,Boleto,Amazon,Belo Horizonte,MG,31742.0,"-36,90","-8,90",0,"8,90",0,"3,84",0,0,0,"-33,06",Janeiro,2026
