"Inclui transações da Amazon Marketplace, Fulfillment by Amazon (FBA), e Amazon Webstore"
"Todas as quantias em BRL, a menos que especificado"
"Definições:"
"Imposto de vendas coletados: Inclui impostos sobre vendas coletados de compradores para vendas de produtos, envio e embalagem para presente."
"Tarifas de venda: Inclui tarifas de fechamento variável e tarifas de referência."
"Outras taxas de transação: Inclui cobranças retroativas de envio, retenção de envi, taxas por item e taxas de coleta de impostos de vendas."
"Outros: Inclui quantias de transação não relacionadas a pedidos. Para obter mais detalhes, consulte as colunas ""Tipo"" e ""Descrição"" para cada ID de pedido."
"data/hora","id de liquidação","tipo","id do pedido","sku","descrição","quantidade","mercado","tipo de conta","atendimento","cidade do pedido","estado do pedido","postal do pedido","vendas do produto","créditos de remessa","créditos de embalagem de presente","descontos promocionais","imposto de vendas coletados","tarifas de venda","taxas fba","taxas de outras transações","outro","total"
"31 de jan. de 2026 20:41:25 GMT-8","25628967091","Pedido","702-7766176-7718654","VW-M9WL-7RY7","Caderno Scrapbook - Kraft - 20 Folhas - 20x20cm - Bege - Sem Pauta - Folhas Grossas - Album de Fotos - Album de fotos artesanal - Scrapbook colagem de","1","amazon.com.br","Crédito Mastercard e outros","Vendedor","Rio de Janeiro","RJ","22745","58,90","0","0","0","0","-7,07","0","0","0","51,83"
"31 de jan. de 2026 22:09:19 GMT-8","25629750391","Reembolso","701-5103775-8224268","0Q-EK6Z-SV84","Planner 2026 Floral - Planejamento Anual com Roda da Vida A5, Gestão Financeira, Organização Pessoal, Metas e Saúde, Capa Dura Laminada, Agenda Se","1","amazon.com.br","Visa Crédito","Vendedor","Planaltina","Distrito Federal","73401","-78,90","-25,90","0","0","0","10,90","0","0","0","-93,90"
"31 de jan. de 2026 22:45:34 GMT-8","25629575961","Pedido","702-5880912-6350618","MY-P05M-MBEP","Caderno Quadriculado 1x1cm, Capa dura, diversas capas, 80 folhas, 24x15cm","1","amazon.com.br","Boleto","Vendedor","São José dos Pinhais","PR","83183","38,90","0","0","0","0","-5,06","0","0","0","33,84"
"31 de jan. de 2026 22:47:50 GMT-8","25629750391","Pedido","701-6871242-7225031","MQ-STXD-11EM","Planner Premium 2026 - Planejamento Anual com Roda da Vida A5, Gestão Financeira, Organização Pessoal, Metas e Saúde, Capa Dura Laminada, Agenda S","1","amazon.com.br","Visa Crédito","Vendedor","Rio de Janeiro","RJ","22230","68,90","0","0","0","0","-8,96","0","0","0","59,94"
"1 de fev. de 2026 00:15:55 GMT-8","25628967091","Pedido","702-9631962-2837836","VQ-0TZ7-QK96","Planner 2026 - Floresça que inspira leveza e organização!","1","amazon.com.br","Crédito Mastercard e outros","Vendedor","Sao Paulo","SP","02013","78,90","0","0","0","0","-10,26","0","0","0","68,64"
"1 de fev. de 2026 00:26:15 GMT-8","25629575961","Pedido","701-0455245-0558605","RA-KICF-0Q47","Caderno Preto 20x20cm - Scrapbook Álbum De Fotos Preto 20 Folhas / 40 Páginas - Gramatura 200, Folhas Grossas","1","amazon.com.br","Boleto","Vendedor","São Paulo","SP","05628","58,90","0","0","0","0","-7,07","0","0","0","51,83"
"1 de fev. de 2026 00:59:36 GMT-8","25629575941","Pedido","701-4769383-4542629","YL-NANJ-F7TC","Caderno Preto 20x20cm - Scrapbook Álbum De Fotos Preto 20 Folhas / 40 Páginas - Gramatura 200, Folhas Grossas","1","amazon.com.br","Elo","Amazon","Manaus","AM","69049","68,90","0","0","0","0","-8,27","0","0","0","60,63"
"1 de fev. de 2026 03:50:51 GMT-8","25629575961","Pedido","702-4241583-2769029","BT-HCTV-ZOJY","Planner 2026 Napolitano - Planejamento Anual com Roda da Vida A5, Gestão Financeira, Organização Pessoal, Metas e Saúde, Capa Dura Laminada, Agend","1","amazon.com.br","Boleto","Vendedor","Rio de Janeiro","RJ","23092","78,90","0","0","0","0","-10,26","0","0","0","68,64"
"1 de fev. de 2026 03:55:23 GMT-8","25629575961","Pedido","702-5178796-1357865","MQ-STXD-11EM","Planner Premium 2026 - Planejamento Anual com Roda da Vida A5, Gestão Financeira, Organização Pessoal, Metas e Saúde, Capa Dura Laminada, Agenda S","1","amazon.com.br","Boleto","Vendedor","Curitiba","PR","82650","68,90","0","0","0","0","-8,96","0","0","0","59,94"
"1 de fev. de 2026 04:48:12 GMT-8","25628967091","Pedido","702-4995157-1173817","MQ-STXD-11EM","Planner Premium 2026 - Planejamento Anual com Roda da Vida A5, Gestão Financeira, Organização Pessoal, Metas e Saúde, Capa Dura Laminada, Agenda S","1","amazon.com.br","Crédito Mastercard e outros","Vendedor","Cruzeiro","SP","12712","68,90","0","0","0","0","-8,96","0","0","0","59,94"
"1 de fev. de 2026 04:49:33 GMT-8","25628967091","Pedido","701-4273260-1105064","VW-M9WL-7RY7","Caderno Scrapbook - Kraft - 20 Folhas - 20x20cm - Bege - Sem Pauta - Folhas Grossas - Album de Fotos - Album de fotos artesanal - Scrapbook colagem de","1","amazon.com.br","Crédito Mastercard e outros","Vendedor","Brasília","DF","70865","58,90","0","0","0","0","-7,07","0","0","0","51,83"
"1 de fev. de 2026 05:24:27 GMT-8","25628967091","Pedido","702-9357616-2790637","A9-81RP-O347","Planner Financeiro Mensal 2026, Roda Da Vida A5 -Planejamento anual, Organização pessoal Metas e objetivos, Gestão financeira Monitoramento de saú","1","amazon.com.br","Crédito Mastercard e outros","Vendedor","São José dos Pinhais","PR","83045","68,92","0","0","0","0","-8,96","0","0","0","59,96"
"1 de fev. de 2026 05:35:49 GMT-8","25629750391","Pedido","701-1133784-5073057","MY-P05M-MBEP","Caderno Quadriculado 1x1cm, Capa dura, diversas capas, 80 folhas, 24x15cm","1","amazon.com.br","Visa Crédito","Vendedor","SOROCABA","SAO PAULO","18052","38,90","0","0","0","0","-5,06","0","0","0","33,84"
"1 de fev. de 2026 05:46:39 GMT-8","25629750391","Pedido","701-4396012-0459453","MY-P05M-MBEP","Caderno Quadriculado 1x1cm, Capa dura, diversas capas, 80 folhas, 24x15cm","1","amazon.com.br","Visa Crédito","Vendedor","Brasília","DF","70380","38,90","0","0","0","0","-5,06","0","0","0","33,84"
"1 de fev. de 2026 05:56:30 GMT-8","25628967091","Pedido","702-8879979-0383425","RA-KICF-0Q47","Caderno Preto 20x20cm - Scrapbook Álbum De Fotos Preto 20 Folhas / 40 Páginas - Gramatura 200, Folhas Grossas","1","amazon.com.br","Crédito Mastercard e outros","Vendedor","Curitiba","PR","80740","58,90","0","0","0","0","-7,07","0","0","0","51,83"
"1 de fev. de 2026 06:04:48 GMT-8","25629575961","Pedido","701-8483440-5472231","VW-M9WL-7RY7","Caderno Scrapbook - Kraft - 20 Folhas - 20x20cm - Bege - Sem Pauta - Folhas Grossas - Album de Fotos - Album de fotos artesanal - Scrapbook colagem de","1","amazon.com.br","Boleto","Vendedor","Cascavel","PR","85813","58,90","0","0","0","0","-7,07","0","0","0","51,83"
"1 de fev. de 2026 06:53:52 GMT-8","25628967091","Pedido","701-5033526-4671456","KC-60PW-7A3A","Agenda para Creche Escolar Infantil - Modelos Encantadores para Meninos e Meninas (Safari Baby)","1","amazon.com.br","Crédito Mastercard e outros","Vendedor","Belo Horizonte","Minas Gerais","30575","59,90","0","0","0","0","-7,79","0","0","0","52,11"
"1 de fev. de 2026 07:11:12 GMT-8","25628967091","Pedido","702-3964160-0128255","RA-KICF-0Q47","Caderno Preto 20x20cm - Scrapbook Álbum De Fotos Preto 20 Folhas / 40 Páginas - Gramatura 200, Folhas Grossas","1","amazon.com.br","Crédito Mastercard e outros","Vendedor","Belo Horizonte","MG","30421","58,90","0","0","0","0","-7,07","0","0","0","51,83"
"1 de fev. de 2026 07:42:04 GMT-8","25629575961","Pedido","701-8679932-3064261","MQ-STXD-11EM","Planner Premium 2026 - Planejamento Anual com Roda da Vida A5, Gestão Financeira, Organização Pessoal, Metas e Saúde, Capa Dura Laminada, Agenda S","1","amazon.com.br","Boleto","Vendedor","Rio de Janeiro","RJ","20541","68,90","0","0","0","0","-8,96","0","0","0","59,94"
"1 de fev. de 2026 07:42:41 GMT-8","25628967091","Pedido","702-6153703-0898621","RU-9EXZ-G6IE","Sketchbook Profissional 20x20cm Espiral 180g - Caderno Artístico para Desenho e Aquarela","1","amazon.com.br","Crédito Mastercard e outros","Amazon","Salvador","BA","41820","45,90","0","0","0","0","-5,51","0","0","0","40,39"
"1 de fev. de 2026 07:55:36 GMT-8","25629575961","Pedido","701-4167912-7333825","0Q-EK6Z-SV84","Planner 2026 Floral - Planejamento Anual com Roda da Vida A5, Gestão Financeira, Organização Pessoal, Metas e Saúde, Capa Dura Laminada, Agenda Se","1","amazon.com.br","Boleto","Vendedor","Indaiatuba","SP","13332","78,90","0","0","0","0","-10,26","0","0","0","68,64"
"1 de fev. de 2026 08:05:52 GMT-8","25628967091","Pedido","701-4365436-8445837","RA-KICF-0Q47","Caderno Preto 20x20cm - Scrapbook Álbum De Fotos Preto 20 Folhas / 40 Páginas - Gramatura 200, Folhas Grossas","1","amazon.com.br","Crédito Mastercard e outros","Vendedor","Espírito Santo do Pinhal","SP","13992","58,90","0","0","0","0","-7,07","0","0","0","51,83"
"1 de fev. de 2026 08:05:55 GMT-8","25629750391","Pedido","702-1918498-4732200","BT-HCTV-ZOJY","Planner 2026 Napolitano - Planejamento Anual com Roda da Vida A5, Gestão Financeira, Organização Pessoal, Metas e Saúde, Capa Dura Laminada, Agend","1","amazon.com.br","Visa Crédito","Vendedor","Pouso Alegre","MG","37553","78,90","0","0","0","0","-10,26","0","0","0","68,64"
"1 de fev. de 2026 12:16:46 GMT-8","25628967091","Pedido","702-2196034-2466608","RA-KICF-0Q47","Caderno Preto 20x20cm - Scrapbook Álbum De Fotos Preto 20 Folhas / 40 Páginas - Gramatura 200, Folhas Grossas","1","amazon.com.br","Crédito Mastercard e outros","Vendedor","cariacica","espirito santo","29141","58,90","0","0","0","0","-7,07","0","0","0","51,83"
"1 de fev. de 2026 19:04:12 GMT-8","25628967091","Taxa de serviço","","","Custo de Publicidade","","","Crédito Mastercard e outros","","","","","0","0","0","0","0","0","0","-2.501,44","0","-2.501,44"
"1 de fev. de 2026 22:25:50 GMT-8","25628967091","Pedido","701-2442486-0491429","AA-2SEI-HBU9","Planner 2026 - Delicado por fora, poderoso por dentro - organize-se com encanto!","1","amazon.com.br","Crédito Mastercard e outros","Vendedor","Curitiba","PR","81550","78,90","0","0","0","0","-10,26","0","0","0","68,64"
"2 de fev. de 2026 01:36:48 GMT-8","25628967091","Pedido","701-2472704-1803402","9X-HUC9-I83L","Planner 2026 - Respire, floresça, torne-se - um planner para sua melhor versão!","1","amazon.com.br","Crédito Mastercard e outros","Vendedor","Jandira","SP","06624","78,90","0","0","0","0","-10,26","0","0","0","68,64"
"2 de fev. de 2026 01:46:33 GMT-8","25628967091","Pedido","701-1254725-9496250","RA-KICF-0Q47","Caderno Preto 20x20cm - Scrapbook Álbum De Fotos Preto 20 Folhas / 40 Páginas - Gramatura 200, Folhas Grossas","1","amazon.com.br","Crédito Mastercard e outros","Vendedor","Rio de Janeiro","RJ","22610","58,90","0","0","0","0","-7,07","0","0","0","51,83"
"2 de fev. de 2026 02:09:45 GMT-8","25660481751","Pedido","701-5792827-3567409","0Q-EK6Z-SV84","Planner 2026 Floral - Planejamento Anual com Roda da Vida A5, Gestão Financeira, Organização Pessoal, Metas e Saúde, Capa Dura Laminada, Agenda Se","1","amazon.com.br","Visa Crédito","Vendedor","Pelotas","RS","96080","78,90","0","0","0","0","-10,26","0","0","0","68,64"
"2 de fev. de 2026 02:47:59 GMT-8","25660474671","Taxa de serviço","","","Custo de Publicidade","","","Crédito Mastercard e outros","","","","","0","0","0","0","0","0","0","-18,51","0","-18,51"
"2 de fev. de 2026 02:59:22 GMT-8","25660481751","Pedido","702-5058587-7451443","YL-NANJ-F7TC","Caderno Preto 20x20cm - Scrapbook Álbum De Fotos Preto 20 Folhas / 40 Páginas - Gramatura 200, Folhas Grossas","1","amazon.com.br","Visa Crédito","Amazon","Recife","PE","51021","68,90","0","0","0","0","-8,27","0","0","0","60,63"
"2 de fev. de 2026 03:44:04 GMT-8","25660474671","Ajuste","","YL-NANJ-F7TC","Reembolso de Estoque FBA - Perdido:Depósito","1","","Crédito Mastercard e outros","","","","","0","0","0","0","0","0","0","0","51,23","51,23"
"2 de fev. de 2026 04:05:41 GMT-8","25660474671","Pedido","701-3288343-3909015","VW-M9WL-7RY7","Caderno Scrapbook - Kraft - 20 Folhas - 20x20cm - Bege - Sem Pauta - Folhas Grossas - Album de Fotos - Album de fotos artesanal - Scrapbook colagem de","1","amazon.com.br","Crédito Mastercard e outros","Vendedor","Araraquara","SP","14801","58,90","0","0","0","0","-7,07","0","0","0","51,83"
"2 de fev. de 2026 04:27:23 GMT-8","25660474671","Pedido","701-5744668-3932258","BT-HCTV-ZOJY","Planner 2026 Napolitano - Planejamento Anual com Roda da Vida A5, Gestão Financeira, Organização Pessoal, Metas e Saúde, Capa Dura Laminada, Agend","1","amazon.com.br","Crédito Mastercard e outros","Vendedor","Tietê","SP","18530","78,90","0","0","0","0","-10,26","0","0","0","68,64"
"2 de fev. de 2026 04:31:46 GMT-8","25660474671","Pedido","702-6169555-2797065","WC-0G0K-5CCC","Planner Financeiro Mensal Datado 2026, Roda Da Vida A5 -Planejamento anual, Organização pessoal Metas e objetivos, Gestão financeira Monitoramento","1","amazon.com.br","Crédito Mastercard e outros","Vendedor","Goianésia","GO","76382","75,90","21,57","0","0","0","-9,87","0","0","0","87,60"
"2 de fev. de 2026 04:45:17 GMT-8","25660474671","Pedido","702-3733183-3393004","0Q-EK6Z-SV84","Planner 2026 Floral - Planejamento Anual com Roda da Vida A5, Gestão Financeira, Organização Pessoal, Metas e Saúde, Capa Dura Laminada, Agenda Se","1","amazon.com.br","Crédito Mastercard e outros","Vendedor","Nova Lima","Minas Gerais","34008","78,90","0","0","0","0","-10,26","0","0","0","68,64"
"2 de fev. de 2026 04:51:31 GMT-8","25660474671","Pedido","702-2314090-7870653","IS-UA22-XKCF","Planner 2026 - Cada flor no seu tempo: planeje o ano com calma e propósito.","1","amazon.com.br","Crédito Mastercard e outros","Vendedor","Foz do Iguaçu","PR","85856","78,90","0","0","0","0","-10,26","0","0","0","68,64"
"2 de fev. de 2026 05:46:15 GMT-8","25660481751","Pedido","702-2998602-9471458","RA-KICF-0Q47","Caderno Preto 20x20cm - Scrapbook Álbum De Fotos Preto 20 Folhas / 40 Páginas - Gramatura 200, Folhas Grossas","1","amazon.com.br","Visa Crédito","Vendedor","Florianópolis","SC","88065","58,90","0","0","0","0","-7,07","0","0","0","51,83"
"2 de fev. de 2026 06:04:38 GMT-8","25660474671","Pedido","701-6202310-1359411","YL-NANJ-F7TC","Caderno Preto 20x20cm - Scrapbook Álbum De Fotos Preto 20 Folhas / 40 Páginas - Gramatura 200, Folhas Grossas","1","amazon.com.br","Crédito Mastercard e outros","Amazon","Manaus","AM","69060","68,90","0","0","0","0","-8,27","0","0","0","60,63"
"2 de fev. de 2026 06:08:07 GMT-8","25660498041","Pedido","702-0953174-2752204","RW-FUR9-X25R","Planner 2026 - Respire, floresça, torne-se - um planner para sua melhor versão!","1","amazon.com.br","Boleto","Vendedor","Foz do Iguaçu","PR","85857","78,90","0","0","0","0","-10,26","0","0","0","68,64"
"2 de fev. de 2026 07:00:11 GMT-8","25660498041","Pedido","702-8306058-9625836","YL-NANJ-F7TC","Caderno Preto 20x20cm - Scrapbook Álbum De Fotos Preto 20 Folhas / 40 Páginas - Gramatura 200, Folhas Grossas","1","amazon.com.br","Boleto","Amazon","Manaus","AM","69053","68,90","8,90","0","-8,90","0","-8,27","0","0","0","60,63"
"2 de fev. de 2026 07:02:37 GMT-8","25660474671","Pedido","702-8104545-0557004","MQ-STXD-11EM","Planner Premium 2026 - Planejamento Anual com Roda da Vida A5, Gestão Financeira, Organização Pessoal, Metas e Saúde, Capa Dura Laminada, Agenda S","1","amazon.com.br","Crédito Mastercard e outros","Vendedor","Paranavaí","PR","87702","68,90","0","0","0","0","-8,96","0","0","0","59,94"
"2 de fev. de 2026 07:23:57 GMT-8","25660498041","Pedido","701-1215630-9574617","WC-0G0K-5CCC","Planner Financeiro Mensal Datado 2026, Roda Da Vida A5 -Planejamento anual, Organização pessoal Metas e objetivos, Gestão financeira Monitoramento","1","amazon.com.br","Boleto","Vendedor","Franca","SP","14407","75,90","0","0","0","0","-9,87","0","0","0","66,03"
"2 de fev. de 2026 07:25:38 GMT-8","25660481751","Pedido","701-8401918-6834607","IU-ZG7V-2UN9","Agenda para Creche Escolar Infantil - Modelos Encantadores para Meninos e Meninas (Esportes)","1","amazon.com.br","Visa Crédito","Vendedor","Americana","SP","13479","59,90","0","0","0","0","-7,79","0","0","0","52,11"
"2 de fev. de 2026 07:27:34 GMT-8","25660474671","Pedido","701-2731539-6433004","MY-P05M-MBEP","Caderno Quadriculado 1x1cm, Capa dura, diversas capas, 80 folhas, 24x15cm","2","amazon.com.br","Crédito Mastercard e outros","Vendedor","Brasília","DF","70670","77,80","0","0","0","0","-10,12","0","0","0","67,68"
"2 de fev. de 2026 07:44:19 GMT-8","25660474671","Pedido","702-9562805-2253852","0Q-EK6Z-SV84","Planner 2026 Floral - Planejamento Anual com Roda da Vida A5, Gestão Financeira, Organização Pessoal, Metas e Saúde, Capa Dura Laminada, Agenda Se","1","amazon.com.br","Crédito Mastercard e outros","Vendedor","FOZ DO IGUAÇU","PR","85852","78,90","0","0","0","0","-10,26","0","0","0","68,64"
"2 de fev. de 2026 07:46:59 GMT-8","25660208361","Transferir","","","Conta bancária com final: 192","","","Elo","","","","","0","0","0","0","0","0","0","0","-243,93","-243,93"
"2 de fev. de 2026 07:47:03 GMT-8","25660481751","Transferir","","","Conta bancária com final: 192","","","Visa Crédito","","","","","0","0","0","0","0","0","0","0","-1.058,45","-1.058,45"
"2 de fev. de 2026 07:47:04 GMT-8","25573890091","Transferir","","","Conta bancária com final: 192","","","Amex","","","","","0","0","0","0","0","0","0","0","-112,84","-112,84"
"2 de fev. de 2026 07:47:04 GMT-8","25660474671","Transferir","","","Conta bancária com final: 192","","","Crédito Mastercard e outros","","","","","0","0","0","0","0","0","0","0","-2.141,19","-2.141,19"
"2 de fev. de 2026 07:54:42 GMT-8","25660474671","Pedido","702-6663026-6370662","4S-C6M7-1NCT","Planner 2026 Amarelo - Life Capa Dura com Controle Financeiro e Roda da Vida","1","amazon.com.br","Crédito Mastercard e outros","Vendedor","Brasília","DF","71535","78,90","0","0","0","0","-10,26","0","0","0","68,64"
"2 de fev. de 2026 08:14:24 GMT-8","25660481751","Pedido","701-1456723-3704225","92-CTAN-4AJQ","Caderno Scrapbook - 20 Folhas - Livro De Assinatura Folhas Pretas 20x19 Álbum De Fotos Scrapbook Preto 40 Páginas - 20x19","1","amazon.com.br","Visa Crédito","Amazon","MANAUS","AMAZONAS","69050","78,90","0","0","0","0","-9,47","0","0","0","69,43"
"2 de fev. de 2026 08:27:46 GMT-8","25660474671","Pedido","701-6315162-5613811","92-CTAN-4AJQ","Caderno Scrapbook - 20 Folhas - Livro De Assinatura Folhas Pretas 20x19 Álbum De Fotos Scrapbook Preto 40 Páginas - 20x19","1","amazon.com.br","Crédito Mastercard e outros","Amazon","Manaus","AM","69060","78,90","0","0","0","0","-9,47","0","0","0","69,43"
"2 de fev. de 2026 08:45:04 GMT-8","25660474671","Pedido","702-8334059-7009069","MQ-STXD-11EM","Planner Premium 2026 - Planejamento Anual com Roda da Vida A5, Gestão Financeira, Organização Pessoal, Metas e Saúde, Capa Dura Laminada, Agenda S","1","amazon.com.br","Crédito Mastercard e outros","Vendedor","Curitiba","PR","80240","68,90","0","0","0","0","-8,96","0","0","0","59,94"
"2 de fev. de 2026 08:47:29 GMT-8","25660474671","Serviços de Envio","702-4593575-5114654","","Tarifa de manuseio com base no peso Delivery by Amazon","","Amazon.com.br","Crédito Mastercard e outros","Vendedor","","","","0","0","0","0","0","0","0","-6,75","0","-6,75"
"2 de fev. de 2026 08:47:29 GMT-8","25660474671","Serviços de Envio","702-4593575-5114654","","Estorno do frete pago pelo comprador","","Amazon.com.br","Crédito Mastercard e outros","Vendedor","","","","0","0","0","0","0","0","0","0","0","0"
"2 de fev. de 2026 08:47:34 GMT-8","25660474671","Serviços de Envio","701-6792881-6485046","","Tarifa de manuseio com base no peso Delivery by Amazon","","Amazon.com.br","Crédito Mastercard e outros","Vendedor","","","","0","0","0","0","0","0","0","-6,75","0","-6,75"
"2 de fev. de 2026 08:47:34 GMT-8","25660474671","Serviços de Envio","701-6792881-6485046","","Estorno do frete pago pelo comprador","","Amazon.com.br","Crédito Mastercard e outros","Vendedor","","","","0","0","0","0","0","0","0","-21,53","0","-21,53"
"2 de fev. de 2026 08:47:34 GMT-8","25660474671","Serviços de Envio","702-0005231-9353866","","Tarifa de manuseio com base no peso Delivery by Amazon","","Amazon.com.br","Crédito Mastercard e outros","Vendedor","","","","0","0","0","0","0","0","0","-6,75","0","-6,75"
"2 de fev. de 2026 08:47:34 GMT-8","25660474671","Serviços de Envio","702-0005231-9353866","","Estorno do frete pago pelo comprador","","Amazon.com.br","Crédito Mastercard e outros","Vendedor","","","","0","0","0","0","0","0","0","0","0","0"
"2 de fev. de 2026 08:47:38 GMT-8","25660474671","Serviços de Envio","702-1567954-2225038","","Tarifa de manuseio com base no peso Delivery by Amazon","","Amazon.com.br","Crédito Mastercard e outros","Vendedor","","","","0","0","0","0","0","0","0","-17,95","0","-17,95"
"2 de fev. de 2026 08:47:38 GMT-8","25660474671","Serviços de Envio","702-1567954-2225038","","Estorno do frete pago pelo comprador","","Amazon.com.br","Crédito Mastercard e outros","Vendedor","","","","0","0","0","0","0","0","0","0","0","0"
"2 de fev. de 2026 08:47:38 GMT-8","25660474671","Serviços de Envio","701-3534284-6037040","","Tarifa de manuseio com base no peso Delivery by Amazon","","Amazon.com.br","Crédito Mastercard e outros","Vendedor","","","","0","0","0","0","0","0","0","-6,75","0","-6,75"
"2 de fev. de 2026 08:47:38 GMT-8","25660474671","Serviços de Envio","701-3534284-6037040","","Estorno do frete pago pelo comprador","","Amazon.com.br","Crédito Mastercard e outros","Vendedor","","","","0","0","0","0","0","0","0","0","0","0"
"2 de fev. de 2026 08:47:42 GMT-8","25660474671","Serviços de Envio","701-2321452-1649068","","Tarifa de manuseio com base no peso Delivery by Amazon","","Amazon.com.br","Crédito Mastercard e outros","Vendedor","","","","0","0","0","0","0","0","0","-6,75","0","-6,75"
"2 de fev. de 2026 08:47:42 GMT-8","25660474671","Serviços de Envio","701-2321452-1649068","","Estorno do frete pago pelo comprador","","Amazon.com.br","Crédito Mastercard e outros","Vendedor","","","","0","0","0","0","0","0","0","0","0","0"
"2 de fev. de 2026 08:47:43 GMT-8","25660474671","Serviços de Envio","701-1243614-3042629","","Tarifa de manuseio com base no peso Delivery by Amazon","","Amazon.com.br","Crédito Mastercard e outros","Vendedor","","","","0","0","0","0","0","0","0","-6,75","0","-6,75"
"2 de fev. de 2026 08:47:43 GMT-8","25660474671","Serviços de Envio","701-1243614-3042629","","Estorno do frete pago pelo comprador","","Amazon.com.br","Crédito Mastercard e outros","Vendedor","","","","0","0","0","0","0","0","0","-22,57","0","-22,57"
"2 de fev. de 2026 08:47:43 GMT-8","25660474671","Serviços de Envio","702-6053985-6810645","","Tarifa de manuseio com base no peso Delivery by Amazon","","Amazon.com.br","Crédito Mastercard e outros","Vendedor","","","","0","0","0","0","0","0","0","-6,75","0","-6,75"
"2 de fev. de 2026 08:47:43 GMT-8","25660474671","Serviços de Envio","702-6053985-6810645","","Estorno do frete pago pelo comprador","","Amazon.com.br","Crédito Mastercard e outros","Vendedor","","","","0","0","0","0","0","0","0","0","0","0"
"2 de fev. de 2026 08:47:49 GMT-8","25660474671","Serviços de Envio","702-8648020-1005039","","Tarifa de manuseio com base no peso Delivery by Amazon","","Amazon.com.br","Crédito Mastercard e outros","Vendedor","","","","0","0","0","0","0","0","0","-6,75","0","-6,75"
"2 de fev. de 2026 08:47:49 GMT-8","25660474671","Serviços de Envio","702-8648020-1005039","","Estorno do frete pago pelo comprador","","Amazon.com.br","Crédito Mastercard e outros","Vendedor","","","","0","0","0","0","0","0","0","0","0","0"
"2 de fev. de 2026 08:47:49 GMT-8","25660474671","Serviços de Envio","701-0266713-1454644","","Tarifa de manuseio com base no peso Delivery by Amazon","","Amazon.com.br","Crédito Mastercard e outros","Vendedor","","","","0","0","0","0","0","0","0","-6,75","0","-6,75"
"2 de fev. de 2026 08:47:49 GMT-8","25660474671","Serviços de Envio","701-0266713-1454644","","Estorno do frete pago pelo comprador","","Amazon.com.br","Crédito Mastercard e outros","Vendedor","","","","0","0","0","0","0","0","0","0","0","0"
"2 de fev. de 2026 08:47:52 GMT-8","25660474671","Serviços de Envio","701-2570966-3410629","","Tarifa de manuseio com base no peso Delivery by Amazon","","Amazon.com.br","Crédito Mastercard e outros","Vendedor","","","","0","0","0","0","0","0","0","-6,75","0","-6,75"
"2 de fev. de 2026 08:47:52 GMT-8","25660474671","Serviços de Envio","701-2570966-3410629","","Estorno do frete pago pelo comprador","","Amazon.com.br","Crédito Mastercard e outros","Vendedor","","","","0","0","0","0","0","0","0","0","0","0"
"2 de fev. de 2026 08:47:53 GMT-8","25660474671","Serviços de Envio","702-6755985-7681831","","Tarifa de manuseio com base no peso Delivery by Amazon","","Amazon.com.br","Crédito Mastercard e outros","Vendedor","","","","0","0","0","0","0","0","0","-6,75","0","-6,75"
"2 de fev. de 2026 08:47:53 GMT-8","25660474671","Serviços de Envio","702-6755985-7681831","","Estorno do frete pago pelo comprador","","Amazon.com.br","Crédito Mastercard e outros","Vendedor","","","","0","0","0","0","0","0","0","0","0","0"
"2 de fev. de 2026 08:47:53 GMT-8","25660474671","Serviços de Envio","702-1205955-7817802","","Tarifa de manuseio com base no peso Delivery by Amazon","","Amazon.com.br","Crédito Mastercard e outros","Vendedor","","","","0","0","0","0","0","0","0","-6,75","0","-6,75"
"2 de fev. de 2026 08:47:53 GMT-8","25660474671","Serviços de Envio","702-1205955-7817802","","Estorno do frete pago pelo comprador","","Amazon.com.br","Crédito Mastercard e outros","Vendedor","","","","0","0","0","0","0","0","0","0","0","0"
"2 de fev. de 2026 08:47:54 GMT-8","25660474671","Serviços de Envio","701-7706816-9597868","","Tarifa de manuseio com base no peso Delivery by Amazon","","Amazon.com.br","Crédito Mastercard e outros","Vendedor","","","","0","0","0","0","0","0","0","-6,75","0","-6,75"
"2 de fev. de 2026 08:47:54 GMT-8","25660474671","Serviços de Envio","701-7706816-9597868","","Estorno do frete pago pelo comprador","","Amazon.com.br","Crédito Mastercard e outros","Vendedor","","","","0","0","0","0","0","0","0","0","0","0"
"2 de fev. de 2026 08:47:57 GMT-8","25660474671","Serviços de Envio","702-6548339-8883451","","Tarifa de manuseio com base no peso Delivery by Amazon","","Amazon.com.br","Crédito Mastercard e outros","Vendedor","","","","0","0","0","0","0","0","0","-6,75","0","-6,75"
"2 de fev. de 2026 08:47:57 GMT-8","25660474671","Serviços de Envio","702-6548339-8883451","","Estorno do frete pago pelo comprador","","Amazon.com.br","Crédito Mastercard e outros","Vendedor","","","","0","0","0","0","0","0","0","0","0","0"
"2 de fev. de 2026 08:47:58 GMT-8","25660474671","Serviços de Envio","702-9840018-8105008","","Tarifa de manuseio com base no peso Delivery by Amazon","","Amazon.com.br","Crédito Mastercard e outros","Vendedor","","","","0","0","0","0","0","0","0","-6,75","0","-6,75"
"2 de fev. de 2026 08:47:58 GMT-8","25660474671","Serviços de Envio","702-9840018-8105008","","Estorno do frete pago pelo comprador","","Amazon.com.br","Crédito Mastercard e outros","Vendedor","","","","0","0","0","0","0","0","0","0","0","0"
"2 de fev. de 2026 08:47:58 GMT-8","25660474671","Serviços de Envio","701-4926230-2605802","","Tarifa de manuseio com base no peso Delivery by Amazon","","Amazon.com.br","Crédito Mastercard e outros","Vendedor","","","","0","0","0","0","0","0","0","-6,75","0","-6,75"
"2 de fev. de 2026 08:47:58 GMT-8","25660474671","Serviços de Envio","701-4926230-2605802","","Estorno do frete pago pelo comprador","","Amazon.com.br","Crédito Mastercard e outros","Vendedor","","","","0","0","0","0","0","0","0","0","0","0"
"2 de fev. de 2026 08:47:59 GMT-8","25660474671","Serviços de Envio","701-7485387-5253840","","Tarifa de manuseio com base no peso Delivery by Amazon","","Amazon.com.br","Crédito Mastercard e outros","Vendedor","","","","0","0","0","0","0","0","0","-6,75","0","-6,75"
"2 de fev. de 2026 08:47:59 GMT-8","25660474671","Serviços de Envio","701-7485387-5253840","","Estorno do frete pago pelo comprador","","Amazon.com.br","Crédito Mastercard e outros","Vendedor","","","","0","0","0","0","0","0","0","0","0","0"
"2 de fev. de 2026 08:48:04 GMT-8","25660474671","Serviços de Envio","702-4170509-4711432","","Tarifa de manuseio com base no peso Delivery by Amazon","","Amazon.com.br","Crédito Mastercard e outros","Vendedor","","","","0","0","0","0","0","0","0","-6,75","0","-6,75"
"2 de fev. de 2026 08:48:04 GMT-8","25660474671","Serviços de Envio","702-4170509-4711432","","Estorno do frete pago pelo comprador","","Amazon.com.br","Crédito Mastercard e outros","Vendedor","","","","0","0","0","0","0","0","0","0","0","0"
"2 de fev. de 2026 08:48:08 GMT-8","25660474671","Serviços de Envio","702-5255292-3467437","","Tarifa de manuseio com base no peso Delivery by Amazon","","Amazon.com.br","Crédito Mastercard e outros","Vendedor","","","","0","0","0","0","0","0","0","-6,75","0","-6,75"
"2 de fev. de 2026 08:48:08 GMT-8","25660474671","Serviços de Envio","702-5255292-3467437","","Estorno do frete pago pelo comprador","","Amazon.com.br","Crédito Mastercard e outros","Vendedor","","","","0","0","0","0","0","0","0","0","0","0"
"2 de fev. de 2026 08:48:08 GMT-8","25660474671","Serviços de Envio","701-7152700-3557855","","Tarifa de manuseio com base no peso Delivery by Amazon","","Amazon.com.br","Crédito Mastercard e outros","Vendedor","","","","0","0","0","0","0","0","0","-6,75","0","-6,75"
"2 de fev. de 2026 08:48:08 GMT-8","25660474671","Serviços de Envio","701-7152700-3557855","","Estorno do frete pago pelo comprador","","Amazon.com.br","Crédito Mastercard e outros","Vendedor","","","","0","0","0","0","0","0","0","0","0","0"
"2 de fev. de 2026 08:48:13 GMT-8","25660474671","Serviços de Envio","702-9921010-7317007","","Tarifa de manuseio com base no peso Delivery by Amazon","","Amazon.com.br","Crédito Mastercard e outros","Vendedor","","","","0","0","0","0","0","0","0","-6,75","0","-6,75"
"2 de fev. de 2026 08:48:13 GMT-8","25660474671","Serviços de Envio","702-9921010-7317007","","Estorno do frete pago pelo comprador","","Amazon.com.br","Crédito Mastercard e outros","Vendedor","","","","0","0","0","0","0","0","0","0","0","0"
"2 de fev. de 2026 08:48:14 GMT-8","25660474671","Serviços de Envio","701-4437523-8993009","","Tarifa de manuseio com base no peso Delivery by Amazon","","Amazon.com.br","Crédito Mastercard e outros","Vendedor","","","","0","0","0","0","0","0","0","-6,75","0","-6,75"
"2 de fev. de 2026 08:48:14 GMT-8","25660474671","Serviços de Envio","701-4437523-8993009","","Estorno do frete pago pelo comprador","","Amazon.com.br","Crédito Mastercard e outros","Vendedor","","","","0","0","0","0","0","0","0","0","0","0"
"2 de fev. de 2026 08:48:18 GMT-8","25660474671","Serviços de Envio","702-1668268-0145853","","Tarifa de manuseio com base no peso Delivery by Amazon","","Amazon.com.br","Crédito Mastercard e outros","Vendedor","","","","0","0","0","0","0","0","0","-6,75","0","-6,75"
"2 de fev. de 2026 08:48:18 GMT-8","25660474671","Serviços de Envio","702-1668268-0145853","","Estorno do frete pago pelo comprador","","Amazon.com.br","Crédito Mastercard e outros","Vendedor","","","","0","0","0","0","0","0","0","0","0","0"
"2 de fev. de 2026 08:48:18 GMT-8","25660474671","Serviços de Envio","701-7919793-5543404","","Tarifa de manuseio com base no peso Delivery by Amazon","","Amazon.com.br","Crédito Mastercard e outros","Vendedor","","","","0","0","0","0","0","0","0","-6,75","0","-6,75"
"2 de fev. de 2026 08:48:18 GMT-8","25660474671","Serviços de Envio","701-7919793-5543404","","Estorno do frete pago pelo comprador","","Amazon.com.br","Crédito Mastercard e outros","Vendedor","","","","0","0","0","0","0","0","0","0","0","0"
"2 de fev. de 2026 08:48:19 GMT-8","25660474671","Serviços de Envio","702-3780660-4106666","","Tarifa de manuseio com base no peso Delivery by Amazon","","Amazon.com.br","Crédito Mastercard e outros","Vendedor","","","","0","0","0","0","0","0","0","-13,50","0","-13,50"
"2 de fev. de 2026 08:48:19 GMT-8","25660474671","Serviços de Envio","702-3780660-4106666","","Estorno do frete pago pelo comprador","","Amazon.com.br","Crédito Mastercard e outros","Vendedor","","","","0","0","0","0","0","0","0","0","0","0"
"2 de fev. de 2026 08:48:20 GMT-8","25660474671","Serviços de Envio","702-0721326-1859410","","Tarifa de manuseio com base no peso Delivery by Amazon","","Amazon.com.br","Crédito Mastercard e outros","Vendedor","","","","0","0","0","0","0","0","0","-6,50","0","-6,50"
"2 de fev. de 2026 08:48:20 GMT-8","25660474671","Serviços de Envio","702-0721326-1859410","","Estorno do frete pago pelo comprador","","Amazon.com.br","Crédito Mastercard e outros","Vendedor","","","","0","0","0","0","0","0","0","0","0","0"
"2 de fev. de 2026 08:48:23 GMT-8","25660474671","Serviços de Envio","701-6115321-6345048","","Tarifa de manuseio com base no peso Delivery by Amazon","","Amazon.com.br","Crédito Mastercard e outros","Vendedor","","","","0","0","0","0","0","0","0","-6,75","0","-6,75"
"2 de fev. de 2026 08:48:23 GMT-8","25660474671","Serviços de Envio","701-6115321-6345048","","Estorno do frete pago pelo comprador","","Amazon.com.br","Crédito Mastercard e outros","Vendedor","","","","0","0","0","0","0","0","0","0","0","0"
"2 de fev. de 2026 08:48:23 GMT-8","25660474671","Serviços de Envio","701-2745092-6806633","","Tarifa de manuseio com base no peso Delivery by Amazon","","Amazon.com.br","Crédito Mastercard e outros","Vendedor","","","","0","0","0","0","0","0","0","-6,75","0","-6,75"
"2 de fev. de 2026 08:48:23 GMT-8","25660474671","Serviços de Envio","701-2745092-6806633","","Estorno do frete pago pelo comprador","","Amazon.com.br","Crédito Mastercard e outros","Vendedor","","","","0","0","0","0","0","0","0","0","0","0"
"2 de fev. de 2026 08:48:23 GMT-8","25660474671","Serviços de Envio","701-3723221-4681808","","Tarifa de manuseio com base no peso Delivery by Amazon","","Amazon.com.br","Crédito Mastercard e outros","Vendedor","","","","0","0","0","0","0","0","0","-6,75","0","-6,75"
"2 de fev. de 2026 08:48:23 GMT-8","25660474671","Serviços de Envio","701-3723221-4681808","","Estorno do frete pago pelo comprador","","Amazon.com.br","Crédito Mastercard e outros","Vendedor","","","","0","0","0","0","0","0","0","0","0","0"
"2 de fev. de 2026 08:48:24 GMT-8","25660474671","Serviços de Envio","702-2264789-1469856","","Tarifa de manuseio com base no peso Delivery by Amazon","","Amazon.com.br","Crédito Mastercard e outros","Vendedor","","","","0","0","0","0","0","0","0","-6,75","0","-6,75"
"2 de fev. de 2026 08:48:24 GMT-8","25660474671","Serviços de Envio","702-2264789-1469856","","Estorno do frete pago pelo comprador","","Amazon.com.br","Crédito Mastercard e outros","Vendedor","","","","0","0","0","0","0","0","0","0","0","0"
"2 de fev. de 2026 08:48:28 GMT-8","25660474671","Serviços de Envio","702-7697540-8164203","","Tarifa de manuseio com base no peso Delivery by Amazon","","Amazon.com.br","Crédito Mastercard e outros","Vendedor","","","","0","0","0","0","0","0","0","-6,75","0","-6,75"
"2 de fev. de 2026 08:48:28 GMT-8","25660474671","Serviços de Envio","702-7697540-8164203","","Estorno do frete pago pelo comprador","","Amazon.com.br","Crédito Mastercard e outros","Vendedor","","","","0","0","0","0","0","0","0","0","0","0"
"2 de fev. de 2026 16:25:30 GMT-8","25660474671","Pedido","702-8685027-0006656","RW-FUR9-X25R","Planner 2026 - Respire, floresça, torne-se - um planner para sua melhor versão!","1","amazon.com.br","Crédito Mastercard e outros","Vendedor","Marataízes","ES","29345","78,90","0","0","0","0","-10,26","0","0","0","68,64"
"2 de fev. de 2026 17:02:33 GMT-8","25660498041","Pedido","701-4301465-2488242","MY-P05M-MBEP","Caderno Quadriculado 1x1cm, Capa dura, diversas capas, 80 folhas, 24x15cm","1","amazon.com.br","Boleto","Vendedor","Brasília","DF","70680","38,90","0","0","0","0","-5,06","0","0","0","33,84"
"2 de fev. de 2026 23:47:34 GMT-8","25660498041","Pedido","702-2503692-8578620","J7-1RCD-8P3P","Scrapbook Kraft 20x20: Crie Seu Álbum Artesanal Único","1","amazon.com.br","Boleto","Amazon","Belo Horizonte","MG","30140","68,90","0","0","0","0","-8,27","0","0","0","60,63"
"3 de fev. de 2026 00:08:59 GMT-8","25660481751","Pedido","702-7466533-5736241","V7-N8TP-MCL5","Album fotografico scrapbook - Coleção Corações (Vermelho)","1","amazon.com.br","Visa Crédito","Vendedor","São Paulo","SP","04648","78,90","0","0","0","0","-10,26","0","0","0","68,64"
"3 de fev. de 2026 01:17:50 GMT-8","25660474671","Pedido","701-5510188-7773019","AA-2SEI-HBU9","Planner 2026 - Delicado por fora, poderoso por dentro - organize-se com encanto!","1","amazon.com.br","Crédito Mastercard e outros","Vendedor","Curitiba","PR","81730","78,90","0","0","0","0","-10,26","0","0","0","68,64"
"3 de fev. de 2026 02:22:30 GMT-8","25660474671","Pedido","702-0265578-7261014","6R-CADM-OAHJ","Planner 2026 - Seu novo começo começa aqui - o planner que floresce com você.","1","amazon.com.br","Crédito Mastercard e outros","Vendedor","Montes Claros","MG","39400","78,90","0","0","0","0","-10,26","0","0","0","68,64"
"3 de fev. de 2026 02:46:39 GMT-8","25660208361","Pedido","701-4802474-6818606","DS-AD46-QLZ8","Planner Semanal para o Ano Todo - Várias Capas Lindas!","1","amazon.com.br","Elo","Amazon","Mossoró","RN","59610","49,90","0","0","0","0","-6,49","0","0","0","43,41"
"3 de fev. de 2026 03:39:57 GMT-8","25660474671","Pedido","701-8576019-5961012","RA-KICF-0Q47","Caderno Preto 20x20cm - Scrapbook Álbum De Fotos Preto 20 Folhas / 40 Páginas - Gramatura 200, Folhas Grossas","1","amazon.com.br","Crédito Mastercard e outros","Vendedor","Brasília","DF","71680","58,90","0","0","0","0","-7,07","0","0","0","51,83"
"3 de fev. de 2026 03:41:10 GMT-8","25660474671","Pedido","702-6181653-5474659","RA-KICF-0Q47","Caderno Preto 20x20cm - Scrapbook Álbum De Fotos Preto 20 Folhas / 40 Páginas - Gramatura 200, Folhas Grossas","1","amazon.com.br","Crédito Mastercard e outros","Vendedor","Contagem","MG","32280","58,90","0","0","0","0","-7,07","0","0","0","51,83"
"3 de fev. de 2026 05:11:18 GMT-8","25660498041","Pedido","701-5736984-4760260","0Q-EK6Z-SV84","Planner 2026 Floral - Planejamento Anual com Roda da Vida A5, Gestão Financeira, Organização Pessoal, Metas e Saúde, Capa Dura Laminada, Agenda Se","1","amazon.com.br","Boleto","Vendedor","Belo Horizonte","MG","31320","78,90","0","0","0","0","-10,26","0","0","0","68,64"
"3 de fev. de 2026 05:27:36 GMT-8","25660474671","Pedido","702-9367367-7367434","92-CTAN-4AJQ","Caderno Scrapbook - 20 Folhas - Livro De Assinatura Folhas Pretas 20x19 Álbum De Fotos Scrapbook Preto 40 Páginas - 20x19","2","amazon.com.br","Crédito Mastercard e outros","Amazon","Manaus","AM","69057","157,80","0","0","0","0","-18,94","0","0","0","138,86"
"3 de fev. de 2026 05:36:14 GMT-8","25660481751","Pedido","702-7469038-4461807","MY-P05M-MBEP","Caderno Quadriculado 1x1cm, Capa dura, diversas capas, 80 folhas, 24x15cm","1","amazon.com.br","Visa Crédito","Vendedor","Toledo","PR","85903","38,90","0","0","0","0","-5,06","0","0","0","33,84"
"3 de fev. de 2026 06:28:15 GMT-8","25660481751","Pedido","701-8735554-2411444","MY-P05M-MBEP","Caderno Quadriculado 1x1cm, Capa dura, diversas capas, 80 folhas, 24x15cm","2","amazon.com.br","Visa Crédito","Vendedor","São Paulo","SP","04037","77,80","0","0","0","0","-10,12","0","0","0","67,68"
"3 de fev. de 2026 06:52:14 GMT-8","25660498041","Pedido","701-7269276-8840260","RW-FUR9-X25R","Planner 2026 - Respire, floresça, torne-se - um planner para sua melhor versão!","1","amazon.com.br","Boleto","Vendedor","Brasília","DF","71940","78,90","0","0","0","0","-10,26","0","0","0","68,64"
"3 de fev. de 2026 06:53:29 GMT-8","25660481751","Pedido","701-2981464-8093813","0Q-EK6Z-SV84","Planner 2026 Floral - Planejamento Anual com Roda da Vida A5, Gestão Financeira, Organização Pessoal, Metas e Saúde, Capa Dura Laminada, Agenda Se","1","amazon.com.br","Visa Crédito","Vendedor","Santo André","SP","09090","78,90","0","0","0","0","-10,26","0","0","0","68,64"
"3 de fev. de 2026 06:58:59 GMT-8","25660208361","Pedido","702-0231756-6049052","MQ-STXD-11EM","Planner Premium 2026 - Planejamento Anual com Roda da Vida A5, Gestão Financeira, Organização Pessoal, Metas e Saúde, Capa Dura Laminada, Agenda S","1","amazon.com.br","Elo","Vendedor","São Paulo","SP","04675","68,90","0","0","0","0","-8,96","0","0","0","59,94"
"3 de fev. de 2026 07:17:19 GMT-8","25660498041","Pedido","701-6973282-0863439","RA-KICF-0Q47","Caderno Preto 20x20cm - Scrapbook Álbum De Fotos Preto 20 Folhas / 40 Páginas - Gramatura 200, Folhas Grossas","1","amazon.com.br","Boleto","Vendedor","Brasília","DF","72005","58,90","0","0","0","0","-7,07","0","0","0","51,83"
"3 de fev. de 2026 07:22:40 GMT-8","25660498041","Pedido","701-4677717-9235436","MQ-STXD-11EM","Planner Premium 2026 - Planejamento Anual com Roda da Vida A5, Gestão Financeira, Organização Pessoal, Metas e Saúde, Capa Dura Laminada, Agenda S","1","amazon.com.br","Boleto","Vendedor","Feira de Santana","BA","44031","68,90","21,80","0","0","0","-8,96","0","0","0","81,74"
"3 de fev. de 2026 07:26:16 GMT-8","25660474671","Pedido","702-9211899-2917019","0Q-EK6Z-SV84","Planner 2026 Floral - Planejamento Anual com Roda da Vida A5, Gestão Financeira, Organização Pessoal, Metas e Saúde, Capa Dura Laminada, Agenda Se","1","amazon.com.br","Crédito Mastercard e outros","Vendedor","São Paulo","Sp","04602","78,90","0","0","0","0","-10,26","0","0","0","68,64"
"3 de fev. de 2026 08:01:54 GMT-8","25660474671","Taxa de serviço","","","Custo de Publicidade","","","Crédito Mastercard e outros","","","","","0","0","0","0","0","0","0","-519,21","0","-519,21"
"3 de fev. de 2026 08:32:05 GMT-8","25660474671","Serviços de Envio","702-9343245-8655438","","Tarifa de manuseio com base no peso Delivery by Amazon","","Amazon.com.br","Crédito Mastercard e outros","Vendedor","","","","0","0","0","0","0","0","0","-6,75","0","-6,75"
"3 de fev. de 2026 08:32:05 GMT-8","25660474671","Serviços de Envio","702-9343245-8655438","","Estorno do frete pago pelo comprador","","Amazon.com.br","Crédito Mastercard e outros","Vendedor","","","","0","0","0","0","0","0","0","-21,57","0","-21,57"
"3 de fev. de 2026 08:32:13 GMT-8","25660474671","Serviços de Envio","702-4322828-0753008","","Tarifa de manuseio com base no peso Delivery by Amazon","","Amazon.com.br","Crédito Mastercard e outros","Vendedor","","","","0","0","0","0","0","0","0","-6,75","0","-6,75"
"3 de fev. de 2026 08:32:13 GMT-8","25660474671","Serviços de Envio","702-4322828-0753008","","Estorno do frete pago pelo comprador","","Amazon.com.br","Crédito Mastercard e outros","Vendedor","","","","0","0","0","0","0","0","0","0","0","0"
"3 de fev. de 2026 08:32:17 GMT-8","25660474671","Serviços de Envio","701-7043459-5290645","","Tarifa de manuseio com base no peso Delivery by Amazon","","Amazon.com.br","Crédito Mastercard e outros","Vendedor","","","","0","0","0","0","0","0","0","-6,75","0","-6,75"
"3 de fev. de 2026 08:32:17 GMT-8","25660474671","Serviços de Envio","701-7043459-5290645","","Estorno do frete pago pelo comprador","","Amazon.com.br","Crédito Mastercard e outros","Vendedor","","","","0","0","0","0","0","0","0","0","0","0"
"3 de fev. de 2026 08:32:21 GMT-8","25660474671","Serviços de Envio","702-8943548-4214659","","Tarifa de manuseio com base no peso Delivery by Amazon","","Amazon.com.br","Crédito Mastercard e outros","Vendedor","","","","0","0","0","0","0","0","0","-6,75","0","-6,75"
"3 de fev. de 2026 08:32:21 GMT-8","25660474671","Serviços de Envio","702-8943548-4214659","","Estorno do frete pago pelo comprador","","Amazon.com.br","Crédito Mastercard e outros","Vendedor","","","","0","0","0","0","0","0","0","0","0","0"
"3 de fev. de 2026 08:32:22 GMT-8","25660474671","Serviços de Envio","702-8158984-3649816","","Tarifa de manuseio com base no peso Delivery by Amazon","","Amazon.com.br","Crédito Mastercard e outros","Vendedor","","","","0","0","0","0","0","0","0","-6,75","0","-6,75"
"3 de fev. de 2026 08:32:22 GMT-8","25660474671","Serviços de Envio","702-8158984-3649816","","Estorno do frete pago pelo comprador","","Amazon.com.br","Crédito Mastercard e outros","Vendedor","","","","0","0","0","0","0","0","0","0","0","0"
"3 de fev. de 2026 08:32:22 GMT-8","25660474671","Serviços de Envio","702-0366027-0597009","","Tarifa de manuseio com base no peso Delivery by Amazon","","Amazon.com.br","Crédito Mastercard e outros","Vendedor","","","","0","0","0","0","0","0","0","-6,75","0","-6,75"
"3 de fev. de 2026 08:32:22 GMT-8","25660474671","Serviços de Envio","702-0366027-0597009","","Estorno do frete pago pelo comprador","","Amazon.com.br","Crédito Mastercard e outros","Vendedor","","","","0","0","0","0","0","0","0","0","0","0"
"3 de fev. de 2026 08:32:30 GMT-8","25660474671","Serviços de Envio","702-5057266-7788224","","Tarifa de manuseio com base no peso Delivery by Amazon","","Amazon.com.br","Crédito Mastercard e outros","Vendedor","","","","0","0","0","0","0","0","0","-6,75","0","-6,75"
"3 de fev. de 2026 08:32:30 GMT-8","25660474671","Serviços de Envio","702-5057266-7788224","","Estorno do frete pago pelo comprador","","Amazon.com.br","Crédito Mastercard e outros","Vendedor","","","","0","0","0","0","0","0","0","0","0","0"
"3 de fev. de 2026 08:32:30 GMT-8","25660474671","Serviços de Envio","702-3003594-7321060","","Tarifa de manuseio com base no peso Delivery by Amazon","","Amazon.com.br","Crédito Mastercard e outros","Vendedor","","","","0","0","0","0","0","0","0","-6,75","0","-6,75"
"3 de fev. de 2026 08:32:30 GMT-8","25660474671","Serviços de Envio","702-3003594-7321060","","Estorno do frete pago pelo comprador","","Amazon.com.br","Crédito Mastercard e outros","Vendedor","","","","0","0","0","0","0","0","0","0","0","0"
"3 de fev. de 2026 08:32:34 GMT-8","25660474671","Serviços de Envio","701-2042380-7189811","","Tarifa de manuseio com base no peso Delivery by Amazon","","Amazon.com.br","Crédito Mastercard e outros","Vendedor","","","","0","0","0","0","0","0","0","-6,75","0","-6,75"
"3 de fev. de 2026 08:32:34 GMT-8","25660474671","Serviços de Envio","701-2042380-7189811","","Estorno do frete pago pelo comprador","","Amazon.com.br","Crédito Mastercard e outros","Vendedor","","","","0","0","0","0","0","0","0","0","0","0"
"3 de fev. de 2026 08:32:35 GMT-8","25660474671","Serviços de Envio","702-4629611-1335441","","Tarifa de manuseio com base no peso Delivery by Amazon","","Amazon.com.br","Crédito Mastercard e outros","Vendedor","","","","0","0","0","0","0","0","0","-6,75","0","-6,75"
"3 de fev. de 2026 08:32:35 GMT-8","25660474671","Serviços de Envio","702-4629611-1335441","","Estorno do frete pago pelo comprador","","Amazon.com.br","Crédito Mastercard e outros","Vendedor","","","","0","0","0","0","0","0","0","0","0","0"
"3 de fev. de 2026 08:32:35 GMT-8","25660474671","Serviços de Envio","702-5066746-7012260","","Tarifa de manuseio com base no peso Delivery by Amazon","","Amazon.com.br","Crédito Mastercard e outros","Vendedor","","","","0","0","0","0","0","0","0","-6,75","0","-6,75"
"3 de fev. de 2026 08:32:35 GMT-8","25660474671","Serviços de Envio","702-5066746-7012260","","Estorno do frete pago pelo comprador","","Amazon.com.br","Crédito Mastercard e outros","Vendedor","","","","0","0","0","0","0","0","0","0","0","0"
"3 de fev. de 2026 08:32:38 GMT-8","25660474671","Serviços de Envio","702-6043421-6879457","","Tarifa de manuseio com base no peso Delivery by Amazon","","Amazon.com.br","Crédito Mastercard e outros","Vendedor","","","","0","0","0","0","0","0","0","-13,50","0","-13,50"
"3 de fev. de 2026 08:32:38 GMT-8","25660474671","Serviços de Envio","702-6043421-6879457","","Estorno do frete pago pelo comprador","","Amazon.com.br","Crédito Mastercard e outros","Vendedor","","","","0","0","0","0","0","0","0","0","0","0"
"3 de fev. de 2026 08:32:38 GMT-8","25660474671","Serviços de Envio","702-8359002-4858668","","Tarifa de manuseio com base no peso Delivery by Amazon","","Amazon.com.br","Crédito Mastercard e outros","Vendedor","","","","0","0","0","0","0","0","0","-6,75","0","-6,75"
"3 de fev. de 2026 08:32:38 GMT-8","25660474671","Serviços de Envio","702-8359002-4858668","","Estorno do frete pago pelo comprador","","Amazon.com.br","Crédito Mastercard e outros","Vendedor","","","","0","0","0","0","0","0","0","0","0","0"
"3 de fev. de 2026 08:32:44 GMT-8","25660474671","Serviços de Envio","702-9223659-8471452","","Tarifa de manuseio com base no peso Delivery by Amazon","","Amazon.com.br","Crédito Mastercard e outros","Vendedor","","","","0","0","0","0","0","0","0","-6,75","0","-6,75"
"3 de fev. de 2026 08:32:44 GMT-8","25660474671","Serviços de Envio","702-9223659-8471452","","Estorno do frete pago pelo comprador","","Amazon.com.br","Crédito Mastercard e outros","Vendedor","","","","0","0","0","0","0","0","0","0","0","0"
"3 de fev. de 2026 08:32:47 GMT-8","25660474671","Serviços de Envio","702-9757272-9778655","","Tarifa de manuseio com base no peso Delivery by Amazon","","Amazon.com.br","Crédito Mastercard e outros","Vendedor","","","","0","0","0","0","0","0","0","-6,75","0","-6,75"
"3 de fev. de 2026 08:32:47 GMT-8","25660474671","Serviços de Envio","702-9757272-9778655","","Estorno do frete pago pelo comprador","","Amazon.com.br","Crédito Mastercard e outros","Vendedor","","","","0","0","0","0","0","0","0","0","0","0"
"3 de fev. de 2026 08:32:47 GMT-8","25660474671","Serviços de Envio","702-3664573-3482618","","Tarifa de manuseio com base no peso Delivery by Amazon","","Amazon.com.br","Crédito Mastercard e outros","Vendedor","","","","0","0","0","0","0","0","0","-6,75","0","-6,75"
"3 de fev. de 2026 08:32:47 GMT-8","25660474671","Serviços de Envio","702-3664573-3482618","","Estorno do frete pago pelo comprador","","Amazon.com.br","Crédito Mastercard e outros","Vendedor","","","","0","0","0","0","0","0","0","0","0","0"
"3 de fev. de 2026 08:32:48 GMT-8","25660474671","Serviços de Envio","702-6991677-1830602","","Tarifa de manuseio com base no peso Delivery by Amazon","","Amazon.com.br","Crédito Mastercard e outros","Vendedor","","","","0","0","0","0","0","0","0","-6,75","0","-6,75"
"3 de fev. de 2026 08:32:48 GMT-8","25660474671","Serviços de Envio","702-6991677-1830602","","Estorno do frete pago pelo comprador","","Amazon.com.br","Crédito Mastercard e outros","Vendedor","","","","0","0","0","0","0","0","0","0","0","0"
"3 de fev. de 2026 08:33:00 GMT-8","25660474671","Serviços de Envio","701-5503908-3563405","","Tarifa de manuseio com base no peso Delivery by Amazon","","Amazon.com.br","Crédito Mastercard e outros","Vendedor","","","","0","0","0","0","0","0","0","-6,75","0","-6,75"
"3 de fev. de 2026 08:33:00 GMT-8","25660474671","Serviços de Envio","701-5503908-3563405","","Estorno do frete pago pelo comprador","","Amazon.com.br","Crédito Mastercard e outros","Vendedor","","","","0","0","0","0","0","0","0","0","0","0"
"3 de fev. de 2026 12:45:51 GMT-8","25660498041","Pedido","702-5369839-9868241","HJ-GKXE-8FVO","Agenda 2026 Cristã 1 Dia por Folha com Versículos Bíblicos 2026","1","amazon.com.br","Boleto","Amazon","João Pessoa","PB","58063","58,90","8,90","0","-8,90","0","-7,66","0","0","0","51,24"
"3 de fev. de 2026 14:05:37 GMT-8","25660481751","Pedido","701-8013936-0634622","0Q-EK6Z-SV84","Planner 2026 Floral - Planejamento Anual com Roda da Vida A5, Gestão Financeira, Organização Pessoal, Metas e Saúde, Capa Dura Laminada, Agenda Se","1","amazon.com.br","Visa Crédito","Vendedor","Salvador","BA","40169","78,90","22,02","0","0","0","-10,26","0","0","0","90,66"
"3 de fev. de 2026 14:36:05 GMT-8","25660498041","Transferir","","","Conta bancária com final: 192","","","Boleto","","","","","0","0","0","0","0","0","0","0","-1.886,14","-1.886,14"
"3 de fev. de 2026 20:08:49 GMT-8","25660498041","Pedido","702-9963288-6930629","MQ-STXD-11EM","Planner Premium 2026 - Planejamento Anual com Roda da Vida A5, Gestão Financeira, Organização Pessoal, Metas e Saúde, Capa Dura Laminada, Agenda S","1","amazon.com.br","Boleto","Vendedor","Itaboraí","RJ","24858","68,90","0","0","0","0","-8,96","0","0","0","59,94"
"4 de fev. de 2026 00:18:41 GMT-8","25660481751","Pedido","702-7131365-8090629","YL-NANJ-F7TC","Caderno Preto 20x20cm - Scrapbook Álbum De Fotos Preto 20 Folhas / 40 Páginas - Gramatura 200, Folhas Grossas","1","amazon.com.br","Visa Crédito","Amazon","Serra do Mel","RN","59663","68,90","0","0","0","0","-8,27","0","0","0","60,63"
"4 de fev. de 2026 00:21:23 GMT-8","25660474671","Pedido","701-7567008-5047440","YL-NANJ-F7TC","Caderno Preto 20x20cm - Scrapbook Álbum De Fotos Preto 20 Folhas / 40 Páginas - Gramatura 200, Folhas Grossas","1","amazon.com.br","Crédito Mastercard e outros","Amazon","Simões Filho","BA","43724","68,90","8,90","0","-8,90","0","-8,27","0","0","0","60,63"
"4 de fev. de 2026 03:47:32 GMT-8","25660481751","Pedido","701-4342480-2758658","RA-KICF-0Q47","Caderno Preto 20x20cm - Scrapbook Álbum De Fotos Preto 20 Folhas / 40 Páginas - Gramatura 200, Folhas Grossas","1","amazon.com.br","Visa Crédito","Vendedor","Passo Fundo","RS","99010","58,90","0","0","0","0","-7,07","0","0","0","51,83"
"4 de fev. de 2026 04:51:57 GMT-8","25660474671","Pedido","701-7570673-0560230","RW-FUR9-X25R","Planner 2026 - Respire, floresça, torne-se - um planner para sua melhor versão!","1","amazon.com.br","Crédito Mastercard e outros","Vendedor","Uberlândia","MG","38408","78,90","0","0","0","0","-10,26","0","0","0","68,64"
"4 de fev. de 2026 04:52:39 GMT-8","25660474671","Pedido","701-1107795-9233838","RA-KICF-0Q47","Caderno Preto 20x20cm - Scrapbook Álbum De Fotos Preto 20 Folhas / 40 Páginas - Gramatura 200, Folhas Grossas","1","amazon.com.br","Crédito Mastercard e outros","Vendedor","são paulo","são paulo","04248","58,90","0","0","0","0","-7,07","0","0","0","51,83"
"4 de fev. de 2026 05:04:13 GMT-8","25660498041","Pedido","702-9167286-8589802","RA-KICF-0Q47","Caderno Preto 20x20cm - Scrapbook Álbum De Fotos Preto 20 Folhas / 40 Páginas - Gramatura 200, Folhas Grossas","1","amazon.com.br","Boleto","Vendedor","Santa Cruz do Sul","RS","96820","58,90","0","0","0","0","-7,07","0","0","0","51,83"
"4 de fev. de 2026 05:10:38 GMT-8","25660481751","Pedido","701-2437483-9336245","RA-KICF-0Q47","Caderno Preto 20x20cm - Scrapbook Álbum De Fotos Preto 20 Folhas / 40 Páginas - Gramatura 200, Folhas Grossas","1","amazon.com.br","Visa Crédito","Vendedor","Ourinhos","SP","19911","58,90","0","0","0","0","-7,07","0","0","0","51,83"
"4 de fev. de 2026 05:16:41 GMT-8","25660474671","Pedido","702-1596990-1545013","MQ-STXD-11EM","Planner Premium 2026 - Planejamento Anual com Roda da Vida A5, Gestão Financeira, Organização Pessoal, Metas e Saúde, Capa Dura Laminada, Agenda S","1","amazon.com.br","Crédito Mastercard e outros","Vendedor","Jaraguá do Sul","SC","89251","68,90","0","0","0","0","-8,96","0","0","0","59,94"
"4 de fev. de 2026 05:59:57 GMT-8","25660498041","Pedido","702-9803760-0765054","MQ-STXD-11EM","Planner Premium 2026 - Planejamento Anual com Roda da Vida A5, Gestão Financeira, Organização Pessoal, Metas e Saúde, Capa Dura Laminada, Agenda S","1","amazon.com.br","Boleto","Vendedor","Rio de Janeiro","RJ","22743","68,90","0","0","0","0","-8,96","0","0","0","59,94"
"4 de fev. de 2026 06:02:53 GMT-8","25660481751","Transferir","","","Conta bancária com final: 192","","","Visa Crédito","","","","","0","0","0","0","0","0","0","0","-1.728,54","-1.728,54"
"4 de fev. de 2026 06:02:53 GMT-8","25660208361","Transferir","","","Conta bancária com final: 192","","","Elo","","","","","0","0","0","0","0","0","0","0","-181,10","-181,10"
"4 de fev. de 2026 06:02:56 GMT-8","25660474671","Transferir","","","Conta bancária com final: 192","","","Crédito Mastercard e outros","","","","","0","0","0","0","0","0","0","0","-1.189,02","-1.189,02"
"4 de fev. de 2026 06:13:39 GMT-8","25660474671","Pedido","701-2874895-7211453","AA-2SEI-HBU9","Planner 2026 - Delicado por fora, poderoso por dentro - organize-se com encanto!","1","amazon.com.br","Crédito Mastercard e outros","Vendedor","Ribeirão Preto","SP","14098","78,90","0","0","0","0","-10,26","0","0","0","68,64"
"4 de fev. de 2026 06:17:49 GMT-8","25660498041","Pedido","701-0338646-1808270","RU-9EXZ-G6IE","Sketchbook Profissional 20x20cm Espiral 180g - Caderno Artístico para Desenho e Aquarela","1","amazon.com.br","Boleto","Amazon","Curitiba","PR","82300","45,90","8,90","0","-8,90","0","-5,51","0","0","0","40,39"
"4 de fev. de 2026 06:23:49 GMT-8","25660481751","Pedido","701-7744349-9929063","VD-A7JD-KPU1","Caderno Devocional A5 | Capa Dura, Wire-O | Design Cristão com Flores Aquareladas","1","amazon.com.br","Visa Crédito","Vendedor","São Paulo","SP","04377","78,90","0","0","0","0","-10,26","0","0","0","68,64"
"4 de fev. de 2026 06:24:09 GMT-8","25660498041","Pedido","701-8921331-4160223","AA-2SEI-HBU9","Planner 2026 - Delicado por fora, poderoso por dentro - organize-se com encanto!","1","amazon.com.br","Boleto","Vendedor","Sobral","CE","62011","78,90","21,71","0","0","0","-10,26","0","0","0","90,35"
"4 de fev. de 2026 06:47:45 GMT-8","25660474671","Pedido","701-0715555-0977825","MQ-STXD-11EM","Planner Premium 2026 - Planejamento Anual com Roda da Vida A5, Gestão Financeira, Organização Pessoal, Metas e Saúde, Capa Dura Laminada, Agenda S","1","amazon.com.br","Crédito Mastercard e outros","Vendedor","Rio de Janeiro","RJ","22031","68,90","0","0","0","0","-8,96","0","0","0","59,94"
"4 de fev. de 2026 06:56:08 GMT-8","25660481751","Pedido","702-0021923-8397850","VW-M9WL-7RY7","Caderno Scrapbook - Kraft - 20 Folhas - 20x20cm - Bege - Sem Pauta - Folhas Grossas - Album de Fotos - Album de fotos artesanal - Scrapbook colagem de","1","amazon.com.br","Visa Crédito","Vendedor","Recife","PE","52051","58,90","21,35","0","0","0","-7,07","0","0","0","73,18"
"4 de fev. de 2026 07:03:48 GMT-8","25660498041","Pedido","702-1921675-7242606","MQ-STXD-11EM","Planner Premium 2026 - Planejamento Anual com Roda da Vida A5, Gestão Financeira, Organização Pessoal, Metas e Saúde, Capa Dura Laminada, Agenda S","1","amazon.com.br","Boleto","Vendedor","Diadema","SP","09980","68,90","0","0","0","0","-8,96","0","0","0","59,94"
"4 de fev. de 2026 07:27:59 GMT-8","25660474671","Pedido","701-5015073-1667422","92-CTAN-4AJQ","Caderno Scrapbook - 20 Folhas - Livro De Assinatura Folhas Pretas 20x19 Álbum De Fotos Scrapbook Preto 40 Páginas - 20x19","1","amazon.com.br","Crédito Mastercard e outros","Amazon","Manaus","AM","69060","78,90","0","0","0","0","-9,47","0","0","0","69,43"
"4 de fev. de 2026 07:45:39 GMT-8","25660474671","Pedido","701-2714882-9053011","92-CTAN-4AJQ","Caderno Scrapbook - 20 Folhas - Livro De Assinatura Folhas Pretas 20x19 Álbum De Fotos Scrapbook Preto 40 Páginas - 20x19","1","amazon.com.br","Crédito Mastercard e outros","Amazon","Manaus","AM","69057","78,90","0","0","0","0","-9,47","0","0","0","69,43"
"4 de fev. de 2026 07:53:00 GMT-8","25660498041","Pedido","701-4099288-4157813","MQ-STXD-11EM","Planner Premium 2026 - Planejamento Anual com Roda da Vida A5, Gestão Financeira, Organização Pessoal, Metas e Saúde, Capa Dura Laminada, Agenda S","1","amazon.com.br","Boleto","Vendedor","Belo Horizonte","MG","31110","68,90","0","0","0","0","-8,96","0","0","0","59,94"
"4 de fev. de 2026 08:03:41 GMT-8","25660481751","Pedido","701-6183638-8861041","J7-1RCD-8P3P","Scrapbook Kraft 20x20: Crie Seu Álbum Artesanal Único","1","amazon.com.br","Visa Crédito","Amazon","Fortaleza","CE","60811","68,90","0","0","0","0","-8,27","0","0","0","60,63"
"4 de fev. de 2026 08:07:38 GMT-8","25660474671","Pedido","701-2976957-7554628","S1-SAO6-CBNU","Planner Financeiro Mensal Datado 2026, Roda Da Vida A5 - Planner premium Agenda 2026 Planejamento anual Organização pessoal Metas e objetivos Gestã","1","amazon.com.br","Crédito Mastercard e outros","Vendedor","Valinhos","SP","13271","78,90","0","0","0","0","-10,26","0","0","0","68,64"
"4 de fev. de 2026 08:10:49 GMT-8","25660474671","Pedido","702-6694242-1075443","MY-P05M-MBEP","Caderno Quadriculado 1x1cm, Capa dura, diversas capas, 80 folhas, 24x15cm","1","amazon.com.br","Crédito Mastercard e outros","Vendedor","Santana de Parnaíba","Sao Paulo","06543","38,90","0","0","0","0","-5,06","0","0","0","33,84"
"4 de fev. de 2026 08:29:14 GMT-8","25660474671","Pedido","701-9352647-0230631","J7-1RCD-8P3P","Scrapbook Kraft 20x20: Crie Seu Álbum Artesanal Único","1","amazon.com.br","Crédito Mastercard e outros","Amazon","Porto Alegre","RS","90440","68,90","0","0","0","0","-8,27","0","0","0","60,63"
"4 de fev. de 2026 09:00:12 GMT-8","25660481751","Pedido","702-7485831-8368258","9X-HUC9-I83L","Planner 2026 - Respire, floresça, torne-se - um planner para sua melhor versão!","1","amazon.com.br","Visa Crédito","Vendedor","Valinhos","SAO Paulo","13278","78,90","0","0","0","0","-10,26","0","0","0","68,64"
"4 de fev. de 2026 09:04:19 GMT-8","25660474671","Serviços de Envio","702-4610973-6654638","","Tarifa de manuseio com base no peso Delivery by Amazon","","Amazon.com.br","Crédito Mastercard e outros","Vendedor","","","","0","0","0","0","0","0","0","-6,75","0","-6,75"
"4 de fev. de 2026 09:04:19 GMT-8","25660474671","Serviços de Envio","702-4610973-6654638","","Estorno do frete pago pelo comprador","","Amazon.com.br","Crédito Mastercard e outros","Vendedor","","","","0","0","0","0","0","0","0","0","0","0"
"4 de fev. de 2026 09:04:22 GMT-8","25660474671","Serviços de Envio","702-4638718-3577044","","Tarifa de manuseio com base no peso Delivery by Amazon","","Amazon.com.br","Crédito Mastercard e outros","Vendedor","","","","0","0","0","0","0","0","0","-6,75","0","-6,75"
"4 de fev. de 2026 09:04:22 GMT-8","25660474671","Serviços de Envio","702-4638718-3577044","","Estorno do frete pago pelo comprador","","Amazon.com.br","Crédito Mastercard e outros","Vendedor","","","","0","0","0","0","0","0","0","0","0","0"
"4 de fev. de 2026 09:04:22 GMT-8","25660474671","Serviços de Envio","702-3103929-4989816","","Tarifa de manuseio com base no peso Delivery by Amazon","","Amazon.com.br","Crédito Mastercard e outros","Vendedor","","","","0","0","0","0","0","0","0","-6,75","0","-6,75"
"4 de fev. de 2026 09:04:22 GMT-8","25660474671","Serviços de Envio","702-3103929-4989816","","Estorno do frete pago pelo comprador","","Amazon.com.br","Crédito Mastercard e outros","Vendedor","","","","0","0","0","0","0","0","0","-20,00","0","-20,00"
"4 de fev. de 2026 09:04:27 GMT-8","25660474671","Serviços de Envio","701-0381860-9556222","","Tarifa de manuseio com base no peso Delivery by Amazon","","Amazon.com.br","Crédito Mastercard e outros","Vendedor","","","","0","0","0","0","0","0","0","-6,75","0","-6,75"
"4 de fev. de 2026 09:04:27 GMT-8","25660474671","Serviços de Envio","701-0381860-9556222","","Estorno do frete pago pelo comprador","","Amazon.com.br","Crédito Mastercard e outros","Vendedor","","","","0","0","0","0","0","0","0","-31,50","0","-31,50"
"4 de fev. de 2026 09:04:45 GMT-8","25660474671","Serviços de Envio","701-6737876-3513052","","Tarifa de manuseio com base no peso Delivery by Amazon","","Amazon.com.br","Crédito Mastercard e outros","Vendedor","","","","0","0","0","0","0","0","0","-6,75","0","-6,75"
"4 de fev. de 2026 09:04:45 GMT-8","25660474671","Serviços de Envio","701-6737876-3513052","","Estorno do frete pago pelo comprador","","Amazon.com.br","Crédito Mastercard e outros","Vendedor","","","","0","0","0","0","0","0","0","-21,71","0","-21,71"
"4 de fev. de 2026 09:04:57 GMT-8","25660474671","Serviços de Envio","702-9445004-0589028","","Tarifa de manuseio com base no peso Delivery by Amazon","","Amazon.com.br","Crédito Mastercard e outros","Vendedor","","","","0","0","0","0","0","0","0","-6,75","0","-6,75"
"4 de fev. de 2026 09:04:57 GMT-8","25660474671","Serviços de Envio","702-9445004-0589028","","Estorno do frete pago pelo comprador","","Amazon.com.br","Crédito Mastercard e outros","Vendedor","","","","0","0","0","0","0","0","0","0","0","0"
"4 de fev. de 2026 09:05:01 GMT-8","25660474671","Serviços de Envio","702-2959869-2002646","","Tarifa de manuseio com base no peso Delivery by Amazon","","Amazon.com.br","Crédito Mastercard e outros","Vendedor","","","","0","0","0","0","0","0","0","-6,75","0","-6,75"
"4 de fev. de 2026 09:05:01 GMT-8","25660474671","Serviços de Envio","702-2959869-2002646","","Estorno do frete pago pelo comprador","","Amazon.com.br","Crédito Mastercard e outros","Vendedor","","","","0","0","0","0","0","0","0","0","0","0"
"4 de fev. de 2026 09:05:05 GMT-8","25660474671","Serviços de Envio","701-8365081-6773007","","Tarifa de manuseio com base no peso Delivery by Amazon","","Amazon.com.br","Crédito Mastercard e outros","Vendedor","","","","0","0","0","0","0","0","0","-6,75","0","-6,75"
"4 de fev. de 2026 09:05:05 GMT-8","25660474671","Serviços de Envio","701-8365081-6773007","","Estorno do frete pago pelo comprador","","Amazon.com.br","Crédito Mastercard e outros","Vendedor","","","","0","0","0","0","0","0","0","0","0","0"
"4 de fev. de 2026 09:05:06 GMT-8","25660474671","Serviços de Envio","702-5548186-2952214","","Tarifa de manuseio com base no peso Delivery by Amazon","","Amazon.com.br","Crédito Mastercard e outros","Vendedor","","","","0","0","0","0","0","0","0","-6,75","0","-6,75"
"4 de fev. de 2026 09:05:06 GMT-8","25660474671","Serviços de Envio","702-5548186-2952214","","Estorno do frete pago pelo comprador","","Amazon.com.br","Crédito Mastercard e outros","Vendedor","","","","0","0","0","0","0","0","0","-22,02","0","-22,02"
"4 de fev. de 2026 09:05:13 GMT-8","25660474671","Serviços de Envio","701-9790411-3976211","","Tarifa de manuseio com base no peso Delivery by Amazon","","Amazon.com.br","Crédito Mastercard e outros","Vendedor","","","","0","0","0","0","0","0","0","-6,75","0","-6,75"
"4 de fev. de 2026 09:05:13 GMT-8","25660474671","Serviços de Envio","701-9790411-3976211","","Estorno do frete pago pelo comprador","","Amazon.com.br","Crédito Mastercard e outros","Vendedor","","","","0","0","0","0","0","0","0","0","0","0"
"4 de fev. de 2026 09:05:13 GMT-8","25660474671","Serviços de Envio","702-1461586-3524203","","Tarifa de manuseio com base no peso Delivery by Amazon","","Amazon.com.br","Crédito Mastercard e outros","Vendedor","","","","0","0","0","0","0","0","0","-6,75","0","-6,75"
"4 de fev. de 2026 09:05:13 GMT-8","25660474671","Serviços de Envio","702-1461586-3524203","","Estorno do frete pago pelo comprador","","Amazon.com.br","Crédito Mastercard e outros","Vendedor","","","","0","0","0","0","0","0","0","0","0","0"
"4 de fev. de 2026 09:05:18 GMT-8","25660474671","Serviços de Envio","702-8469221-3968248","","Tarifa de manuseio com base no peso Delivery by Amazon","","Amazon.com.br","Crédito Mastercard e outros","Vendedor","","","","0","0","0","0","0","0","0","-6,75","0","-6,75"
"4 de fev. de 2026 09:05:18 GMT-8","25660474671","Serviços de Envio","702-8469221-3968248","","Estorno do frete pago pelo comprador","","Amazon.com.br","Crédito Mastercard e outros","Vendedor","","","","0","0","0","0","0","0","0","0","0","0"
"4 de fev. de 2026 10:05:52 GMT-8","25660498041","Pedido","701-1339685-9448246","RA-KICF-0Q47","Caderno Preto 20x20cm - Scrapbook Álbum De Fotos Preto 20 Folhas / 40 Páginas - Gramatura 200, Folhas Grossas","1","amazon.com.br","Boleto","Vendedor","São Miguel do Oeste","Santa Catarina","89900","58,90","0","0","0","0","-7,07","0","0","0","51,83"
"4 de fev. de 2026 13:02:36 GMT-8","25660208361","Pedido","701-1458513-0242644","UN-GE1Q-635D","Planner 2026 - Life Capa Dura com Controle Financeiro e Roda da Vida (Capa 01)","1","amazon.com.br","Elo","Vendedor","Fortaleza","CE","60813","78,90","21,84","0","0","0","-10,26","0","0","0","90,48"
"5 de fev. de 2026 00:34:02 GMT-8","25660474671","Pedido","701-3638371-7525031","0Q-EK6Z-SV84","Planner 2026 Floral - Planejamento Anual com Roda da Vida A5, Gestão Financeira, Organização Pessoal, Metas e Saúde, Capa Dura Laminada, Agenda Se","1","amazon.com.br","Crédito Mastercard e outros","Vendedor","Curitiba","PR","81630","78,90","0","0","0","0","-10,26","0","0","0","68,64"
"5 de fev. de 2026 00:52:46 GMT-8","25660498041","Pedido","702-4954002-3626638","IS-UA22-XKCF","Planner 2026 - Cada flor no seu tempo: planeje o ano com calma e propósito.","1","amazon.com.br","Boleto","Vendedor","Carapicuíba","SP","06330","78,90","0","0","0","0","-10,26","0","0","0","68,64"
"5 de fev. de 2026 01:29:25 GMT-8","25660474671","Pedido","702-5451948-7930642","MQ-STXD-11EM","Planner Premium 2026 - Planejamento Anual com Roda da Vida A5, Gestão Financeira, Organização Pessoal, Metas e Saúde, Capa Dura Laminada, Agenda S","1","amazon.com.br","Crédito Mastercard e outros","Vendedor","São Paulo","SP","04537","68,90","0","0","0","0","-8,96","0","0","0","59,94"
"5 de fev. de 2026 01:29:58 GMT-8","25573890091","Pedido","702-1822961-2499453","BT-HCTV-ZOJY","Planner 2026 Napolitano - Planejamento Anual com Roda da Vida A5, Gestão Financeira, Organização Pessoal, Metas e Saúde, Capa Dura Laminada, Agend","1","amazon.com.br","Amex","Vendedor","Salvador","BA","41820","78,90","21,84","0","0","0","-10,26","0","0","0","90,48"
"5 de fev. de 2026 01:38:25 GMT-8","25660481751","Pedido","702-5404483-1785813","H4-SB8E-4QAA","Agenda Escolar Menina Loira 2026","1","amazon.com.br","Visa Crédito","Vendedor","Ribeirão Preto","SP","14026","59,90","0","0","0","0","-7,79","0","0","0","52,11"
"5 de fev. de 2026 02:30:52 GMT-8","25660474671","Pedido","702-6954164-0842626","0Q-EK6Z-SV84","Planner 2026 Floral - Planejamento Anual com Roda da Vida A5, Gestão Financeira, Organização Pessoal, Metas e Saúde, Capa Dura Laminada, Agenda Se","1","amazon.com.br","Crédito Mastercard e outros","Vendedor","Osasco","SP","06190","78,90","0","0","0","0","-10,26","0","0","0","68,64"
"5 de fev. de 2026 02:40:01 GMT-8","25660474671","Pedido","701-9296776-4466645","A9-81RP-O347","Planner Financeiro Mensal 2026, Roda Da Vida A5 -Planejamento anual, Organização pessoal Metas e objetivos, Gestão financeira Monitoramento de saú","1","amazon.com.br","Crédito Mastercard e outros","Vendedor","Manoel Ribas","PR","85260","68,92","0","0","0","0","-8,96","0","0","0","59,96"
"5 de fev. de 2026 04:12:28 GMT-8","25685880101","Pedido","701-4456074-2183448","DV-9MDQ-YD9E","Scrapbook Álbum De Fotos Preto 20 Folhas / 40 Páginas","1","amazon.com.br","Crédito Mastercard e outros","Amazon","Santa Maria","RS","97090","55,90","0","0","0","0","-6,71","0","0","0","49,19"
"5 de fev. de 2026 04:21:11 GMT-8","25685880101","Pedido","702-7815906-8789015","AA-2SEI-HBU9","Planner 2026 - Delicado por fora, poderoso por dentro - organize-se com encanto!","1","amazon.com.br","Crédito Mastercard e outros","Vendedor","Juiz de Fora","MG","36025","78,90","0","0","0","0","-10,26","0","0","0","68,64"
"5 de fev. de 2026 04:27:51 GMT-8","25685234961","Pedido","702-2358666-5905806","A9-81RP-O347","Planner Financeiro Mensal 2026, Roda Da Vida A5 -Planejamento anual, Organização pessoal Metas e objetivos, Gestão financeira Monitoramento de saú","1","amazon.com.br","Boleto","Vendedor","Bragança Paulista","SP","12914","68,92","0","0","0","0","-8,96","0","0","0","59,96"
"5 de fev. de 2026 04:34:07 GMT-8","25685880101","Pedido","702-2348394-9661023","0Q-EK6Z-SV84","Planner 2026 Floral - Planejamento Anual com Roda da Vida A5, Gestão Financeira, Organização Pessoal, Metas e Saúde, Capa Dura Laminada, Agenda Se","1","amazon.com.br","Crédito Mastercard e outros","Vendedor","Muzambinho","MG","37890","78,90","0","0","0","0","-10,26","0","0","0","68,64"
"5 de fev. de 2026 04:38:07 GMT-8","25685592791","Pedido","702-8012173-6223419","BT-HCTV-ZOJY","Planner 2026 Napolitano - Planejamento Anual com Roda da Vida A5, Gestão Financeira, Organização Pessoal, Metas e Saúde, Capa Dura Laminada, Agend","1","amazon.com.br","Visa Crédito","Vendedor","Brasil","SP","05076","78,90","0","0","0","0","-10,26","0","0","0","68,64"
"5 de fev. de 2026 04:43:19 GMT-8","25685234961","Pedido","702-0203356-8755428","VW-M9WL-7RY7","Caderno Scrapbook - Kraft - 20 Folhas - 20x20cm - Bege - Sem Pauta - Folhas Grossas - Album de Fotos - Album de fotos artesanal - Scrapbook colagem de","1","amazon.com.br","Boleto","Vendedor","Aracaju","SE","49032","58,90","21,35","0","0","0","-7,07","0","0","0","73,18"
"5 de fev. de 2026 05:14:31 GMT-8","25685234961","Pedido","702-9917997-1703444","VW-M9WL-7RY7","Caderno Scrapbook - Kraft - 20 Folhas - 20x20cm - Bege - Sem Pauta - Folhas Grossas - Album de Fotos - Album de fotos artesanal - Scrapbook colagem de","1","amazon.com.br","Boleto","Vendedor","Sorriso","MT","78891","58,90","21,35","0","0","0","-7,07","0","0","0","73,18"
"5 de fev. de 2026 05:20:07 GMT-8","25685880101","Pedido","701-5544017-3027407","AA-2SEI-HBU9","Planner 2026 - Delicado por fora, poderoso por dentro - organize-se com encanto!","1","amazon.com.br","Crédito Mastercard e outros","Vendedor","Salvador","BA","41740","78,90","21,71","0","0","0","-10,26","0","0","0","90,35"
"5 de fev. de 2026 05:33:11 GMT-8","25685234961","Pedido","702-7507865-5551427","BT-HCTV-ZOJY","Planner 2026 Napolitano - Planejamento Anual com Roda da Vida A5, Gestão Financeira, Organização Pessoal, Metas e Saúde, Capa Dura Laminada, Agend","1","amazon.com.br","Boleto","Vendedor","Rio de Janeiro","RJ","22630","78,90","0","0","0","0","-10,26","0","0","0","68,64"
"5 de fev. de 2026 05:47:01 GMT-8","25685234961","Pedido","702-8423162-3230645","KC-60PW-7A3A","Agenda para Creche Escolar Infantil - Modelos Encantadores para Meninos e Meninas (Safari Baby)","1","amazon.com.br","Boleto","Vendedor","Vila Velha","ES","29116","59,90","0","0","0","0","-7,79","0","0","0","52,11"
"5 de fev. de 2026 05:55:10 GMT-8","25685880101","Pedido","701-6323159-9629050","MY-P05M-MBEP","Caderno Quadriculado 1x1cm, Capa dura, diversas capas, 80 folhas, 24x15cm","2","amazon.com.br","Crédito Mastercard e outros","Vendedor","São Paulo","SP","04560","77,80","0","0","0","0","-10,12","0","0","0","67,68"
"5 de fev. de 2026 06:02:20 GMT-8","25685880101","Pedido","701-9701191-8094655","V7-N8TP-MCL5","Album fotografico scrapbook - Coleção Corações (Vermelho)","1","amazon.com.br","Crédito Mastercard e outros","Vendedor","Belo Horizonte","MG","30855","78,90","0","0","0","0","-10,26","0","0","0","68,64"
"5 de fev. de 2026 06:05:12 GMT-8","25685592791","Pedido","701-7779211-6466617","RA-KICF-0Q47","Caderno Preto 20x20cm - Scrapbook Álbum De Fotos Preto 20 Folhas / 40 Páginas - Gramatura 200, Folhas Grossas","1","amazon.com.br","Visa Crédito","Vendedor","Formiga","Minas Gerais","35570","58,90","0","0","0","0","-7,07","0","0","0","51,83"
"5 de fev. de 2026 06:07:20 GMT-8","25685596221","Pedido","701-0583169-3429003","RA-KICF-0Q47","Caderno Preto 20x20cm - Scrapbook Álbum De Fotos Preto 20 Folhas / 40 Páginas - Gramatura 200, Folhas Grossas","1","amazon.com.br","Elo","Vendedor","São Roque","SP","18132","58,90","0","0","0","0","-7,07","0","0","0","51,83"
"5 de fev. de 2026 06:20:17 GMT-8","25685592791","Pedido","702-6690305-7673004","0Q-EK6Z-SV84","Planner 2026 Floral - Planejamento Anual com Roda da Vida A5, Gestão Financeira, Organização Pessoal, Metas e Saúde, Capa Dura Laminada, Agenda Se","1","amazon.com.br","Visa Crédito","Vendedor","Itajaí","SC","88303","78,90","0","0","0","0","-10,26","0","0","0","68,64"
"5 de fev. de 2026 06:23:41 GMT-8","25685880101","Pedido","702-1273462-4197856","RP-DBND-LHYX","Agenda Escolar 2026 - Calendario, provas, agendamento, recados, estudos do aluno, acompanhamento dos pais","2","amazon.com.br","Crédito Mastercard e outros","Vendedor","Barueri","SP","06454","111,80","0","0","0","0","-14,54","0","0","0","97,26"
"5 de fev. de 2026 06:39:52 GMT-8","25685880101","Pedido","702-2142591-7251428","0Q-EK6Z-SV84","Planner 2026 Floral - Planejamento Anual com Roda da Vida A5, Gestão Financeira, Organização Pessoal, Metas e Saúde, Capa Dura Laminada, Agenda Se","1","amazon.com.br","Crédito Mastercard e outros","Vendedor","Votorantim","SP","18117","78,90","0","0","0","0","-10,26","0","0","0","68,64"
"5 de fev. de 2026 06:41:41 GMT-8","25685592791","Pedido","702-3335666-1741014","MY-P05M-MBEP","Caderno Quadriculado 1x1cm, Capa dura, diversas capas, 80 folhas, 24x15cm","1","amazon.com.br","Visa Crédito","Vendedor","Uberlândia","MG","38408","38,90","0","0","0","0","-5,06","0","0","0","33,84"
"5 de fev. de 2026 06:49:02 GMT-8","25685880101","Pedido","701-1300188-6052264","KC-60PW-7A3A","Agenda para Creche Escolar Infantil - Modelos Encantadores para Meninos e Meninas (Safari Baby)","1","amazon.com.br","Crédito Mastercard e outros","Vendedor","Rio de Janeiro","RJ","21021","59,90","0","0","0","0","-7,79","0","0","0","52,11"
"5 de fev. de 2026 06:50:25 GMT-8","25685880101","Pedido","701-0769121-6797812","BT-HCTV-ZOJY","Planner 2026 Napolitano - Planejamento Anual com Roda da Vida A5, Gestão Financeira, Organização Pessoal, Metas e Saúde, Capa Dura Laminada, Agend","1","amazon.com.br","Crédito Mastercard e outros","Vendedor","Ipojuca","PE","55592","78,90","21,84","0","0","0","-10,26","0","0","0","90,48"
"5 de fev. de 2026 06:59:13 GMT-8","25685880101","Pedido","701-6800281-5173032","MY-P05M-MBEP","Caderno Quadriculado 1x1cm, Capa dura, diversas capas, 80 folhas, 24x15cm","1","amazon.com.br","Crédito Mastercard e outros","Vendedor","Araraquara","SP","14804","38,90","0","0","0","0","-5,06","0","0","0","33,84"
"5 de fev. de 2026 07:07:15 GMT-8","25685592791","Pedido","701-8261871-5925020","EG-KOZD-5QLH","Caderno Para Controle Financeiro - Minhas Contas Organizadas","1","amazon.com.br","Visa Crédito","Amazon","Petrolina","PE","56308","36,90","8,90","0","-8,90","0","-4,80","0","0","0","32,10"
"5 de fev. de 2026 07:19:20 GMT-8","25685880101","Pedido","701-1912259-2063468","EG-KOZD-5QLH","Caderno Para Controle Financeiro - Minhas Contas Organizadas","1","amazon.com.br","Crédito Mastercard e outros","Amazon","Aracaju","Sergipe","49045","36,90","0","0","0","0","-4,80","0","0","0","32,10"
"5 de fev. de 2026 07:23:24 GMT-8","25685880101","Pedido","702-4228394-1185021","RA-KICF-0Q47","Caderno Preto 20x20cm - Scrapbook Álbum De Fotos Preto 20 Folhas / 40 Páginas - Gramatura 200, Folhas Grossas","1","amazon.com.br","Crédito Mastercard e outros","Vendedor","Araraquara","SP","14801","58,90","0","0","0","0","-7,07","0","0","0","51,83"
"5 de fev. de 2026 07:34:39 GMT-8","25685234961","Pedido","701-3040883-0125058","0Q-EK6Z-SV84","Planner 2026 Floral - Planejamento Anual com Roda da Vida A5, Gestão Financeira, Organização Pessoal, Metas e Saúde, Capa Dura Laminada, Agenda Se","1","amazon.com.br","Boleto","Vendedor","Araruama","RJ","28982","78,90","0","0","0","0","-10,26","0","0","0","68,64"
"5 de fev. de 2026 07:45:36 GMT-8","25685880101","Pedido","702-8118894-2445820","NV-SRB6-JF1U","Agenda Escolar Cosmos 2026 - Calendario, provas, agendamento, recados, estudos do aluno, acompanhamento dos pais","1","amazon.com.br","Crédito Mastercard e outros","Vendedor","Vitória","ES","29060","59,90","0","0","0","0","-7,79","0","0","0","52,11"
"5 de fev. de 2026 07:51:19 GMT-8","25685592791","Pedido","701-1798259-1983443","92-CTAN-4AJQ","Caderno Scrapbook - 20 Folhas - Livro De Assinatura Folhas Pretas 20x19 Álbum De Fotos Scrapbook Preto 40 Páginas - 20x19","1","amazon.com.br","Visa Crédito","Amazon","Manaus","AM","69057","78,90","0","0","0","0","-9,47","0","0","0","69,43"
"5 de fev. de 2026 07:56:31 GMT-8","25685592791","Pedido","701-1515443-9701013","9X-HUC9-I83L","Planner 2026 - Respire, floresça, torne-se - um planner para sua melhor versão!","1","amazon.com.br","Visa Crédito","Vendedor","Pouso Alegre","MG","37551","78,90","0","0","0","0","-10,26","0","0","0","68,64"
"5 de fev. de 2026 08:12:53 GMT-8","25685880101","Reembolsos","701-7909722-1507402","MQ-STXD-11EM","Reembolso para pacotes extraviados","1","amazon.com.br","Crédito Mastercard e outros","Vendedor","","","","0","0","0","0","0","0","0","0","68,90","68,90"
"5 de fev. de 2026 08:15:16 GMT-8","25685880101","Pedido","701-7493174-3850627","VQ-0TZ7-QK96","Planner 2026 - Floresça que inspira leveza e organização!","1","amazon.com.br","Crédito Mastercard e outros","Vendedor","São Paulo","SP","04674","78,90","0","0","0","0","-10,26","0","0","0","68,64"
"5 de fev. de 2026 08:54:05 GMT-8","25685880101","Serviços de Envio","702-1075450-4017808","","Tarifa de manuseio com base no peso Delivery by Amazon","","Amazon.com.br","Crédito Mastercard e outros","Vendedor","","","","0","0","0","0","0","0","0","-6,75","0","-6,75"
"5 de fev. de 2026 08:54:05 GMT-8","25685880101","Serviços de Envio","702-1075450-4017808","","Estorno do frete pago pelo comprador","","Amazon.com.br","Crédito Mastercard e outros","Vendedor","","","","0","0","0","0","0","0","0","0","0","0"
"5 de fev. de 2026 08:54:14 GMT-8","25685880101","Serviços de Envio","701-9201127-4011407","","Tarifa de manuseio com base no peso Delivery by Amazon","","Amazon.com.br","Crédito Mastercard e outros","Vendedor","","","","0","0","0","0","0","0","0","-6,75","0","-6,75"
"5 de fev. de 2026 08:54:14 GMT-8","25685880101","Serviços de Envio","701-9201127-4011407","","Estorno do frete pago pelo comprador","","Amazon.com.br","Crédito Mastercard e outros","Vendedor","","","","0","0","0","0","0","0","0","0","0","0"
"5 de fev. de 2026 08:54:14 GMT-8","25685880101","Serviços de Envio","702-1285537-7440247","","Tarifa de manuseio com base no peso Delivery by Amazon","","Amazon.com.br","Crédito Mastercard e outros","Vendedor","","","","0","0","0","0","0","0","0","-6,75","0","-6,75"
"5 de fev. de 2026 08:54:14 GMT-8","25685880101","Serviços de Envio","702-1285537-7440247","","Estorno do frete pago pelo comprador","","Amazon.com.br","Crédito Mastercard e outros","Vendedor","","","","0","0","0","0","0","0","0","0","0","0"
"5 de fev. de 2026 08:54:19 GMT-8","25685880101","Serviços de Envio","702-2537571-1325854","","Tarifa de manuseio com base no peso Delivery by Amazon","","Amazon.com.br","Crédito Mastercard e outros","Vendedor","","","","0","0","0","0","0","0","0","-6,75","0","-6,75"
"5 de fev. de 2026 08:54:19 GMT-8","25685880101","Serviços de Envio","702-2537571-1325854","","Estorno do frete pago pelo comprador","","Amazon.com.br","Crédito Mastercard e outros","Vendedor","","","","0","0","0","0","0","0","0","0","0","0"
"5 de fev. de 2026 08:54:19 GMT-8","25685880101","Serviços de Envio","702-6923372-0313801","","Tarifa de manuseio com base no peso Delivery by Amazon","","Amazon.com.br","Crédito Mastercard e outros","Vendedor","","","","0","0","0","0","0","0","0","-6,75","0","-6,75"
"5 de fev. de 2026 08:54:19 GMT-8","25685880101","Serviços de Envio","702-6923372-0313801","","Estorno do frete pago pelo comprador","","Amazon.com.br","Crédito Mastercard e outros","Vendedor","","","","0","0","0","0","0","0","0","0","0","0"
"5 de fev. de 2026 08:54:19 GMT-8","25685880101","Serviços de Envio","702-3560663-5429052","","Tarifa de manuseio com base no peso Delivery by Amazon","","Amazon.com.br","Crédito Mastercard e outros","Vendedor","","","","0","0","0","0","0","0","0","-6,75","0","-6,75"
"5 de fev. de 2026 08:54:19 GMT-8","25685880101","Serviços de Envio","702-3560663-5429052","","Estorno do frete pago pelo comprador","","Amazon.com.br","Crédito Mastercard e outros","Vendedor","","","","0","0","0","0","0","0","0","0","0","0"
"5 de fev. de 2026 08:54:23 GMT-8","25685880101","Serviços de Envio","702-9421943-1753035","","Tarifa de manuseio com base no peso Delivery by Amazon","","Amazon.com.br","Crédito Mastercard e outros","Vendedor","","","","0","0","0","0","0","0","0","-6,75","0","-6,75"
"5 de fev. de 2026 08:54:23 GMT-8","25685880101","Serviços de Envio","702-9421943-1753035","","Estorno do frete pago pelo comprador","","Amazon.com.br","Crédito Mastercard e outros","Vendedor","","","","0","0","0","0","0","0","0","0","0","0"
"5 de fev. de 2026 08:54:23 GMT-8","25685880101","Serviços de Envio","702-4926581-6281048","","Tarifa de manuseio com base no peso Delivery by Amazon","","Amazon.com.br","Crédito Mastercard e outros","Vendedor","","","","0","0","0","0","0","0","0","-6,75","0","-6,75"
"5 de fev. de 2026 08:54:23 GMT-8","25685880101","Serviços de Envio","702-4926581-6281048","","Estorno do frete pago pelo comprador","","Amazon.com.br","Crédito Mastercard e outros","Vendedor","","","","0","0","0","0","0","0","0","0","0","0"
"5 de fev. de 2026 08:54:28 GMT-8","25685880101","Serviços de Envio","701-4121206-4073824","","Tarifa de manuseio com base no peso Delivery by Amazon","","Amazon.com.br","Crédito Mastercard e outros","Vendedor","","","","0","0","0","0","0","0","0","-6,75","0","-6,75"
"5 de fev. de 2026 08:54:28 GMT-8","25685880101","Serviços de Envio","701-4121206-4073824","","Estorno do frete pago pelo comprador","","Amazon.com.br","Crédito Mastercard e outros","Vendedor","","","","0","0","0","0","0","0","0","0","0","0"
"5 de fev. de 2026 08:54:32 GMT-8","25685880101","Serviços de Envio","701-4808780-9357841","","Tarifa de manuseio com base no peso Delivery by Amazon","","Amazon.com.br","Crédito Mastercard e outros","Vendedor","","","","0","0","0","0","0","0","0","-6,75","0","-6,75"
"5 de fev. de 2026 08:54:32 GMT-8","25685880101","Serviços de Envio","701-4808780-9357841","","Estorno do frete pago pelo comprador","","Amazon.com.br","Crédito Mastercard e outros","Vendedor","","","","0","0","0","0","0","0","0","0","0","0"
"5 de fev. de 2026 08:54:36 GMT-8","25685880101","Serviços de Envio","701-9204445-6061031","","Tarifa de manuseio com base no peso Delivery by Amazon","","Amazon.com.br","Crédito Mastercard e outros","Vendedor","","","","0","0","0","0","0","0","0","-6,75","0","-6,75"
"5 de fev. de 2026 08:54:36 GMT-8","25685880101","Serviços de Envio","701-9204445-6061031","","Estorno do frete pago pelo comprador","","Amazon.com.br","Crédito Mastercard e outros","Vendedor","","","","0","0","0","0","0","0","0","0","0","0"
"5 de fev. de 2026 08:54:41 GMT-8","25685880101","Serviços de Envio","701-2196504-0486659","","Tarifa de manuseio com base no peso Delivery by Amazon","","Amazon.com.br","Crédito Mastercard e outros","Vendedor","","","","0","0","0","0","0","0","0","-6,75","0","-6,75"
"5 de fev. de 2026 08:54:41 GMT-8","25685880101","Serviços de Envio","701-2196504-0486659","","Estorno do frete pago pelo comprador","","Amazon.com.br","Crédito Mastercard e outros","Vendedor","","","","0","0","0","0","0","0","0","0","0","0"
"5 de fev. de 2026 08:54:45 GMT-8","25685880101","Serviços de Envio","701-5891020-5514604","","Tarifa de manuseio com base no peso Delivery by Amazon","","Amazon.com.br","Crédito Mastercard e outros","Vendedor","","","","0","0","0","0","0","0","0","-6,75","0","-6,75"
"5 de fev. de 2026 08:54:45 GMT-8","25685880101","Serviços de Envio","701-5891020-5514604","","Estorno do frete pago pelo comprador","","Amazon.com.br","Crédito Mastercard e outros","Vendedor","","","","0","0","0","0","0","0","0","0","0","0"
"5 de fev. de 2026 08:54:45 GMT-8","25685880101","Serviços de Envio","702-4048179-7428261","","Tarifa de manuseio com base no peso Delivery by Amazon","","Amazon.com.br","Crédito Mastercard e outros","Vendedor","","","","0","0","0","0","0","0","0","-6,75","0","-6,75"
"5 de fev. de 2026 08:54:45 GMT-8","25685880101","Serviços de Envio","702-4048179-7428261","","Estorno do frete pago pelo comprador","","Amazon.com.br","Crédito Mastercard e outros","Vendedor","","","","0","0","0","0","0","0","0","0","0","0"
"5 de fev. de 2026 08:54:50 GMT-8","25685880101","Serviços de Envio","701-5689753-6042634","","Tarifa de manuseio com base no peso Delivery by Amazon","","Amazon.com.br","Crédito Mastercard e outros","Vendedor","","","","0","0","0","0","0","0","0","-6,75","0","-6,75"
"5 de fev. de 2026 08:54:50 GMT-8","25685880101","Serviços de Envio","701-5689753-6042634","","Estorno do frete pago pelo comprador","","Amazon.com.br","Crédito Mastercard e outros","Vendedor","","","","0","0","0","0","0","0","0","0","0","0"
"5 de fev. de 2026 08:54:53 GMT-8","25685880101","Serviços de Envio","702-9252289-6732212","","Tarifa de manuseio com base no peso Delivery by Amazon","","Amazon.com.br","Crédito Mastercard e outros","Vendedor","","","","0","0","0","0","0","0","0","-6,75","0","-6,75"
"5 de fev. de 2026 08:54:53 GMT-8","25685880101","Serviços de Envio","702-9252289-6732212","","Estorno do frete pago pelo comprador","","Amazon.com.br","Crédito Mastercard e outros","Vendedor","","","","0","0","0","0","0","0","0","0","0","0"
"5 de fev. de 2026 08:54:54 GMT-8","25685880101","Serviços de Envio","701-2708196-3892267","","Tarifa de manuseio com base no peso Delivery by Amazon","","Amazon.com.br","Crédito Mastercard e outros","Vendedor","","","","0","0","0","0","0","0","0","-6,75","0","-6,75"
"5 de fev. de 2026 08:54:54 GMT-8","25685880101","Serviços de Envio","701-2708196-3892267","","Estorno do frete pago pelo comprador","","Amazon.com.br","Crédito Mastercard e outros","Vendedor","","","","0","0","0","0","0","0","0","0","0","0"
"5 de fev. de 2026 14:14:34 GMT-8","25710911071","Pedido","701-6448500-0876247","BT-HCTV-ZOJY","Planner 2026 Napolitano - Planejamento Anual com Roda da Vida A5, Gestão Financeira, Organização Pessoal, Metas e Saúde, Capa Dura Laminada, Agend","1","amazon.com.br","Boleto","Vendedor","Embu das Artes","SP","06826","78,90","0","0","0","0","-10,26","0","0","0","68,64"
"5 de fev. de 2026 14:33:14 GMT-8","25710165551","Reembolso","701-4802474-6818606","DS-AD46-QLZ8","Planner Semanal para o Ano Todo - Várias Capas Lindas!","1","amazon.com.br","Elo","Amazon","Mossoró","RN","59610","-49,90","0","0","0","0","5,19","0","0","0","-44,71"
"5 de fev. de 2026 15:12:39 GMT-8","25710584371","Taxa de Estoque FBA","","","Tarifa de armazenagem do programa FBA - Logística da Amazon","","Amazon.com.br","Crédito Mastercard e outros","","","","","0","0","0","0","0","0","0","0","0","0"
"5 de fev. de 2026 20:53:03 GMT-8","25710677011","Pedido","701-3710724-1429057","YL-NANJ-F7TC","Caderno Preto 20x20cm - Scrapbook Álbum De Fotos Preto 20 Folhas / 40 Páginas - Gramatura 200, Folhas Grossas","1","amazon.com.br","Visa Crédito","Amazon","João Pessoa","PB","58037","68,90","0","0","0","0","-8,27","0","0","0","60,63"
"5 de fev. de 2026 22:17:47 GMT-8","25710584371","Pedido","702-2458824-0898665","J7-1RCD-8P3P","Scrapbook Kraft 20x20: Crie Seu Álbum Artesanal Único","1","amazon.com.br","Crédito Mastercard e outros","Amazon","Belo Horizonte","Minas Gerais","30150","68,90","0","0","0","0","-8,27","0","0","0","60,63"
"5 de fev. de 2026 22:21:27 GMT-8","25710911071","Pedido","702-1050017-3924257","FR-6XS8-MFU2","Caderno Espiral Capa Dura, A5 210x150mm, 80 Folhas, Van gogh, Frases estoicas (Capa 3)","1","amazon.com.br","Boleto","Vendedor","Canoas","RS","92130","78,90","0","0","0","0","-10,26","0","0","0","68,64"
"5 de fev. de 2026 22:51:58 GMT-8","25710911071","Pedido","702-2714568-8838620","0Q-EK6Z-SV84","Planner 2026 Floral - Planejamento Anual com Roda da Vida A5, Gestão Financeira, Organização Pessoal, Metas e Saúde, Capa Dura Laminada, Agenda Se","1","amazon.com.br","Boleto","Vendedor","São José dos Campos","SP","12235","78,90","0","0","0","0","-10,26","0","0","0","68,64"
"5 de fev. de 2026 23:10:02 GMT-8","25710584371","Pedido","702-5285948-4087447","0Q-EK6Z-SV84","Planner 2026 Floral - Planejamento Anual com Roda da Vida A5, Gestão Financeira, Organização Pessoal, Metas e Saúde, Capa Dura Laminada, Agenda Se","1","amazon.com.br","Crédito Mastercard e outros","Vendedor","Sinop","MT","78551","78,90","22,02","0","0","0","-10,26","0","0","0","90,66"
"6 de fev. de 2026 00:13:59 GMT-8","25710584371","Pedido","701-8505809-5728256","RA-KICF-0Q47","Caderno Preto 20x20cm - Scrapbook Álbum De Fotos Preto 20 Folhas / 40 Páginas - Gramatura 200, Folhas Grossas","1","amazon.com.br","Crédito Mastercard e outros","Vendedor","São José dos Campos","Sp","12220","58,90","0","0","0","0","-7,07","0","0","0","51,83"
"6 de fev. de 2026 00:51:35 GMT-8","25710677011","Pedido","702-1935522-6553054","RA-KICF-0Q47","Caderno Preto 20x20cm - Scrapbook Álbum De Fotos Preto 20 Folhas / 40 Páginas - Gramatura 200, Folhas Grossas","1","amazon.com.br","Visa Crédito","Vendedor","Rio de Janeiro","RJ","22451","58,90","0","0","0","0","-7,07","0","0","0","51,83"
"6 de fev. de 2026 01:49:49 GMT-8","25710584371","Pedido","702-6651458-9924226","PA-X2A6-EKO8","Planner 2026 - Seu novo começo começa aqui - o planner que floresce com você. Rosa","1","amazon.com.br","Crédito Mastercard e outros","Vendedor","Curitiba","PR","81550","78,90","0","0","0","0","-10,26","0","0","0","68,64"
"6 de fev. de 2026 02:18:23 GMT-8","25710584371","Pedido","701-5704929-2053802","RA-KICF-0Q47","Caderno Preto 20x20cm - Scrapbook Álbum De Fotos Preto 20 Folhas / 40 Páginas - Gramatura 200, Folhas Grossas","1","amazon.com.br","Crédito Mastercard e outros","Vendedor","São Paulo","SP","04203","58,90","0","0","0","0","-7,07","0","0","0","51,83"
"6 de fev. de 2026 02:26:36 GMT-8","25710584371","Pedido","701-2278606-1573045","WC-0G0K-5CCC","Planner Financeiro Mensal Datado 2026, Roda Da Vida A5 -Planejamento anual, Organização pessoal Metas e objetivos, Gestão financeira Monitoramento","1","amazon.com.br","Crédito Mastercard e outros","Vendedor","Rio de Janeiro","RJ","22021","75,90","0","0","0","0","-9,87","0","0","0","66,03"
"6 de fev. de 2026 02:35:04 GMT-8","25710677011","Pedido","702-0933224-4539447","RP-DBND-LHYX","Agenda Escolar 2026 - Calendario, provas, agendamento, recados, estudos do aluno, acompanhamento dos pais","2","amazon.com.br","Visa Crédito","Vendedor","São Paulo","SP","04018","111,80","0","0","0","0","-14,54","0","0","0","97,26"
"6 de fev. de 2026 02:41:55 GMT-8","25710911071","Pedido","701-8708841-9193049","HJ-GKXE-8FVO","Agenda 2026 Cristã 1 Dia por Folha com Versículos Bíblicos 2026","1","amazon.com.br","Boleto","Amazon","Belo Horizonte","MG","31710","49,90","8,90","0","-8,90","0","-6,49","0","0","0","43,41"
"6 de fev. de 2026 04:02:06 GMT-8","25710677011","Pedido","701-3810436-1771445","19-ZM79-H2VA","Agenda Escolar Infantil 2026 - A5 100 Folhas - 15x21cm - Capa Dura","1","amazon.com.br","Visa Crédito","Vendedor","Maringá","PR","87025","55,90","0","0","0","0","-7,27","0","0","0","48,63"
"6 de fev. de 2026 04:19:21 GMT-8","25710677011","Pedido","701-5534708-2788235","BT-HCTV-ZOJY","Planner 2026 Napolitano - Planejamento Anual com Roda da Vida A5, Gestão Financeira, Organização Pessoal, Metas e Saúde, Capa Dura Laminada, Agend","1","amazon.com.br","Visa Crédito","Vendedor","Florianópolis","SC","88010","78,90","0","0","0","0","-10,26","0","0","0","68,64"
"6 de fev. de 2026 04:52:00 GMT-8","25710677011","Pedido","702-7088472-5305847","BT-HCTV-ZOJY","Planner 2026 Napolitano - Planejamento Anual com Roda da Vida A5, Gestão Financeira, Organização Pessoal, Metas e Saúde, Capa Dura Laminada, Agend","1","amazon.com.br","Visa Crédito","Vendedor","Brasília","DF","70683","78,90","0","0","0","0","-10,26","0","0","0","68,64"
"6 de fev. de 2026 05:04:10 GMT-8","25710677011","Reembolso","702-2079212-8561056","0Q-EK6Z-SV84","Planner 2026 Floral - Planejamento Anual com Roda da Vida A5, Gestão Financeira, Organização Pessoal, Metas e Saúde, Capa Dura Laminada, Agenda Se","1","amazon.com.br","Visa Crédito","Vendedor","Belo Horizonte","MG","30160","-78,90","0","0","0","0","8,21","0","0","0","-70,69"
"6 de fev. de 2026 05:06:46 GMT-8","25710677011","Pedido","702-2079212-8561056","0Q-EK6Z-SV84","Planner 2026 Floral - Planejamento Anual com Roda da Vida A5, Gestão Financeira, Organização Pessoal, Metas e Saúde, Capa Dura Laminada, Agenda Se","1","amazon.com.br","Visa Crédito","Vendedor","Belo Horizonte","MG","30160","78,90","0","0","0","0","-10,26","0","0","0","68,64"
"6 de fev. de 2026 05:10:16 GMT-8","25710584371","Pedido","701-8815926-5881852","BT-HCTV-ZOJY","Planner 2026 Napolitano - Planejamento Anual com Roda da Vida A5, Gestão Financeira, Organização Pessoal, Metas e Saúde, Capa Dura Laminada, Agend","1","amazon.com.br","Crédito Mastercard e outros","Vendedor","Belo Horizonte","MG","30260","78,90","0","0","0","0","-10,26","0","0","0","68,64"
"6 de fev. de 2026 05:18:59 GMT-8","25710677011","Pedido","702-3250654-7952232","0Q-EK6Z-SV84","Planner 2026 Floral - Planejamento Anual com Roda da Vida A5, Gestão Financeira, Organização Pessoal, Metas e Saúde, Capa Dura Laminada, Agenda Se","1","amazon.com.br","Visa Crédito","Vendedor","Juiz de Fora","MG","36036","78,90","0","0","0","0","-10,26","0","0","0","68,64"
"6 de fev. de 2026 05:23:31 GMT-8","25710677011","Pedido","702-0065307-4059451","YL-NANJ-F7TC","Caderno Preto 20x20cm - Scrapbook Álbum De Fotos Preto 20 Folhas / 40 Páginas - Gramatura 200, Folhas Grossas","2","amazon.com.br","Visa Crédito","Amazon","Teresina","PI","64053","137,80","5,93","0","-5,93","0","-24,81","0","0","0","112,99"
"6 de fev. de 2026 05:23:31 GMT-8","25710677011","Pedido","702-0065307-4059451","YL-NANJ-F7TC","Caderno Preto 20x20cm - Scrapbook Álbum De Fotos Preto 20 Folhas / 40 Páginas - Gramatura 200, Folhas Grossas","1","amazon.com.br","Visa Crédito","Amazon","Teresina","PI","64053","68,90","2,97","0","-2,97","0","0","0","0","0","68,90"
"6 de fev. de 2026 05:34:13 GMT-8","25710584371","Pedido","702-3386237-9616202","AA-2SEI-HBU9","Planner 2026 - Delicado por fora, poderoso por dentro - organize-se com encanto!","1","amazon.com.br","Crédito Mastercard e outros","Vendedor","São Paulo","SP","04671","78,90","0","0","0","0","-10,26","0","0","0","68,64"
"6 de fev. de 2026 05:35:52 GMT-8","25710584371","Pedido","701-6232092-8833002","MY-P05M-MBEP","Caderno Quadriculado 1x1cm, Capa dura, diversas capas, 80 folhas, 24x15cm","1","amazon.com.br","Crédito Mastercard e outros","Vendedor","Campina grande","Paraíba","58432","38,90","20,00","0","0","0","-5,06","0","0","0","53,84"
"6 de fev. de 2026 05:37:15 GMT-8","25710677011","Pedido","702-3345234-8079448","RP-DBND-LHYX","Agenda Escolar 2026 - Calendario, provas, agendamento, recados, estudos do aluno, acompanhamento dos pais","1","amazon.com.br","Visa Crédito","Vendedor","Londrina","Paraná","86050","55,90","0","0","0","0","-7,27","0","0","0","48,63"
"6 de fev. de 2026 05:40:57 GMT-8","25710584371","Pedido","701-6740093-2507438","YL-NANJ-F7TC","Caderno Preto 20x20cm - Scrapbook Álbum De Fotos Preto 20 Folhas / 40 Páginas - Gramatura 200, Folhas Grossas","1","amazon.com.br","Crédito Mastercard e outros","Amazon","Manaus","AM","69057","68,90","0","0","0","0","-8,27","0","0","0","60,63"
"6 de fev. de 2026 05:47:37 GMT-8","25710677011","Pedido","701-4304181-4672209","WC-0G0K-5CCC","Planner Financeiro Mensal Datado 2026, Roda Da Vida A5 -Planejamento anual, Organização pessoal Metas e objetivos, Gestão financeira Monitoramento","1","amazon.com.br","Visa Crédito","Vendedor","São Paulo","SP","02404","75,90","0","0","0","0","-9,87","0","0","0","66,03"
"6 de fev. de 2026 05:51:42 GMT-8","25710584371","Pedido","702-4354466-9906622","9X-HUC9-I83L","Planner 2026 - Respire, floresça, torne-se - um planner para sua melhor versão!","1","amazon.com.br","Crédito Mastercard e outros","Vendedor","campo largo","pr","83601","78,90","0","0","0","0","-10,26","0","0","0","68,64"
"6 de fev. de 2026 06:07:43 GMT-8","25710677011","Pedido","702-1798132-7985836","MQ-STXD-11EM","Planner Premium 2026 - Planejamento Anual com Roda da Vida A5, Gestão Financeira, Organização Pessoal, Metas e Saúde, Capa Dura Laminada, Agenda S","1","amazon.com.br","Visa Crédito","Vendedor","Niterói","RJ","24230","68,90","0","0","0","0","-8,96","0","0","0","59,94"
"6 de fev. de 2026 06:12:06 GMT-8","25710584371","Pedido","702-3813462-2325009","9X-HUC9-I83L","Planner 2026 - Respire, floresça, torne-se - um planner para sua melhor versão!","1","amazon.com.br","Crédito Mastercard e outros","Vendedor","Petrolina","PE","56328","78,90","22,51","0","0","0","-10,26","0","0","0","91,15"
"6 de fev. de 2026 06:15:40 GMT-8","25710911071","Pedido","701-1468782-5788237","RW-FUR9-X25R","Planner 2026 - Respire, floresça, torne-se - um planner para sua melhor versão!","1","amazon.com.br","Boleto","Vendedor","Rio de Janeiro","RJ","22290","78,90","0","0","0","0","-10,26","0","0","0","68,64"
"6 de fev. de 2026 06:29:36 GMT-8","25710584371","Pedido","702-1553739-2712240","AA-2SEI-HBU9","Planner 2026 - Delicado por fora, poderoso por dentro - organize-se com encanto!","1","amazon.com.br","Crédito Mastercard e outros","Vendedor","Fazenda Rio Grande","PR","83820","78,90","0","0","0","0","-10,26","0","0","0","68,64"
"6 de fev. de 2026 06:44:01 GMT-8","25710584371","Pedido","702-2687307-8254642","MQ-STXD-11EM","Planner Premium 2026 - Planejamento Anual com Roda da Vida A5, Gestão Financeira, Organização Pessoal, Metas e Saúde, Capa Dura Laminada, Agenda S","1","amazon.com.br","Crédito Mastercard e outros","Vendedor","São Paulo","SP","05101","68,90","0","0","0","0","-8,96","0","0","0","59,94"
"6 de fev. de 2026 06:45:21 GMT-8","25710677011","Pedido","702-5564894-8517008","0Q-EK6Z-SV84","Planner 2026 Floral - Planejamento Anual com Roda da Vida A5, Gestão Financeira, Organização Pessoal, Metas e Saúde, Capa Dura Laminada, Agenda Se","1","amazon.com.br","Visa Crédito","Vendedor","São Paulo","SP","04581","78,90","0","0","0","0","-10,26","0","0","0","68,64"
"6 de fev. de 2026 06:46:26 GMT-8","25710584371","Pedido","701-0312726-3542664","3P-CSLO-TMK3","Agenda Escolar Infantil - Calendario 2026, Acompanhamento de provas, Dados do aluno, Recados, ensino fundamental, estudos","1","amazon.com.br","Crédito Mastercard e outros","Vendedor","São Paulo","SP","04606","59,90","0","0","0","0","-7,79","0","0","0","52,11"
"6 de fev. de 2026 06:47:11 GMT-8","25710584371","Pedido","702-0803814-0694666","0Q-EK6Z-SV84","Planner 2026 Floral - Planejamento Anual com Roda da Vida A5, Gestão Financeira, Organização Pessoal, Metas e Saúde, Capa Dura Laminada, Agenda Se","1","amazon.com.br","Crédito Mastercard e outros","Vendedor","Ribeirão Preto","SP","14015","78,90","0","0","0","0","-10,26","0","0","0","68,64"
"6 de fev. de 2026 06:52:04 GMT-8","25710911071","Pedido","702-0801824-9141804","MQ-STXD-11EM","Planner Premium 2026 - Planejamento Anual com Roda da Vida A5, Gestão Financeira, Organização Pessoal, Metas e Saúde, Capa Dura Laminada, Agenda S","1","amazon.com.br","Boleto","Vendedor","São Paulo","SP","03203","68,90","0","0","0","0","-8,96","0","0","0","59,94"
"6 de fev. de 2026 06:54:53 GMT-8","25710911071","Pedido","701-3558027-1642615","RP-DBND-LHYX","Agenda Escolar 2026 - Calendario, provas, agendamento, recados, estudos do aluno, acompanhamento dos pais","2","amazon.com.br","Boleto","Vendedor","São Paulo","SP","03042","111,80","0","0","0","0","-14,54","0","0","0","97,26"
"6 de fev. de 2026 07:05:15 GMT-8","25710677011","Pedido","701-9591971-7799425","0Q-EK6Z-SV84","Planner 2026 Floral - Planejamento Anual com Roda da Vida A5, Gestão Financeira, Organização Pessoal, Metas e Saúde, Capa Dura Laminada, Agenda Se","1","amazon.com.br","Visa Crédito","Vendedor","Brasília","DF","71070","78,90","0","0","0","0","-10,26","0","0","0","68,64"
"6 de fev. de 2026 07:11:31 GMT-8","25710911071","Pedido","701-1611121-9777034","RA-KICF-0Q47","Caderno Preto 20x20cm - Scrapbook Álbum De Fotos Preto 20 Folhas / 40 Páginas - Gramatura 200, Folhas Grossas","1","amazon.com.br","Boleto","Vendedor","Vila Velha","ES","29120","58,90","0","0","0","0","-7,07","0","0","0","51,83"
"6 de fev. de 2026 07:23:18 GMT-8","25710677011","Pedido","701-2945077-4293860","RA-KICF-0Q47","Caderno Preto 20x20cm - Scrapbook Álbum De Fotos Preto 20 Folhas / 40 Páginas - Gramatura 200, Folhas Grossas","1","amazon.com.br","Visa Crédito","Vendedor","Belo Horizonte","MG","30150","58,90","0","0","0","0","-7,07","0","0","0","51,83"
"6 de fev. de 2026 07:31:48 GMT-8","25710584371","Pedido","702-4212282-6889860","WC-0G0K-5CCC","Planner Financeiro Mensal Datado 2026, Roda Da Vida A5 -Planejamento anual, Organização pessoal Metas e objetivos, Gestão financeira Monitoramento","1","amazon.com.br","Crédito Mastercard e outros","Vendedor","Florianópolis","SC","88040","75,90","0","0","0","0","-9,87","0","0","0","66,03"
"6 de fev. de 2026 07:36:15 GMT-8","25710677011","Pedido","701-1843311-7416229","0Q-EK6Z-SV84","Planner 2026 Floral - Planejamento Anual com Roda da Vida A5, Gestão Financeira, Organização Pessoal, Metas e Saúde, Capa Dura Laminada, Agenda Se","1","amazon.com.br","Visa Crédito","Vendedor","São José","SC","88101","78,90","0","0","0","0","-10,26","0","0","0","68,64"
"6 de fev. de 2026 07:46:36 GMT-8","25710584371","Pedido","701-5347801-5823441","IY-THHM-0DRE","Agenda Escolar Infantil","1","amazon.com.br","Crédito Mastercard e outros","Vendedor","Taubaté","SP","12050","55,90","0","0","0","0","-7,27","0","0","0","48,63"
"6 de fev. de 2026 07:47:32 GMT-8","25710911071","Pedido","701-3335530-6796232","RA-KICF-0Q47","Caderno Preto 20x20cm - Scrapbook Álbum De Fotos Preto 20 Folhas / 40 Páginas - Gramatura 200, Folhas Grossas","1","amazon.com.br","Boleto","Vendedor","Lavras","MG","37200","58,90","0","0","0","0","-7,07","0","0","0","51,83"
"6 de fev. de 2026 07:49:24 GMT-8","25710677011","Pedido","702-4477147-5385847","VQ-0TZ7-QK96","Planner 2026 - Floresça que inspira leveza e organização!","1","amazon.com.br","Visa Crédito","Vendedor","Campinas","SP","13070","78,90","0","0","0","0","-10,26","0","0","0","68,64"
"6 de fev. de 2026 07:49:38 GMT-8","25710677011","Pedido","701-4181830-9803408","YL-NANJ-F7TC","Caderno Preto 20x20cm - Scrapbook Álbum De Fotos Preto 20 Folhas / 40 Páginas - Gramatura 200, Folhas Grossas","1","amazon.com.br","Visa Crédito","Amazon","Aracaju","SE","49026","68,90","0","0","0","0","-8,27","0","0","0","60,63"
"6 de fev. de 2026 07:56:46 GMT-8","25710584371","Pedido","701-8974301-4516259","6R-CADM-OAHJ","Planner 2026 - Seu novo começo começa aqui - o planner que floresce com você.","1","amazon.com.br","Crédito Mastercard e outros","Vendedor","Campo Grande","Mato Grosso do Sul","79003","78,90","21,57","0","0","0","-10,26","0","0","0","90,21"
"6 de fev. de 2026 08:04:37 GMT-8","25660481831","Pedido","701-9378496-2853003","RW-FUR9-X25R","Planner 2026 - Respire, floresça, torne-se - um planner para sua melhor versão!","1","amazon.com.br","Amex","Vendedor","Curitiba","Paraná","81200","78,90","0","0","0","0","-10,26","0","0","0","68,64"
"6 de fev. de 2026 08:05:38 GMT-8","25710677011","Pedido","702-5716742-9525063","HJ-GKXE-8FVO","Agenda 2026 Cristã 1 Dia por Folha com Versículos Bíblicos 2026","1","amazon.com.br","Visa Crédito","Amazon","Goiânia","GO","74805","49,90","2,22","0","-2,22","0","-12,98","0","0","0","36,92"
"6 de fev. de 2026 08:05:38 GMT-8","25710677011","Pedido","702-5716742-9525063","HJ-GKXE-8FVO","Agenda 2026 Cristã 1 Dia por Folha com Versículos Bíblicos 2026","1","amazon.com.br","Visa Crédito","Amazon","Goiânia","GO","74805","49,90","2,23","0","-2,23","0","0","0","0","0","49,90"
"6 de fev. de 2026 09:16:18 GMT-8","25710584371","Serviços de Envio","701-5360143-3302643","","Tarifa de manuseio com base no peso Delivery by Amazon","","Amazon.com.br","Crédito Mastercard e outros","Vendedor","","","","0","0","0","0","0","0","0","-6,75","0","-6,75"
"6 de fev. de 2026 09:16:18 GMT-8","25710584371","Serviços de Envio","701-5360143-3302643","","Estorno do frete pago pelo comprador","","Amazon.com.br","Crédito Mastercard e outros","Vendedor","","","","0","0","0","0","0","0","0","0","0","0"
"6 de fev. de 2026 09:16:22 GMT-8","25710584371","Serviços de Envio","702-5101709-3234622","","Tarifa de manuseio com base no peso Delivery by Amazon","","Amazon.com.br","Crédito Mastercard e outros","Vendedor","","","","0","0","0","0","0","0","0","-6,75","0","-6,75"
"6 de fev. de 2026 09:16:22 GMT-8","25710584371","Serviços de Envio","702-5101709-3234622","","Estorno do frete pago pelo comprador","","Amazon.com.br","Crédito Mastercard e outros","Vendedor","","","","0","0","0","0","0","0","0","0","0","0"
"6 de fev. de 2026 09:16:27 GMT-8","25710584371","Serviços de Envio","701-9835954-6950645","","Tarifa de manuseio com base no peso Delivery by Amazon","","Amazon.com.br","Crédito Mastercard e outros","Vendedor","","","","0","0","0","0","0","0","0","-6,75","0","-6,75"
"6 de fev. de 2026 09:16:27 GMT-8","25710584371","Serviços de Envio","701-9835954-6950645","","Estorno do frete pago pelo comprador","","Amazon.com.br","Crédito Mastercard e outros","Vendedor","","","","0","0","0","0","0","0","0","0","0","0"
"6 de fev. de 2026 09:16:32 GMT-8","25710584371","Serviços de Envio","701-0418449-3369039","","Tarifa de manuseio com base no peso Delivery by Amazon","","Amazon.com.br","Crédito Mastercard e outros","Vendedor","","","","0","0","0","0","0","0","0","-6,75","0","-6,75"
"6 de fev. de 2026 09:16:32 GMT-8","25710584371","Serviços de Envio","701-0418449-3369039","","Estorno do frete pago pelo comprador","","Amazon.com.br","Crédito Mastercard e outros","Vendedor","","","","0","0","0","0","0","0","0","0","0","0"
"6 de fev. de 2026 09:16:35 GMT-8","25710584371","Serviços de Envio","701-5473207-4649024","","Tarifa de manuseio com base no peso Delivery by Amazon","","Amazon.com.br","Crédito Mastercard e outros","Vendedor","","","","0","0","0","0","0","0","0","-6,75","0","-6,75"
"6 de fev. de 2026 09:16:35 GMT-8","25710584371","Serviços de Envio","701-5473207-4649024","","Estorno do frete pago pelo comprador","","Amazon.com.br","Crédito Mastercard e outros","Vendedor","","","","0","0","0","0","0","0","0","0","0","0"
"6 de fev. de 2026 09:16:36 GMT-8","25710584371","Serviços de Envio","702-6168082-5363418","","Tarifa de manuseio com base no peso Delivery by Amazon","","Amazon.com.br","Crédito Mastercard e outros","Vendedor","","","","0","0","0","0","0","0","0","-6,75","0","-6,75"
"6 de fev. de 2026 09:16:36 GMT-8","25710584371","Serviços de Envio","702-6168082-5363418","","Estorno do frete pago pelo comprador","","Amazon.com.br","Crédito Mastercard e outros","Vendedor","","","","0","0","0","0","0","0","0","0","0","0"
"6 de fev. de 2026 09:16:36 GMT-8","25710584371","Serviços de Envio","702-6800850-0040257","","Tarifa de manuseio com base no peso Delivery by Amazon","","Amazon.com.br","Crédito Mastercard e outros","Vendedor","","","","0","0","0","0","0","0","0","-6,75","0","-6,75"
"6 de fev. de 2026 09:16:36 GMT-8","25710584371","Serviços de Envio","702-6800850-0040257","","Estorno do frete pago pelo comprador","","Amazon.com.br","Crédito Mastercard e outros","Vendedor","","","","0","0","0","0","0","0","0","0","0","0"
"6 de fev. de 2026 09:16:50 GMT-8","25710584371","Serviços de Envio","701-3844555-7885825","","Tarifa de manuseio com base no peso Delivery by Amazon","","Amazon.com.br","Crédito Mastercard e outros","Vendedor","","","","0","0","0","0","0","0","0","-6,75","0","-6,75"
"6 de fev. de 2026 09:16:50 GMT-8","25710584371","Serviços de Envio","701-3844555-7885825","","Estorno do frete pago pelo comprador","","Amazon.com.br","Crédito Mastercard e outros","Vendedor","","","","0","0","0","0","0","0","0","0","0","0"
"6 de fev. de 2026 09:16:55 GMT-8","25710584371","Serviços de Envio","702-5909675-9713845","","Tarifa de manuseio com base no peso Delivery by Amazon","","Amazon.com.br","Crédito Mastercard e outros","Vendedor","","","","0","0","0","0","0","0","0","-6,75","0","-6,75"
"6 de fev. de 2026 09:16:55 GMT-8","25710584371","Serviços de Envio","702-5909675-9713845","","Estorno do frete pago pelo comprador","","Amazon.com.br","Crédito Mastercard e outros","Vendedor","","","","0","0","0","0","0","0","0","0","0","0"
"6 de fev. de 2026 09:16:58 GMT-8","25710584371","Serviços de Envio","702-7030252-0582659","","Tarifa de manuseio com base no peso Delivery by Amazon","","Amazon.com.br","Crédito Mastercard e outros","Vendedor","","","","0","0","0","0","0","0","0","-6,75","0","-6,75"
"6 de fev. de 2026 09:16:58 GMT-8","25710584371","Serviços de Envio","702-7030252-0582659","","Estorno do frete pago pelo comprador","","Amazon.com.br","Crédito Mastercard e outros","Vendedor","","","","0","0","0","0","0","0","0","0","0","0"
"6 de fev. de 2026 09:17:03 GMT-8","25710584371","Serviços de Envio","702-1820830-6285045","","Tarifa de manuseio com base no peso Delivery by Amazon","","Amazon.com.br","Crédito Mastercard e outros","Vendedor","","","","0","0","0","0","0","0","0","-6,75","0","-6,75"
"6 de fev. de 2026 09:17:03 GMT-8","25710584371","Serviços de Envio","702-1820830-6285045","","Estorno do frete pago pelo comprador","","Amazon.com.br","Crédito Mastercard e outros","Vendedor","","","","0","0","0","0","0","0","0","0","0","0"
"6 de fev. de 2026 09:17:03 GMT-8","25710584371","Serviços de Envio","701-7634253-2065024","","Tarifa de manuseio com base no peso Delivery by Amazon","","Amazon.com.br","Crédito Mastercard e outros","Vendedor","","","","0","0","0","0","0","0","0","-6,75","0","-6,75"
"6 de fev. de 2026 09:17:03 GMT-8","25710584371","Serviços de Envio","701-7634253-2065024","","Estorno do frete pago pelo comprador","","Amazon.com.br","Crédito Mastercard e outros","Vendedor","","","","0","0","0","0","0","0","0","0","0","0"
"6 de fev. de 2026 09:17:09 GMT-8","25710584371","Serviços de Envio","701-8006595-8190667","","Tarifa de manuseio com base no peso Delivery by Amazon","","Amazon.com.br","Crédito Mastercard e outros","Vendedor","","","","0","0","0","0","0","0","0","-6,75","0","-6,75"
"6 de fev. de 2026 09:17:09 GMT-8","25710584371","Serviços de Envio","701-8006595-8190667","","Estorno do frete pago pelo comprador","","Amazon.com.br","Crédito Mastercard e outros","Vendedor","","","","0","0","0","0","0","0","0","0","0","0"
"6 de fev. de 2026 09:17:13 GMT-8","25710584371","Serviços de Envio","701-5825552-6709803","","Tarifa de manuseio com base no peso Delivery by Amazon","","Amazon.com.br","Crédito Mastercard e outros","Vendedor","","","","0","0","0","0","0","0","0","-6,75","0","-6,75"
"6 de fev. de 2026 09:17:13 GMT-8","25710584371","Serviços de Envio","701-5825552-6709803","","Estorno do frete pago pelo comprador","","Amazon.com.br","Crédito Mastercard e outros","Vendedor","","","","0","0","0","0","0","0","0","-33,59","0","-33,59"
"6 de fev. de 2026 09:17:13 GMT-8","25710584371","Serviços de Envio","701-0808132-4156234","","Tarifa de manuseio com base no peso Delivery by Amazon","","Amazon.com.br","Crédito Mastercard e outros","Vendedor","","","","0","0","0","0","0","0","0","-6,75","0","-6,75"
"6 de fev. de 2026 09:17:13 GMT-8","25710584371","Serviços de Envio","701-0808132-4156234","","Estorno do frete pago pelo comprador","","Amazon.com.br","Crédito Mastercard e outros","Vendedor","","","","0","0","0","0","0","0","0","0","0","0"
"6 de fev. de 2026 14:39:12 GMT-8","25710911071","Transferir","","","Conta bancária com final: 192","","","Boleto","","","","","0","0","0","0","0","0","0","0","-1.154,66","-1.154,66"
"6 de fev. de 2026 14:40:34 GMT-8","25710911071","Transferir","","","Conta bancária com final: 192","","","Boleto","","","","","0","0","0","0","0","0","0","0","-395,71","-395,71"
"6 de fev. de 2026 20:00:17 GMT-8","25710677011","Pedido","701-4009768-9478655","0Q-EK6Z-SV84","Planner 2026 Floral - Planejamento Anual com Roda da Vida A5, Gestão Financeira, Organização Pessoal, Metas e Saúde, Capa Dura Laminada, Agenda Se","1","amazon.com.br","Visa Crédito","Vendedor","Vitória","ES","29042","78,90","0","0","0","0","-10,26","0","0","0","68,64"
"6 de fev. de 2026 21:16:33 GMT-8","25710584371","Pedido","701-9095022-6245865","MQ-STXD-11EM","Planner Premium 2026 - Planejamento Anual com Roda da Vida A5, Gestão Financeira, Organização Pessoal, Metas e Saúde, Capa Dura Laminada, Agenda S","1","amazon.com.br","Crédito Mastercard e outros","Vendedor","Maringá","PR","87030","68,90","0","0","0","0","-8,96","0","0","0","59,94"
"6 de fev. de 2026 22:19:34 GMT-8","25710911071","Pedido","701-4155464-2114621","0Q-EK6Z-SV84","Planner 2026 Floral - Planejamento Anual com Roda da Vida A5, Gestão Financeira, Organização Pessoal, Metas e Saúde, Capa Dura Laminada, Agenda Se","1","amazon.com.br","Boleto","Vendedor","São Paulo","SP","05886","78,90","0","0","0","0","-10,26","0","0","0","68,64"
"6 de fev. de 2026 22:45:39 GMT-8","25710584371","Pedido","702-1729883-7054643","MQ-STXD-11EM","Planner Premium 2026 - Planejamento Anual com Roda da Vida A5, Gestão Financeira, Organização Pessoal, Metas e Saúde, Capa Dura Laminada, Agenda S","1","amazon.com.br","Crédito Mastercard e outros","Vendedor","Claudio","Minas Gerais","35530","68,90","0","0","0","0","-8,96","0","0","0","59,94"
"6 de fev. de 2026 22:55:51 GMT-8","25710584371","Pedido","701-0400090-1493854","RA-KICF-0Q47","Caderno Preto 20x20cm - Scrapbook Álbum De Fotos Preto 20 Folhas / 40 Páginas - Gramatura 200, Folhas Grossas","1","amazon.com.br","Crédito Mastercard e outros","Vendedor","Belo Horizonte","MG","31035","58,90","0","0","0","0","-7,07","0","0","0","51,83"
"6 de fev. de 2026 23:46:48 GMT-8","25710911071","Pedido","702-4972130-4858637","FC-4UI1-425Z","Caderno Scrapbook - 20 Folhas - Livro De Assinatura Folhas Pretas 20x19 Álbum De Fotos Scrapbook Preto 40 Páginas - 20x19","1","amazon.com.br","Boleto","Vendedor","Santo Augusto","RS","98590","72,90","0","0","0","0","-8,75","0","0","0","64,15"
"7 de fev. de 2026 00:09:56 GMT-8","25710584371","Pedido","701-0419099-0846626","RA-KICF-0Q47","Caderno Preto 20x20cm - Scrapbook Álbum De Fotos Preto 20 Folhas / 40 Páginas - Gramatura 200, Folhas Grossas","1","amazon.com.br","Crédito Mastercard e outros","Vendedor","Jundiaí","SP","13214","58,90","0","0","0","0","-7,07","0","0","0","51,83"
"7 de fev. de 2026 01:48:41 GMT-8","25710911071","Pedido","701-0904410-6281050","MQ-STXD-11EM","Planner Premium 2026 - Planejamento Anual com Roda da Vida A5, Gestão Financeira, Organização Pessoal, Metas e Saúde, Capa Dura Laminada, Agenda S","1","amazon.com.br","Boleto","Vendedor","Taubaté","SP","12030","68,90","0","0","0","0","-8,96","0","0","0","59,94"
"7 de fev. de 2026 02:15:15 GMT-8","25710584371","Pedido","701-2901030-6271461","VQ-0TZ7-QK96","Planner 2026 - Floresça que inspira leveza e organização!","1","amazon.com.br","Crédito Mastercard e outros","Vendedor","Timbó","SC","89092","78,90","0","0","0","0","-10,26","0","0","0","68,64"
"7 de fev. de 2026 03:44:13 GMT-8","25710584371","Pedido","702-8952421-9187427","XH-KNXQ-DP76","Planner 2026 - Um planner para viver com mais cor, equilíbrio e inspiração.","1","amazon.com.br","Crédito Mastercard e outros","Vendedor","São Paulo","SP","04288","78,90","0","0","0","0","-10,26","0","0","0","68,64"
"7 de fev. de 2026 04:13:01 GMT-8","25710584371","Pedido","702-8010244-3342613","19-ZM79-H2VA","Agenda Escolar Infantil 2026 - A5 100 Folhas - 15x21cm - Capa Dura","1","amazon.com.br","Crédito Mastercard e outros","Vendedor","São Paulo","SP","05872","55,90","0","0","0","0","-7,27","0","0","0","48,63"
"7 de fev. de 2026 04:34:59 GMT-8","25710911071","Pedido","701-9612951-6600265","J7-1RCD-8P3P","Scrapbook Kraft 20x20: Crie Seu Álbum Artesanal Único","1","amazon.com.br","Boleto","Amazon","Recife","PE","51130","68,90","0","0","0","0","-8,27","0","0","0","60,63"
"7 de fev. de 2026 04:47:57 GMT-8","25710584371","Pedido","701-2343190-9969025","DV-9MDQ-YD9E","Scrapbook Álbum De Fotos Preto 20 Folhas / 40 Páginas","1","amazon.com.br","Crédito Mastercard e outros","Amazon","Cariacica","ES","29143","55,90","8,90","0","-8,90","0","-6,71","0","0","0","49,19"
"7 de fev. de 2026 04:59:26 GMT-8","25710677011","Pedido","701-6234632-7914611","CA-0096","Caderno De Anotações - 200 Pag - Coleção Picknick - Pautado (Creme)","1","amazon.com.br","Visa Crédito","Amazon","Belo Horizonte","MG","31160","29,90","0","0","0","0","-3,89","0","0","0","26,01"
"7 de fev. de 2026 05:01:13 GMT-8","25710677011","Pedido","702-8162795-4116250","RA-KICF-0Q47","Caderno Preto 20x20cm - Scrapbook Álbum De Fotos Preto 20 Folhas / 40 Páginas - Gramatura 200, Folhas Grossas","1","amazon.com.br","Visa Crédito","Vendedor","Itaocara","RJ","28570","58,90","0","0","0","0","-7,07","0","0","0","51,83"
"7 de fev. de 2026 05:05:11 GMT-8","25710677011","Pedido","701-1705971-1018650","9X-HUC9-I83L","Planner 2026 - Respire, floresça, torne-se - um planner para sua melhor versão!","1","amazon.com.br","Visa Crédito","Vendedor","São Paulo","SP","02151","78,90","0","0","0","0","-10,26","0","0","0","68,64"
"7 de fev. de 2026 05:12:00 GMT-8","25710584371","Pedido","702-4921306-5973817","RW-FUR9-X25R","Planner 2026 - Respire, floresça, torne-se - um planner para sua melhor versão!","1","amazon.com.br","Crédito Mastercard e outros","Vendedor","Araçoiaba da Serra","SP","18192","78,90","0","0","-9,47","0","-9,03","0","0","0","60,40"
"7 de fev. de 2026 05:37:30 GMT-8","25710584371","Pedido","702-3754063-2888227","BT-HCTV-ZOJY","Planner 2026 Napolitano - Planejamento Anual com Roda da Vida A5, Gestão Financeira, Organização Pessoal, Metas e Saúde, Capa Dura Laminada, Agend","1","amazon.com.br","Crédito Mastercard e outros","Vendedor","Ribeirão Preto","SP","14094","78,90","0","0","0","0","-10,26","0","0","0","68,64"
"7 de fev. de 2026 06:14:52 GMT-8","25710584371","Pedido","701-3512348-3805040","4S-C6M7-1NCT","Planner 2026 Amarelo - Life Capa Dura com Controle Financeiro e Roda da Vida","1","amazon.com.br","Crédito Mastercard e outros","Vendedor","São Paulo","SP","04744","78,90","0","0","0","0","-10,26","0","0","0","68,64"
"7 de fev. de 2026 06:25:45 GMT-8","25710911071","Pedido","701-8757310-8576211","RW-FUR9-X25R","Planner 2026 - Respire, floresça, torne-se - um planner para sua melhor versão!","1","amazon.com.br","Boleto","Vendedor","Ourinhos","SP","19905","78,90","0","0","0","0","-10,26","0","0","0","68,64"
"7 de fev. de 2026 06:40:48 GMT-8","25710911071","Pedido","701-4138854-1462604","YL-NANJ-F7TC","Caderno Preto 20x20cm - Scrapbook Álbum De Fotos Preto 20 Folhas / 40 Páginas - Gramatura 200, Folhas Grossas","1","amazon.com.br","Boleto","Amazon","Manaus","AM","69028","68,90","0","0","0","0","-8,27","0","0","0","60,63"
"7 de fev. de 2026 06:43:59 GMT-8","25710584371","Pedido","701-1035434-2417836","0Q-EK6Z-SV84","Planner 2026 Floral - Planejamento Anual com Roda da Vida A5, Gestão Financeira, Organização Pessoal, Metas e Saúde, Capa Dura Laminada, Agenda Se","1","amazon.com.br","Crédito Mastercard e outros","Vendedor","Florianópolis","SC","88062","78,90","0","0","0","0","-10,26","0","0","0","68,64"
"7 de fev. de 2026 06:50:29 GMT-8","25710911071","Pedido","701-6808438-3747413","MQ-STXD-11EM","Planner Premium 2026 - Planejamento Anual com Roda da Vida A5, Gestão Financeira, Organização Pessoal, Metas e Saúde, Capa Dura Laminada, Agenda S","1","amazon.com.br","Boleto","Vendedor","Santo Antônio de Posse","SP","13831","68,90","0","0","0","0","-8,96","0","0","0","59,94"
"7 de fev. de 2026 06:54:23 GMT-8","25710584371","Pedido","701-5621204-3542654","0Q-EK6Z-SV84","Planner 2026 Floral - Planejamento Anual com Roda da Vida A5, Gestão Financeira, Organização Pessoal, Metas e Saúde, Capa Dura Laminada, Agenda Se","1","amazon.com.br","Crédito Mastercard e outros","Vendedor","Curitiba","PR","81460","78,90","0","0","0","0","-10,26","0","0","0","68,64"
"7 de fev. de 2026 07:13:54 GMT-8","25710584371","Pedido","702-6577088-4747447","HJ-GKXE-8FVO","Agenda 2026 Cristã 1 Dia por Folha com Versículos Bíblicos 2026","1","amazon.com.br","Crédito Mastercard e outros","Amazon","Contagem","MG","32070","49,90","0","0","0","0","-6,49","0","0","0","43,41"
"7 de fev. de 2026 07:14:59 GMT-8","25710911071","Pedido","701-4122669-5977002","PA-X2A6-EKO8","Planner 2026 - Seu novo começo começa aqui - o planner que floresce com você. Rosa","1","amazon.com.br","Boleto","Vendedor","Trindade","GO","75391","78,90","22,02","0","0","0","-10,26","0","0","0","90,66"
"7 de fev. de 2026 07:16:01 GMT-8","25710584371","Pedido","701-0578243-2513047","HJ-GKXE-8FVO","Agenda 2026 Cristã 1 Dia por Folha com Versículos Bíblicos 2026","1","amazon.com.br","Crédito Mastercard e outros","Amazon","São Gonçalo","RJ","24755","49,90","0","0","0","0","-6,49","0","0","0","43,41"
"7 de fev. de 2026 07:37:05 GMT-8","25710677011","Pedido","701-6486915-2029866","NA-O84R-Q2ON","Caderno Espiral Capa Dura, A5 210x150mm, 80 Folhas, Van gogh, Frases estoicas (Capa 1)","1","amazon.com.br","Visa Crédito","Vendedor","São Paulo","SP","05734","78,90","0","0","0","0","-10,26","0","0","0","68,64"
"7 de fev. de 2026 07:40:56 GMT-8","25710677011","Pedido","702-4901178-7173062","J7-1RCD-8P3P","Scrapbook Kraft 20x20: Crie Seu Álbum Artesanal Único","1","amazon.com.br","Visa Crédito","Amazon","Porto Alegre","RS","90440","68,90","8,90","0","-8,90","0","-8,27","0","0","0","60,63"
"7 de fev. de 2026 08:20:43 GMT-8","25710584371","Pedido","701-1727630-2405024","DY-V8CY-ISPV","Planner De Viagem Para Organizar Sua Aventura (Creme)","1","amazon.com.br","Crédito Mastercard e outros","Vendedor","Rio de Janeiro","RJ","21310","78,90","0","0","0","0","-10,26","0","0","0","68,64"
"7 de fev. de 2026 20:22:40 GMT-8","25710677011","Pedido","701-8948701-8231408","TX-M354-C0W7","Agenda 2026 Feminina | 1 dia por folha com datas e hora","1","amazon.com.br","Visa Crédito","Vendedor","São Paulo","SP","04267","78,90","0","0","0","0","-10,26","0","0","0","68,64"
"7 de fev. de 2026 22:44:59 GMT-8","25660481831","Pedido","701-1803848-8276209","MY-P05M-MBEP","Caderno Quadriculado 1x1cm, Capa dura, diversas capas, 80 folhas, 24x15cm","2","amazon.com.br","Amex","Vendedor","Brasília","DF","70645","77,80","0","0","0","0","-10,12","0","0","0","67,68"
"7 de fev. de 2026 22:54:56 GMT-8","25710911071","Pedido","701-4654962-0734622","61-JRJL-268H","Caderno Espiral Capa Dura, A5 210x150mm, 80 Folhas, Van gogh, Frases estoicas (Capa 2)","1","amazon.com.br","Boleto","Vendedor","Macaé","RJ","27925","78,90","0","0","0","0","-10,26","0","0","0","68,64"
"7 de fev. de 2026 23:12:15 GMT-8","25710584371","Pedido","702-8652457-8442628","RA-KICF-0Q47","Caderno Preto 20x20cm - Scrapbook Álbum De Fotos Preto 20 Folhas / 40 Páginas - Gramatura 200, Folhas Grossas","1","amazon.com.br","Crédito Mastercard e outros","Vendedor","Ribeirão Preto","SP","14021","58,90","0","0","0","0","-7,07","0","0","0","51,83"
"7 de fev. de 2026 23:29:50 GMT-8","25710584371","Pedido","701-3487356-0484202","HJ-GKXE-8FVO","Agenda 2026 Cristã 1 Dia por Folha com Versículos Bíblicos 2026","1","amazon.com.br","Crédito Mastercard e outros","Amazon","Fortaleza","CE","60175","49,90","8,90","0","-8,90","0","-6,49","0","0","0","43,41"
"7 de fev. de 2026 23:31:35 GMT-8","25710584371","Pedido","701-1416196-4140214","7U-MQT5-0IY4","Agenda 2026 Boboletas 1 Dia Por Página Com Horário Capa Dura - Agenda Cristã 2026 - Agenda 2026 com versículos bíblicos - Agenda diária com hor�","1","amazon.com.br","Crédito Mastercard e outros","Vendedor","Rio das Ostras","RJ","28896","78,90","0","0","0","0","-10,26","0","0","0","68,64"
"8 de fev. de 2026 02:45:59 GMT-8","25710911071","Pedido","702-3270984-6820215","OR-QD8C-Y86U","Planner Financeiro Mensal Datado 2026, Roda Da Vida A5 -Planejamento anual, Organização pessoal Metas e objetivos, Gestão financeira Monitoramento","1","amazon.com.br","Boleto","Vendedor","BRASILIA","DF","70277","78,90","0","0","0","0","-10,26","0","0","0","68,64"
"8 de fev. de 2026 03:49:59 GMT-8","25710584371","Pedido","702-1999159-0006609","9X-HUC9-I83L","Planner 2026 - Respire, floresça, torne-se - um planner para sua melhor versão!","1","amazon.com.br","Crédito Mastercard e outros","Vendedor","Juiz de Fora","MG","36035","78,90","0","0","0","0","-10,26","0","0","0","68,64"
"8 de fev. de 2026 04:18:34 GMT-8","25710677011","Pedido","701-6407453-6605813","CA-0096","Caderno De Anotações - 200 Pag - Coleção Picknick - Pautado (Creme)","1","amazon.com.br","Visa Crédito","Amazon","Parnamirim","RN","59160","29,90","0","0","0","0","-3,89","0","0","0","26,01"
"8 de fev. de 2026 04:36:48 GMT-8","25710677011","Pedido","702-7354814-8319417","IS-UA22-XKCF","Planner 2026 - Cada flor no seu tempo: planeje o ano com calma e propósito.","1","amazon.com.br","Visa Crédito","Vendedor","Brasília","DF","73270","78,90","0","0","0","0","-10,26","0","0","0","68,64"
"8 de fev. de 2026 04:44:54 GMT-8","25710911071","Pedido","702-3186682-8804249","6R-CADM-OAHJ","Planner 2026 - Seu novo começo começa aqui - o planner que floresce com você.","1","amazon.com.br","Boleto","Vendedor","Juiz de Fora","MG","36031","78,90","0","0","0","0","-10,26","0","0","0","68,64"
"8 de fev. de 2026 04:58:46 GMT-8","25710584371","Pedido","702-9784729-0749843","2M-II9L-1YU1","Caderno A5 SEM PAUTA, 21x14cm, 80 Folhas, 90G","2","amazon.com.br","Crédito Mastercard e outros","Amazon","São Paulo","SP","01532","57,80","0","0","0","0","-7,52","0","0","0","50,28"
"8 de fev. de 2026 05:02:51 GMT-8","25710584371","Pedido","701-6540370-0525835","RW-FUR9-X25R","Planner 2026 - Respire, floresça, torne-se - um planner para sua melhor versão!","1","amazon.com.br","Crédito Mastercard e outros","Vendedor","Ubá","MG","36500","78,90","0","0","0","0","-10,26","0","0","0","68,64"
"8 de fev. de 2026 05:04:46 GMT-8","25710677011","Pedido","701-0049231-7765009","VQ-0TZ7-QK96","Planner 2026 - Floresça que inspira leveza e organização!","1","amazon.com.br","Visa Crédito","Vendedor","São Luís","MA","65061","78,90","22,57","0","0","0","-10,26","0","0","0","91,21"
"8 de fev. de 2026 05:14:53 GMT-8","25710911071","Pedido","701-7731094-7181058","DV-9MDQ-YD9E","Scrapbook Álbum De Fotos Preto 20 Folhas / 40 Páginas","1","amazon.com.br","Boleto","Amazon","João Pessoa","PB","58045","55,90","0","0","0","0","-6,71","0","0","0","49,19"
"8 de fev. de 2026 05:37:40 GMT-8","25710677011","Pedido","702-6407404-5351401","MQ-STXD-11EM","Planner Premium 2026 - Planejamento Anual com Roda da Vida A5, Gestão Financeira, Organização Pessoal, Metas e Saúde, Capa Dura Laminada, Agenda S","1","amazon.com.br","Visa Crédito","Vendedor","Curitiba","PR","80040","68,90","0","0","0","0","-8,96","0","0","0","59,94"
"8 de fev. de 2026 05:54:41 GMT-8","25710584371","Pedido","702-5775700-3666667","RP-DBND-LHYX","Agenda Escolar 2026 - Calendario, provas, agendamento, recados, estudos do aluno, acompanhamento dos pais","1","amazon.com.br","Crédito Mastercard e outros","Vendedor","Piraquara","PR","83302","55,90","0","0","0","0","-7,27","0","0","0","48,63"
"8 de fev. de 2026 05:55:40 GMT-8","25710584371","Pedido","701-2063157-7028244","J7-1RCD-8P3P","Scrapbook Kraft 20x20: Crie Seu Álbum Artesanal Único","1","amazon.com.br","Crédito Mastercard e outros","Amazon","Maués","AM","69190","68,90","0","0","0","0","-8,27","0","0","0","60,63"
"8 de fev. de 2026 06:23:56 GMT-8","25710584371","Pedido","702-1017780-5717854","MQ-STXD-11EM","Planner Premium 2026 - Planejamento Anual com Roda da Vida A5, Gestão Financeira, Organização Pessoal, Metas e Saúde, Capa Dura Laminada, Agenda S","1","amazon.com.br","Crédito Mastercard e outros","Vendedor","Guará","DF","71050","68,90","0","0","0","0","-8,96","0","0","0","59,94"
"8 de fev. de 2026 06:28:26 GMT-8","25710584371","Pedido","702-6115225-2230648","92-CTAN-4AJQ","Caderno Scrapbook - 20 Folhas - Livro De Assinatura Folhas Pretas 20x19 Álbum De Fotos Scrapbook Preto 40 Páginas - 20x19","1","amazon.com.br","Crédito Mastercard e outros","Amazon","Brasília","DF","72445","78,90","0","0","0","0","-9,47","0","0","0","69,43"
"8 de fev. de 2026 06:44:40 GMT-8","25710584371","Pedido","701-0337354-6413825","MY-P05M-MBEP","Caderno Quadriculado 1x1cm, Capa dura, diversas capas, 80 folhas, 24x15cm","1","amazon.com.br","Crédito Mastercard e outros","Vendedor","Mostardas","RS","96270","38,90","0","0","0","0","-5,06","0","0","0","33,84"
"8 de fev. de 2026 06:54:04 GMT-8","25710677011","Pedido","701-5692193-5202666","61-JRJL-268H","Caderno Espiral Capa Dura, A5 210x150mm, 80 Folhas, Van gogh, Frases estoicas (Capa 2)","1","amazon.com.br","Visa Crédito","Vendedor","Brasília","DF","71687","78,90","0","0","0","0","-10,26","0","0","0","68,64"
"8 de fev. de 2026 07:05:28 GMT-8","25710584371","Pedido","701-5605966-1271438","92-CTAN-4AJQ","Caderno Scrapbook - 20 Folhas - Livro De Assinatura Folhas Pretas 20x19 Álbum De Fotos Scrapbook Preto 40 Páginas - 20x19","1","amazon.com.br","Crédito Mastercard e outros","Amazon","Aracaju","SE","49000","78,90","0","0","0","0","-9,47","0","0","0","69,43"
"8 de fev. de 2026 07:06:36 GMT-8","25710677011","Pedido","702-5746743-1612224","DV-9MDQ-YD9E","Scrapbook Álbum De Fotos Preto 20 Folhas / 40 Páginas","1","amazon.com.br","Visa Crédito","Amazon","Osasco","SP","06150","55,90","0","0","0","0","-6,71","0","0","0","49,19"
"8 de fev. de 2026 07:08:57 GMT-8","25710584371","Pedido","701-8185781-2568210","19-ZM79-H2VA","Agenda Escolar Infantil 2026 - A5 100 Folhas - 15x21cm - Capa Dura","1","amazon.com.br","Crédito Mastercard e outros","Vendedor","Vitória","ES","29090","55,90","0","0","0","0","-7,27","0","0","0","48,63"
"8 de fev. de 2026 07:12:10 GMT-8","25710584371","Pedido","701-6006372-3504208","RP-DBND-LHYX","Agenda Escolar 2026 - Calendario, provas, agendamento, recados, estudos do aluno, acompanhamento dos pais","1","amazon.com.br","Crédito Mastercard e outros","Vendedor","GOIANIA","Goiás","74305","55,90","20,00","0","0","0","-7,27","0","0","0","68,63"
"8 de fev. de 2026 07:16:09 GMT-8","25710911071","Pedido","702-0684670-4488265","AA-2SEI-HBU9","Planner 2026 - Delicado por fora, poderoso por dentro - organize-se com encanto!","1","amazon.com.br","Boleto","Vendedor","Santos","SP","11065","78,90","0","0","0","0","-10,26","0","0","0","68,64"
"8 de fev. de 2026 07:18:36 GMT-8","25710677011","Pedido","702-9852357-5405067","L8-1JRR-OBUL","Caderno Espiral Capa Dura, A5 210x150mm, 80 Folhas, Van gogh, Frases estoicas (3 UN)","1","amazon.com.br","Visa Crédito","Vendedor","Brasília","DF","71938","159,90","0","0","0","0","-23,19","0","0","0","136,71"
"8 de fev. de 2026 07:18:59 GMT-8","25710165551","Pedido","702-2358629-1608269","CA-0096","Caderno De Anotações - 200 Pag - Coleção Picknick - Pautado (Creme)","1","amazon.com.br","Elo","Amazon","Passo Fundo","RS","99070","29,90","0","0","0","0","-3,89","0","0","0","26,01"
"8 de fev. de 2026 07:41:17 GMT-8","25710677011","Pedido","702-5348413-2622645","PA-X2A6-EKO8","Planner 2026 - Seu novo começo começa aqui - o planner que floresce com você. Rosa","1","amazon.com.br","Visa Crédito","Vendedor","São Paulo","SP","08411","78,90","0","0","0","0","-10,26","0","0","0","68,64"
"8 de fev. de 2026 07:42:52 GMT-8","25710584371","Pedido","701-7428180-2977039","RA-KICF-0Q47","Caderno Preto 20x20cm - Scrapbook Álbum De Fotos Preto 20 Folhas / 40 Páginas - Gramatura 200, Folhas Grossas","1","amazon.com.br","Crédito Mastercard e outros","Vendedor","Florianópolis","SC","88060","58,90","0","0","0","0","-7,07","0","0","0","51,83"
"8 de fev. de 2026 08:45:11 GMT-8","25710584371","Ajuste","701-6568131-1131441","CY-8NXE-ZK04","Reembolso de Estoque FBA - Devolução do cliente","1","","Crédito Mastercard e outros","","","","","0","0","0","0","0","0","0","0","47,11","47,11"
"8 de fev. de 2026 18:23:19 GMT-8","25710584371","Pedido","701-1565444-5951442","DV-9MDQ-YD9E","Scrapbook Álbum De Fotos Preto 20 Folhas / 40 Páginas","1","amazon.com.br","Crédito Mastercard e outros","Amazon","Fortaleza","CE","60135","55,90","0","0","0","0","-6,71","0","0","0","49,19"
"8 de fev. de 2026 22:43:57 GMT-8","25710584371","Pedido","702-0207670-2376218","E3-R0A1-0HNB","Agenda Escolar 2026 Menino - Calendario, provas, agendamento, recados, estudos do aluno, acompanhamento dos pais","1","amazon.com.br","Crédito Mastercard e outros","Vendedor","Santos","SP","11070","59,90","0","0","0","0","-7,79","0","0","0","52,11"
"8 de fev. de 2026 22:51:59 GMT-8","25710677011","Pedido","702-3926395-2896248","FC-4UI1-425Z","Caderno Scrapbook - 20 Folhas - Livro De Assinatura Folhas Pretas 20x19 Álbum De Fotos Scrapbook Preto 40 Páginas - 20x19","1","amazon.com.br","Visa Crédito","Vendedor","Rio de Janeiro","RJ","22231","72,90","0","0","0","0","-8,75","0","0","0","64,15"
"9 de fev. de 2026 00:38:25 GMT-8","25710911071","Pedido","701-9942618-8306601","YL-NANJ-F7TC","Caderno Preto 20x20cm - Scrapbook Álbum De Fotos Preto 20 Folhas / 40 Páginas - Gramatura 200, Folhas Grossas","1","amazon.com.br","Boleto","Amazon","Mossoró","RN","59626","68,90","8,90","0","-8,90","0","-8,27","0","0","0","60,63"
"9 de fev. de 2026 00:43:47 GMT-8","25710911071","Pedido","702-3579291-1016217","UN-GE1Q-635D","Planner 2026 - Life Capa Dura com Controle Financeiro e Roda da Vida (Capa 01)","1","amazon.com.br","Boleto","Vendedor","Niterói","RJ","24110","78,90","0","0","0","0","-10,26","0","0","0","68,64"
"9 de fev. de 2026 03:18:29 GMT-8","25710584371","Pedido","701-5836009-3384229","A9-81RP-O347","Planner Financeiro Mensal 2026, Roda Da Vida A5 -Planejamento anual, Organização pessoal Metas e objetivos, Gestão financeira Monitoramento de saú","1","amazon.com.br","Crédito Mastercard e outros","Vendedor","Ilicínea","MG","37175","68,92","0","0","0","0","-8,96","0","0","0","59,96"
"9 de fev. de 2026 04:03:05 GMT-8","25710677011","Pedido","702-1180302-8605851","1O-FSXQ-Q5BY","Agenda Escolar Infantil 2 Dias Por Folha, 200 Paginas","1","amazon.com.br","Visa Crédito","Vendedor","Rio de Janeiro","RJ","22730","59,90","0","0","0","0","-7,79","0","0","0","52,11"
"9 de fev. de 2026 04:08:04 GMT-8","25710677011","Pedido","701-5062852-5556240","T9-45XC-H90S","Planner Financeiro Mensal Datado 2026, Roda Da Vida A5 -Planejamento anual, Organização pessoal Metas e objetivos, Gestão financeira Monitoramento","1","amazon.com.br","Visa Crédito","Vendedor","Porto Alegre","Rio Grande do Sul","91330","78,90","0","0","0","0","-10,26","0","0","0","68,64"
"9 de fev. de 2026 04:15:32 GMT-8","25710584371","Pedido","701-6744938-7521816","IY-THHM-0DRE","Agenda Escolar Infantil","1","amazon.com.br","Crédito Mastercard e outros","Vendedor","Vila Velha","ES","29106","55,90","0","0","0","0","-7,27","0","0","0","48,63"
"9 de fev. de 2026 04:15:51 GMT-8","25710677011","Pedido","701-1389267-3310609","YL-NANJ-F7TC","Caderno Preto 20x20cm - Scrapbook Álbum De Fotos Preto 20 Folhas / 40 Páginas - Gramatura 200, Folhas Grossas","1","amazon.com.br","Visa Crédito","Amazon","João Pessoa","PB","58046","68,90","0","0","0","0","-8,27","0","0","0","60,63"
"9 de fev. de 2026 04:32:06 GMT-8","25710677011","Pedido","702-9674103-3316242","MY-P05M-MBEP","Caderno Quadriculado 1x1cm, Capa dura, diversas capas, 80 folhas, 24x15cm","1","amazon.com.br","Visa Crédito","Vendedor","Guarujá","SP","11410","38,90","0","0","0","0","-5,06","0","0","0","33,84"
"9 de fev. de 2026 04:44:54 GMT-8","25710584371","Pedido","701-0219329-8576266","MQ-STXD-11EM","Planner Premium 2026 - Planejamento Anual com Roda da Vida A5, Gestão Financeira, Organização Pessoal, Metas e Saúde, Capa Dura Laminada, Agenda S","1","amazon.com.br","Crédito Mastercard e outros","Vendedor","Maceió","AL","57048","68,90","21,80","0","0","0","-8,96","0","0","0","81,74"
"9 de fev. de 2026 05:01:09 GMT-8","25710584371","Pedido","702-7025347-5350654","BT-HCTV-ZOJY","Planner 2026 Napolitano - Planejamento Anual com Roda da Vida A5, Gestão Financeira, Organização Pessoal, Metas e Saúde, Capa Dura Laminada, Agend","1","amazon.com.br","Crédito Mastercard e outros","Vendedor","Recife","PE","51011","78,90","21,84","0","0","0","-10,26","0","0","0","90,48"
"9 de fev. de 2026 05:37:47 GMT-8","25710677011","Pedido","701-2170624-8585841","D7-QDPJ-5041","Scrapbook - Album de fotos - Presente dia dos namorados - presente para namorada - presente criativo namorada (Azul)","1","amazon.com.br","Visa Crédito","Vendedor","Tupanciretã","RS","98170","119,90","0","0","0","0","-16,19","0","0","0","103,71"
"9 de fev. de 2026 05:52:18 GMT-8","25710911071","Pedido","701-7397104-4208229","9X-HUC9-I83L","Planner 2026 - Respire, floresça, torne-se - um planner para sua melhor versão!","1","amazon.com.br","Boleto","Vendedor","Roca Sales","RS","95735","78,90","0","0","0","0","-10,26","0","0","0","68,64"
"9 de fev. de 2026 06:11:31 GMT-8","25710911071","Pedido","701-2423411-2510662","92-CTAN-4AJQ","Caderno Scrapbook - 20 Folhas - Livro De Assinatura Folhas Pretas 20x19 Álbum De Fotos Scrapbook Preto 40 Páginas - 20x19","1","amazon.com.br","Boleto","Amazon","Manaus","AM","69020","78,90","8,90","0","-8,90","0","-9,47","0","0","0","69,43"
"9 de fev. de 2026 06:19:51 GMT-8","25710911071","Pedido","701-9280893-0501815","0Q-EK6Z-SV84","Planner 2026 Floral - Planejamento Anual com Roda da Vida A5, Gestão Financeira, Organização Pessoal, Metas e Saúde, Capa Dura Laminada, Agenda Se","1","amazon.com.br","Boleto","Vendedor","Contagem","MG","32372","78,90","0","0","0","0","-10,26","0","0","0","68,64"
"9 de fev. de 2026 06:20:27 GMT-8","25710677011","Pedido","702-6376571-8474649","J7-1RCD-8P3P","Scrapbook Kraft 20x20: Crie Seu Álbum Artesanal Único","1","amazon.com.br","Visa Crédito","Amazon","Brasília","DF","70857","68,90","0","0","0","0","-8,27","-5,00","0","0","55,63"
"9 de fev. de 2026 06:33:00 GMT-8","25710584371","Pedido","702-6873741-6736253","92-CTAN-4AJQ","Caderno Scrapbook - 20 Folhas - Livro De Assinatura Folhas Pretas 20x19 Álbum De Fotos Scrapbook Preto 40 Páginas - 20x19","1","amazon.com.br","Crédito Mastercard e outros","Amazon","Manaus","AM","69057","78,90","0","0","0","0","-9,47","0","0","0","69,43"
"9 de fev. de 2026 06:44:47 GMT-8","25710911071","Pedido","702-1986348-0802602","MY-P05M-MBEP","Caderno Quadriculado 1x1cm, Capa dura, diversas capas, 80 folhas, 24x15cm","1","amazon.com.br","Boleto","Vendedor","Muriaé","MG","36889","38,90","0","0","0","0","-5,06","0","0","0","33,84"
"9 de fev. de 2026 07:16:18 GMT-8","25710584371","Pedido","701-7940383-4437849","NW-TYGM-27NA","Diário Sagrado: Divina Lectio e Vida de Oração (Sabedoria Sagrada)","1","amazon.com.br","Crédito Mastercard e outros","Vendedor","Vila Velha","ES","29102","59,90","0","0","0","0","-7,79","0","0","0","52,11"
"9 de fev. de 2026 07:16:38 GMT-8","25710165551","Pedido","701-3902123-9666648","AA-2SEI-HBU9","Planner 2026 - Delicado por fora, poderoso por dentro - organize-se com encanto!","1","amazon.com.br","Elo","Vendedor","Paranavaí","PR","87709","78,90","0","0","0","0","-10,26","0","0","0","68,64"
"9 de fev. de 2026 07:21:27 GMT-8","25710677011","Pedido","702-7061260-4715450","2M-II9L-1YU1","Caderno A5 SEM PAUTA, 21x14cm, 80 Folhas, 90G","1","amazon.com.br","Visa Crédito","Amazon","Brasília","DF","70294","28,90","0","0","0","0","-3,76","0","0","0","25,14"
"9 de fev. de 2026 07:39:33 GMT-8","25710584371","Pedido","702-7183051-4518639","AA-2SEI-HBU9","Planner 2026 - Delicado por fora, poderoso por dentro - organize-se com encanto!","1","amazon.com.br","Crédito Mastercard e outros","Vendedor","Brasília","DF","71200","78,90","0","0","0","0","-10,26","0","0","0","68,64"
"9 de fev. de 2026 07:41:43 GMT-8","25710584371","Transferir","","","Conta bancária com final: 192","","","Crédito Mastercard e outros","","","","","0","0","0","0","0","0","0","0","-1.155,76","-1.155,76"
"9 de fev. de 2026 07:41:43 GMT-8","25710165551","Transferir","","","Conta bancária com final: 192","","","Elo","","","","","0","0","0","0","0","0","0","0","-193,83","-193,83"
"9 de fev. de 2026 07:41:44 GMT-8","25660481831","Transferir","","","Conta bancária com final: 192","","","Amex","","","","","0","0","0","0","0","0","0","0","-90,48","-90,48"
"9 de fev. de 2026 07:41:45 GMT-8","25710677011","Transferir","","","Conta bancária com final: 192","","","Visa Crédito","","","","","0","0","0","0","0","0","0","0","-1.119,59","-1.119,59"
"9 de fev. de 2026 07:47:48 GMT-8","25710911071","Pedido","702-3892143-9392234","3P-CSLO-TMK3","Agenda Escolar Infantil - Calendario 2026, Acompanhamento de provas, Dados do aluno, Recados, ensino fundamental, estudos","1","amazon.com.br","Boleto","Vendedor","São Paulo","SP","02046","59,90","0","0","0","0","-7,79","0","0","0","52,11"
"9 de fev. de 2026 07:50:29 GMT-8","25710584371","Pedido","702-7630708-9594667","HJ-GKXE-8FVO","Agenda 2026 Cristã 1 Dia por Folha com Versículos Bíblicos 2026","1","amazon.com.br","Crédito Mastercard e outros","Amazon","Manaus","AM","69042","49,90","0","0","0","0","-6,49","0","0","0","43,41"
"9 de fev. de 2026 07:51:09 GMT-8","25710584371","Pedido","702-6965369-7059404","0Q-EK6Z-SV84","Planner 2026 Floral - Planejamento Anual com Roda da Vida A5, Gestão Financeira, Organização Pessoal, Metas e Saúde, Capa Dura Laminada, Agenda Se","1","amazon.com.br","Crédito Mastercard e outros","Vendedor","Vitória","ES","29090","78,90","0","0","0","0","-10,26","0","0","0","68,64"
"9 de fev. de 2026 07:59:04 GMT-8","25710584371","Pedido","701-6186741-1597021","A9-81RP-O347","Planner Financeiro Mensal 2026, Roda Da Vida A5 -Planejamento anual, Organização pessoal Metas e objetivos, Gestão financeira Monitoramento de saú","1","amazon.com.br","Crédito Mastercard e outros","Vendedor","Colina","SP","14773","68,92","0","0","0","0","-8,96","0","0","0","59,96"
"9 de fev. de 2026 08:14:26 GMT-8","25710911071","Pedido","701-1041382-1436242","RA-KICF-0Q47","Caderno Preto 20x20cm - Scrapbook Álbum De Fotos Preto 20 Folhas / 40 Páginas - Gramatura 200, Folhas Grossas","1","amazon.com.br","Boleto","Vendedor","Chapecó","Santa Catarina","89804","58,90","0","0","0","0","-7,07","0","0","0","51,83"
"9 de fev. de 2026 09:35:31 GMT-8","25710584371","Serviços de Envio","701-1427282-1117059","","Tarifa de manuseio com base no peso Delivery by Amazon","","Amazon.com.br","Crédito Mastercard e outros","Vendedor","","","","0","0","0","0","0","0","0","-6,75","0","-6,75"
"9 de fev. de 2026 09:35:31 GMT-8","25710584371","Serviços de Envio","701-1427282-1117059","","Estorno do frete pago pelo comprador","","Amazon.com.br","Crédito Mastercard e outros","Vendedor","","","","0","0","0","0","0","0","0","0","0","0"
"9 de fev. de 2026 09:35:31 GMT-8","25710584371","Serviços de Envio","702-5885382-4991404","","Tarifa de manuseio com base no peso Delivery by Amazon","","Amazon.com.br","Crédito Mastercard e outros","Vendedor","","","","0","0","0","0","0","0","0","-6,75","0","-6,75"
"9 de fev. de 2026 09:35:31 GMT-8","25710584371","Serviços de Envio","702-5885382-4991404","","Estorno do frete pago pelo comprador","","Amazon.com.br","Crédito Mastercard e outros","Vendedor","","","","0","0","0","0","0","0","0","0","0","0"
"9 de fev. de 2026 09:35:31 GMT-8","25710584371","Serviços de Envio","702-1776039-8370619","","Tarifa de manuseio com base no peso Delivery by Amazon","","Amazon.com.br","Crédito Mastercard e outros","Vendedor","","","","0","0","0","0","0","0","0","-6,75","0","-6,75"
"9 de fev. de 2026 09:35:31 GMT-8","25710584371","Serviços de Envio","702-1776039-8370619","","Estorno do frete pago pelo comprador","","Amazon.com.br","Crédito Mastercard e outros","Vendedor","","","","0","0","0","0","0","0","0","0","0","0"
"9 de fev. de 2026 09:35:31 GMT-8","25710584371","Serviços de Envio","702-5050488-6749025","","Tarifa de manuseio com base no peso Delivery by Amazon","","Amazon.com.br","Crédito Mastercard e outros","Vendedor","","","","0","0","0","0","0","0","0","-6,75","0","-6,75"
"9 de fev. de 2026 09:35:31 GMT-8","25710584371","Serviços de Envio","702-5050488-6749025","","Estorno do frete pago pelo comprador","","Amazon.com.br","Crédito Mastercard e outros","Vendedor","","","","0","0","0","0","0","0","0","0","0","0"
"9 de fev. de 2026 09:35:32 GMT-8","25710584371","Serviços de Envio","701-7859627-4982661","","Tarifa de manuseio com base no peso Delivery by Amazon","","Amazon.com.br","Crédito Mastercard e outros","Vendedor","","","","0","0","0","0","0","0","0","-6,75","0","-6,75"
"9 de fev. de 2026 09:35:32 GMT-8","25710584371","Serviços de Envio","701-7859627-4982661","","Estorno do frete pago pelo comprador","","Amazon.com.br","Crédito Mastercard e outros","Vendedor","","","","0","0","0","0","0","0","0","0","0","0"
"9 de fev. de 2026 09:35:33 GMT-8","25710584371","Serviços de Envio","702-6363465-6692218","","Tarifa de manuseio com base no peso Delivery by Amazon","","Amazon.com.br","Crédito Mastercard e outros","Vendedor","","","","0","0","0","0","0","0","0","-6,75","0","-6,75"
"9 de fev. de 2026 09:35:33 GMT-8","25710584371","Serviços de Envio","702-6363465-6692218","","Estorno do frete pago pelo comprador","","Amazon.com.br","Crédito Mastercard e outros","Vendedor","","","","0","0","0","0","0","0","0","0","0","0"
"9 de fev. de 2026 09:35:33 GMT-8","25710584371","Serviços de Envio","701-2985901-6792261","","Tarifa de manuseio com base no peso Delivery by Amazon","","Amazon.com.br","Crédito Mastercard e outros","Vendedor","","","","0","0","0","0","0","0","0","-6,75","0","-6,75"
"9 de fev. de 2026 09:35:33 GMT-8","25710584371","Serviços de Envio","701-2985901-6792261","","Estorno do frete pago pelo comprador","","Amazon.com.br","Crédito Mastercard e outros","Vendedor","","","","0","0","0","0","0","0","0","0","0","0"
"9 de fev. de 2026 09:35:37 GMT-8","25710584371","Serviços de Envio","701-1671536-6647426","","Tarifa de manuseio com base no peso Delivery by Amazon","","Amazon.com.br","Crédito Mastercard e outros","Vendedor","","","","0","0","0","0","0","0","0","-6,75","0","-6,75"
"9 de fev. de 2026 09:35:37 GMT-8","25710584371","Serviços de Envio","701-1671536-6647426","","Estorno do frete pago pelo comprador","","Amazon.com.br","Crédito Mastercard e outros","Vendedor","","","","0","0","0","0","0","0","0","0","0","0"
"9 de fev. de 2026 09:35:37 GMT-8","25710584371","Serviços de Envio","702-4772556-2249014","","Tarifa de manuseio com base no peso Delivery by Amazon","","Amazon.com.br","Crédito Mastercard e outros","Vendedor","","","","0","0","0","0","0","0","0","-6,75","0","-6,75"
"9 de fev. de 2026 09:35:37 GMT-8","25710584371","Serviços de Envio","702-4772556-2249014","","Estorno do frete pago pelo comprador","","Amazon.com.br","Crédito Mastercard e outros","Vendedor","","","","0","0","0","0","0","0","0","0","0","0"
"9 de fev. de 2026 09:35:37 GMT-8","25710584371","Serviços de Envio","701-6122740-5300200","","Tarifa de manuseio com base no peso Delivery by Amazon","","Amazon.com.br","Crédito Mastercard e outros","Vendedor","","","","0","0","0","0","0","0","0","-6,75","0","-6,75"
"9 de fev. de 2026 09:35:37 GMT-8","25710584371","Serviços de Envio","701-6122740-5300200","","Estorno do frete pago pelo comprador","","Amazon.com.br","Crédito Mastercard e outros","Vendedor","","","","0","0","0","0","0","0","0","0","0","0"
"9 de fev. de 2026 09:35:38 GMT-8","25710584371","Serviços de Envio","701-4701764-3912210","","Tarifa de manuseio com base no peso Delivery by Amazon","","Amazon.com.br","Crédito Mastercard e outros","Vendedor","","","","0","0","0","0","0","0","0","-6,75","0","-6,75"
"9 de fev. de 2026 09:35:38 GMT-8","25710584371","Serviços de Envio","701-4701764-3912210","","Estorno do frete pago pelo comprador","","Amazon.com.br","Crédito Mastercard e outros","Vendedor","","","","0","0","0","0","0","0","0","0","0","0"
"9 de fev. de 2026 09:35:43 GMT-8","25710584371","Serviços de Envio","701-1028235-6743446","","Tarifa de manuseio com base no peso Delivery by Amazon","","Amazon.com.br","Crédito Mastercard e outros","Vendedor","","","","0","0","0","0","0","0","0","-6,75","0","-6,75"
"9 de fev. de 2026 09:35:43 GMT-8","25710584371","Serviços de Envio","701-1028235-6743446","","Estorno do frete pago pelo comprador","","Amazon.com.br","Crédito Mastercard e outros","Vendedor","","","","0","0","0","0","0","0","0","0","0","0"
"9 de fev. de 2026 09:35:43 GMT-8","25710584371","Serviços de Envio","701-9109972-1607441","","Tarifa de manuseio com base no peso Delivery by Amazon","","Amazon.com.br","Crédito Mastercard e outros","Vendedor","","","","0","0","0","0","0","0","0","-6,75","0","-6,75"
"9 de fev. de 2026 09:35:43 GMT-8","25710584371","Serviços de Envio","701-9109972-1607441","","Estorno do frete pago pelo comprador","","Amazon.com.br","Crédito Mastercard e outros","Vendedor","","","","0","0","0","0","0","0","0","0","0","0"
"9 de fev. de 2026 09:35:47 GMT-8","25710584371","Serviços de Envio","702-5643458-6287416","","Tarifa de manuseio com base no peso Delivery by Amazon","","Amazon.com.br","Crédito Mastercard e outros","Vendedor","","","","0","0","0","0","0","0","0","-6,75","0","-6,75"
"9 de fev. de 2026 09:35:47 GMT-8","25710584371","Serviços de Envio","702-5643458-6287416","","Estorno do frete pago pelo comprador","","Amazon.com.br","Crédito Mastercard e outros","Vendedor","","","","0","0","0","0","0","0","0","0","0","0"
"9 de fev. de 2026 09:35:48 GMT-8","25710584371","Serviços de Envio","702-6492514-1054644","","Tarifa de manuseio com base no peso Delivery by Amazon","","Amazon.com.br","Crédito Mastercard e outros","Vendedor","","","","0","0","0","0","0","0","0","-6,75","0","-6,75"
"9 de fev. de 2026 09:35:48 GMT-8","25710584371","Serviços de Envio","702-6492514-1054644","","Estorno do frete pago pelo comprador","","Amazon.com.br","Crédito Mastercard e outros","Vendedor","","","","0","0","0","0","0","0","0","0","0","0"
"9 de fev. de 2026 09:35:48 GMT-8","25710584371","Serviços de Envio","701-0296977-1614630","","Tarifa de manuseio com base no peso Delivery by Amazon","","Amazon.com.br","Crédito Mastercard e outros","Vendedor","","","","0","0","0","0","0","0","0","-17,95","0","-17,95"
"9 de fev. de 2026 09:35:48 GMT-8","25710584371","Serviços de Envio","701-0296977-1614630","","Estorno do frete pago pelo comprador","","Amazon.com.br","Crédito Mastercard e outros","Vendedor","","","","0","0","0","0","0","0","0","0","0","0"
"9 de fev. de 2026 09:35:57 GMT-8","25710584371","Serviços de Envio","701-6283718-6324239","","Tarifa de manuseio com base no peso Delivery by Amazon","","Amazon.com.br","Crédito Mastercard e outros","Vendedor","","","","0","0","0","0","0","0","0","-6,75","0","-6,75"
"9 de fev. de 2026 09:35:57 GMT-8","25710584371","Serviços de Envio","701-6283718-6324239","","Estorno do frete pago pelo comprador","","Amazon.com.br","Crédito Mastercard e outros","Vendedor","","","","0","0","0","0","0","0","0","0","0","0"
"9 de fev. de 2026 09:35:57 GMT-8","25710584371","Serviços de Envio","701-4799113-4377846","","Tarifa de manuseio com base no peso Delivery by Amazon","","Amazon.com.br","Crédito Mastercard e outros","Vendedor","","","","0","0","0","0","0","0","0","-6,75","0","-6,75"
"9 de fev. de 2026 09:35:57 GMT-8","25710584371","Serviços de Envio","701-4799113-4377846","","Estorno do frete pago pelo comprador","","Amazon.com.br","Crédito Mastercard e outros","Vendedor","","","","0","0","0","0","0","0","0","0","0","0"
"9 de fev. de 2026 09:35:57 GMT-8","25710584371","Serviços de Envio","701-0799040-3981842","","Tarifa de manuseio com base no peso Delivery by Amazon","","Amazon.com.br","Crédito Mastercard e outros","Vendedor","","","","0","0","0","0","0","0","0","-6,75","0","-6,75"
"9 de fev. de 2026 09:35:57 GMT-8","25710584371","Serviços de Envio","701-0799040-3981842","","Estorno do frete pago pelo comprador","","Amazon.com.br","Crédito Mastercard e outros","Vendedor","","","","0","0","0","0","0","0","0","0","0","0"
"9 de fev. de 2026 09:35:57 GMT-8","25710584371","Serviços de Envio","702-3850325-4555427","","Tarifa de manuseio com base no peso Delivery by Amazon","","Amazon.com.br","Crédito Mastercard e outros","Vendedor","","","","0","0","0","0","0","0","0","-6,75","0","-6,75"
"9 de fev. de 2026 09:35:57 GMT-8","25710584371","Serviços de Envio","702-3850325-4555427","","Estorno do frete pago pelo comprador","","Amazon.com.br","Crédito Mastercard e outros","Vendedor","","","","0","0","0","0","0","0","0","0","0","0"
"9 de fev. de 2026 09:36:01 GMT-8","25710584371","Serviços de Envio","701-2563219-3271426","","Tarifa de manuseio com base no peso Delivery by Amazon","","Amazon.com.br","Crédito Mastercard e outros","Vendedor","","","","0","0","0","0","0","0","0","-6,75","0","-6,75"
"9 de fev. de 2026 09:36:01 GMT-8","25710584371","Serviços de Envio","701-2563219-3271426","","Estorno do frete pago pelo comprador","","Amazon.com.br","Crédito Mastercard e outros","Vendedor","","","","0","0","0","0","0","0","0","0","0","0"
"9 de fev. de 2026 09:36:02 GMT-8","25710584371","Serviços de Envio","702-2019171-8457001","","Tarifa de manuseio com base no peso Delivery by Amazon","","Amazon.com.br","Crédito Mastercard e outros","Vendedor","","","","0","0","0","0","0","0","0","-6,75","0","-6,75"
"9 de fev. de 2026 09:36:02 GMT-8","25710584371","Serviços de Envio","702-2019171-8457001","","Estorno do frete pago pelo comprador","","Amazon.com.br","Crédito Mastercard e outros","Vendedor","","","","0","0","0","0","0","0","0","0","0","0"
"9 de fev. de 2026 09:36:11 GMT-8","25710584371","Serviços de Envio","701-0031966-5406622","","Tarifa de manuseio com base no peso Delivery by Amazon","","Amazon.com.br","Crédito Mastercard e outros","Vendedor","","","","0","0","0","0","0","0","0","-6,75","0","-6,75"
"9 de fev. de 2026 09:36:11 GMT-8","25710584371","Serviços de Envio","701-0031966-5406622","","Estorno do frete pago pelo comprador","","Amazon.com.br","Crédito Mastercard e outros","Vendedor","","","","0","0","0","0","0","0","0","0","0","0"
"9 de fev. de 2026 09:36:15 GMT-8","25710584371","Serviços de Envio","701-9249649-6224227","","Tarifa de manuseio com base no peso Delivery by Amazon","","Amazon.com.br","Crédito Mastercard e outros","Vendedor","","","","0","0","0","0","0","0","0","-6,75","0","-6,75"
"9 de fev. de 2026 09:36:15 GMT-8","25710584371","Serviços de Envio","701-9249649-6224227","","Estorno do frete pago pelo comprador","","Amazon.com.br","Crédito Mastercard e outros","Vendedor","","","","0","0","0","0","0","0","0","0","0","0"
"9 de fev. de 2026 09:36:21 GMT-8","25710584371","Serviços de Envio","702-8569107-1098619","","Tarifa de manuseio com base no peso Delivery by Amazon","","Amazon.com.br","Crédito Mastercard e outros","Vendedor","","","","0","0","0","0","0","0","0","-6,75","0","-6,75"
"9 de fev. de 2026 09:36:21 GMT-8","25710584371","Serviços de Envio","702-8569107-1098619","","Estorno do frete pago pelo comprador","","Amazon.com.br","Crédito Mastercard e outros","Vendedor","","","","0","0","0","0","0","0","0","0","0","0"
"9 de fev. de 2026 09:36:24 GMT-8","25710584371","Serviços de Envio","701-0569572-5452205","","Tarifa de manuseio com base no peso Delivery by Amazon","","Amazon.com.br","Crédito Mastercard e outros","Vendedor","","","","0","0","0","0","0","0","0","-6,75","0","-6,75"
"9 de fev. de 2026 09:36:24 GMT-8","25710584371","Serviços de Envio","701-0569572-5452205","","Estorno do frete pago pelo comprador","","Amazon.com.br","Crédito Mastercard e outros","Vendedor","","","","0","0","0","0","0","0","0","0","0","0"
"9 de fev. de 2026 09:36:29 GMT-8","25710584371","Serviços de Envio","702-9100021-6633843","","Tarifa de manuseio com base no peso Delivery by Amazon","","Amazon.com.br","Crédito Mastercard e outros","Vendedor","","","","0","0","0","0","0","0","0","-6,75","0","-6,75"
"9 de fev. de 2026 09:36:29 GMT-8","25710584371","Serviços de Envio","702-9100021-6633843","","Estorno do frete pago pelo comprador","","Amazon.com.br","Crédito Mastercard e outros","Vendedor","","","","0","0","0","0","0","0","0","0","0","0"
"9 de fev. de 2026 14:13:44 GMT-8","25713189541","Pedido","702-8787430-1197858","MQ-STXD-11EM","Planner Premium 2026 - Planejamento Anual com Roda da Vida A5, Gestão Financeira, Organização Pessoal, Metas e Saúde, Capa Dura Laminada, Agenda S","1","amazon.com.br","Crédito Mastercard e outros","Vendedor","Rio do sul","SC","89163","68,90","0","0","0","0","-8,96","0","0","0","59,94"
"9 de fev. de 2026 14:19:59 GMT-8","25713189541","Pedido","702-4379331-7871442","YL-NANJ-F7TC","Caderno Preto 20x20cm - Scrapbook Álbum De Fotos Preto 20 Folhas / 40 Páginas - Gramatura 200, Folhas Grossas","1","amazon.com.br","Crédito Mastercard e outros","Amazon","Sobral","CE","62033","68,90","8,90","0","-8,90","0","-8,27","0","0","0","60,63"
"9 de fev. de 2026 15:24:26 GMT-8","25712956981","Pedido","702-8660500-2049804","0Q-EK6Z-SV84","Planner 2026 Floral - Planejamento Anual com Roda da Vida A5, Gestão Financeira, Organização Pessoal, Metas e Saúde, Capa Dura Laminada, Agenda Se","1","amazon.com.br","Visa Crédito","Vendedor","Campo Grande","MS","79036","78,90","22,02","0","0","0","-10,26","0","0","0","90,66"
"9 de fev. de 2026 22:57:59 GMT-8","25713189541","Pedido","702-2996818-1340268","BT-HCTV-ZOJY","Planner 2026 Napolitano - Planejamento Anual com Roda da Vida A5, Gestão Financeira, Organização Pessoal, Metas e Saúde, Capa Dura Laminada, Agend","1","amazon.com.br","Crédito Mastercard e outros","Vendedor","Arraial do Cabo","RJ","28930","78,90","0","0","0","0","-10,26","0","0","0","68,64"
"9 de fev. de 2026 23:21:48 GMT-8","25713189541","Pedido","701-9424903-1660238","LF-OUR3-ZUIX","Planner Financeiro Mensal Datado 2026, Roda Da Vida A5 -Planejamento anual, Organização pessoal Metas e objetivos, Gestão financeira Monitoramento","1","amazon.com.br","Crédito Mastercard e outros","Vendedor","Palhoça","SC","88139","78,90","0","0","0","0","-10,26","0","0","0","68,64"
"10 de fev. de 2026 02:17:53 GMT-8","25712956981","Pedido","702-4473662-0561061","19-ZM79-H2VA","Agenda Escolar Infantil 2026 - A5 100 Folhas - 15x21cm - Capa Dura","1","amazon.com.br","Visa Crédito","Vendedor","Rio de Janeiro","RJ","20910","55,90","0","0","0","0","-7,27","0","0","0","48,63"
"10 de fev. de 2026 03:46:21 GMT-8","25712956981","Pedido","701-4999589-3254602","0Q-EK6Z-SV84","Planner 2026 Floral - Planejamento Anual com Roda da Vida A5, Gestão Financeira, Organização Pessoal, Metas e Saúde, Capa Dura Laminada, Agenda Se","1","amazon.com.br","Visa Crédito","Vendedor","Montes Claros","MG","39401","78,90","0","0","0","0","-10,26","0","0","0","68,64"
"10 de fev. de 2026 05:05:00 GMT-8","25713189541","Pedido","702-7630873-2561830","RU-9EXZ-G6IE","Sketchbook Profissional 20x20cm Espiral 180g - Caderno Artístico para Desenho e Aquarela","1","amazon.com.br","Crédito Mastercard e outros","Amazon","Rio de Janeiro","RJ","20240","45,90","8,90","0","-8,90","0","-5,51","0","0","0","40,39"
"10 de fev. de 2026 05:11:42 GMT-8","25712535711","Pedido","701-0588679-8311457","0Q-EK6Z-SV84","Planner 2026 Floral - Planejamento Anual com Roda da Vida A5, Gestão Financeira, Organização Pessoal, Metas e Saúde, Capa Dura Laminada, Agenda Se","1","amazon.com.br","Boleto","Vendedor","Serrinha","BA","48700","78,90","22,02","0","0","0","-10,26","0","0","0","90,66"
"10 de fev. de 2026 05:18:44 GMT-8","25712956981","Pedido","702-7153557-3041061","DV-9MDQ-YD9E","Scrapbook Álbum De Fotos Preto 20 Folhas / 40 Páginas","1","amazon.com.br","Visa Crédito","Amazon","Fortaleza","CE","60420","55,90","0","0","0","0","-6,71","-5,00","0","0","44,19"
"10 de fev. de 2026 05:39:22 GMT-8","25712698581","Pedido","702-1981721-5447443","92-CTAN-4AJQ","Caderno Scrapbook - 20 Folhas - Livro De Assinatura Folhas Pretas 20x19 Álbum De Fotos Scrapbook Preto 40 Páginas - 20x19","1","amazon.com.br","Elo","Amazon","Manaus","AM","69060","78,90","0","0","0","0","-9,47","0","0","0","69,43"
"10 de fev. de 2026 05:50:34 GMT-8","25712956981","Pedido","701-2593223-0492205","DV-9MDQ-YD9E","Scrapbook Álbum De Fotos Preto 20 Folhas / 40 Páginas","1","amazon.com.br","Visa Crédito","Amazon","Manaus","AM","69037","55,90","0","0","0","0","-6,71","0","0","0","49,19"
"10 de fev. de 2026 05:58:16 GMT-8","25712535711","Reembolso","701-0157399-3701032","YL-NANJ-F7TC","Caderno Preto 20x20cm - Scrapbook Álbum De Fotos Preto 20 Folhas / 40 Páginas - Gramatura 200, Folhas Grossas","1","amazon.com.br","Boleto","Amazon","Manaus","AM","69057","-68,90","0","0","0","0","6,62","0","0","0","-62,28"
"10 de fev. de 2026 06:04:30 GMT-8","25713189541","Pedido","701-0181778-5067440","VQ-0TZ7-QK96","Planner 2026 - Floresça que inspira leveza e organização!","1","amazon.com.br","Crédito Mastercard e outros","Vendedor","Aracaju","SE","49037","78,90","22,57","0","0","0","-10,26","0","0","0","91,21"
"10 de fev. de 2026 06:39:43 GMT-8","25712535711","Pedido","702-0253529-0955403","RA-KICF-0Q47","Caderno Preto 20x20cm - Scrapbook Álbum De Fotos Preto 20 Folhas / 40 Páginas - Gramatura 200, Folhas Grossas","1","amazon.com.br","Boleto","Vendedor","Criciúma","SC","88809","58,90","0","0","0","0","-7,07","0","0","0","51,83"
"10 de fev. de 2026 06:53:52 GMT-8","25713189541","Pedido","701-9214069-0649059","2M-II9L-1YU1","Caderno A5 SEM PAUTA, 21x14cm, 80 Folhas, 90G","2","amazon.com.br","Crédito Mastercard e outros","Amazon","Fortaleza","CE","60841","57,80","0","0","0","0","-7,52","0","0","0","50,28"
"10 de fev. de 2026 06:55:05 GMT-8","25712956981","Pedido","702-6429887-8941026","MQ-STXD-11EM","Planner Premium 2026 - Planejamento Anual com Roda da Vida A5, Gestão Financeira, Organização Pessoal, Metas e Saúde, Capa Dura Laminada, Agenda S","1","amazon.com.br","Visa Crédito","Vendedor","Salvador","BA","41810","68,90","21,80","0","0","0","-8,96","0","0","0","81,74"
"10 de fev. de 2026 07:07:30 GMT-8","25713189541","Pedido","701-3001555-8835458","NW-TYGM-27NA","Diário Sagrado: Divina Lectio e Vida de Oração (Sabedoria Sagrada)","1","amazon.com.br","Crédito Mastercard e outros","Vendedor","Angra dos Reis","RJ","23933","59,90","0","0","0","0","-7,79","0","0","0","52,11"
"10 de fev. de 2026 07:15:38 GMT-8","25712956981","Pedido","701-9083296-0094614","DV-9MDQ-YD9E","Scrapbook Álbum De Fotos Preto 20 Folhas / 40 Páginas","1","amazon.com.br","Visa Crédito","Amazon","Manaus","AM","69060","55,90","0","0","0","0","-6,71","0","0","0","49,19"
"10 de fev. de 2026 07:31:02 GMT-8","25712535711","Reembolso","702-9251393-9988248","Q5-ZAFB-NUEF","Planner 2026 - Respire, floresça, torne-se - um planner para sua melhor versão!","1","amazon.com.br","Boleto","Amazon","Maquiné","RS","95530","-78,90","-8,90","0","8,90","0","8,21","0","0","0","-70,69"
"10 de fev. de 2026 07:39:47 GMT-8","25713189541","Pedido","702-5255292-3467437","UN-GE1Q-635D","Planner 2026 - Life Capa Dura com Controle Financeiro e Roda da Vida (Capa 01)","1","amazon.com.br","Crédito Mastercard e outros","Vendedor","São Paulo","SP","01315","78,90","0","0","0","0","-10,26","0","0","0","68,64"
"10 de fev. de 2026 07:41:10 GMT-8","25713189541","Pedido","702-6548339-8883451","19-ZM79-H2VA","Agenda Escolar Infantil 2026 - A5 100 Folhas - 15x21cm - Capa Dura","1","amazon.com.br","Crédito Mastercard e outros","Vendedor","São Paulo","SP","05055","55,90","0","0","0","0","-7,27","0","0","0","48,63"
"10 de fev. de 2026 08:59:31 GMT-8","25712698581","Transferir","","","Conta bancária com final: 192","","","Elo","","","","","0","0","0","0","0","0","0","0","-51,83","-51,83"
"10 de fev. de 2026 08:59:32 GMT-8","25712956981","Transferir","","","Conta bancária com final: 192","","","Visa Crédito","","","","","0","0","0","0","0","0","0","0","-393,12","-393,12"
"10 de fev. de 2026 08:59:33 GMT-8","25713189541","Transferir","","","Conta bancária com final: 192","","","Crédito Mastercard e outros","","","","","0","0","0","0","0","0","0","0","-914,30","-914,30"
"10 de fev. de 2026 09:34:20 GMT-8","25713189541","Serviços de Envio","701-5539769-2042663","","Tarifa de manuseio com base no peso Delivery by Amazon","","Amazon.com.br","Crédito Mastercard e outros","Vendedor","","","","0","0","0","0","0","0","0","-6,75","0","-6,75"
"10 de fev. de 2026 09:34:20 GMT-8","25713189541","Serviços de Envio","701-5539769-2042663","","Estorno do frete pago pelo comprador","","Amazon.com.br","Crédito Mastercard e outros","Vendedor","","","","0","0","0","0","0","0","0","0","0","0"
"10 de fev. de 2026 09:34:24 GMT-8","25713189541","Serviços de Envio","701-4844519-1445068","","Tarifa de manuseio com base no peso Delivery by Amazon","","Amazon.com.br","Crédito Mastercard e outros","Vendedor","","","","0","0","0","0","0","0","0","-6,75","0","-6,75"
"10 de fev. de 2026 09:34:24 GMT-8","25713189541","Serviços de Envio","701-4844519-1445068","","Estorno do frete pago pelo comprador","","Amazon.com.br","Crédito Mastercard e outros","Vendedor","","","","0","0","0","0","0","0","0","0","0","0"
"10 de fev. de 2026 09:34:33 GMT-8","25713189541","Serviços de Envio","701-4972013-2856253","","Tarifa de manuseio com base no peso Delivery by Amazon","","Amazon.com.br","Crédito Mastercard e outros","Vendedor","","","","0","0","0","0","0","0","0","-6,75","0","-6,75"
"10 de fev. de 2026 09:34:33 GMT-8","25713189541","Serviços de Envio","701-4972013-2856253","","Estorno do frete pago pelo comprador","","Amazon.com.br","Crédito Mastercard e outros","Vendedor","","","","0","0","0","0","0","0","0","0","0","0"
"10 de fev. de 2026 09:34:37 GMT-8","25713189541","Serviços de Envio","702-9291873-7348227","","Tarifa de manuseio com base no peso Delivery by Amazon","","Amazon.com.br","Crédito Mastercard e outros","Vendedor","","","","0","0","0","0","0","0","0","-6,75","0","-6,75"
"10 de fev. de 2026 09:34:37 GMT-8","25713189541","Serviços de Envio","702-9291873-7348227","","Estorno do frete pago pelo comprador","","Amazon.com.br","Crédito Mastercard e outros","Vendedor","","","","0","0","0","0","0","0","0","0","0","0"
"10 de fev. de 2026 09:34:37 GMT-8","25713189541","Serviços de Envio","702-0216839-1657839","","Tarifa de manuseio com base no peso Delivery by Amazon","","Amazon.com.br","Crédito Mastercard e outros","Vendedor","","","","0","0","0","0","0","0","0","-6,75","0","-6,75"
"10 de fev. de 2026 09:34:37 GMT-8","25713189541","Serviços de Envio","702-0216839-1657839","","Estorno do frete pago pelo comprador","","Amazon.com.br","Crédito Mastercard e outros","Vendedor","","","","0","0","0","0","0","0","0","0","0","0"
"10 de fev. de 2026 09:34:42 GMT-8","25713189541","Serviços de Envio","701-3498269-3787401","","Tarifa de manuseio com base no peso Delivery by Amazon","","Amazon.com.br","Crédito Mastercard e outros","Vendedor","","","","0","0","0","0","0","0","0","-6,75","0","-6,75"
"10 de fev. de 2026 09:34:42 GMT-8","25713189541","Serviços de Envio","701-3498269-3787401","","Estorno do frete pago pelo comprador","","Amazon.com.br","Crédito Mastercard e outros","Vendedor","","","","0","0","0","0","0","0","0","0","0","0"
"10 de fev. de 2026 09:34:46 GMT-8","25713189541","Serviços de Envio","702-8022487-5986601","","Tarifa de manuseio com base no peso Delivery by Amazon","","Amazon.com.br","Crédito Mastercard e outros","Vendedor","","","","0","0","0","0","0","0","0","-6,75","0","-6,75"
"10 de fev. de 2026 09:34:46 GMT-8","25713189541","Serviços de Envio","702-8022487-5986601","","Estorno do frete pago pelo comprador","","Amazon.com.br","Crédito Mastercard e outros","Vendedor","","","","0","0","0","0","0","0","0","0","0","0"
"10 de fev. de 2026 09:34:46 GMT-8","25713189541","Serviços de Envio","701-2956193-6433815","","Tarifa de manuseio com base no peso Delivery by Amazon","","Amazon.com.br","Crédito Mastercard e outros","Vendedor","","","","0","0","0","0","0","0","0","-6,75","0","-6,75"
"10 de fev. de 2026 09:34:46 GMT-8","25713189541","Serviços de Envio","701-2956193-6433815","","Estorno do frete pago pelo comprador","","Amazon.com.br","Crédito Mastercard e outros","Vendedor","","","","0","0","0","0","0","0","0","0","0","0"
"10 de fev. de 2026 09:34:56 GMT-8","25713189541","Serviços de Envio","701-2425640-9963451","","Tarifa de manuseio com base no peso Delivery by Amazon","","Amazon.com.br","Crédito Mastercard e outros","Vendedor","","","","0","0","0","0","0","0","0","-6,75","0","-6,75"
"10 de fev. de 2026 09:34:56 GMT-8","25713189541","Serviços de Envio","701-2425640-9963451","","Estorno do frete pago pelo comprador","","Amazon.com.br","Crédito Mastercard e outros","Vendedor","","","","0","0","0","0","0","0","0","0","0","0"
"10 de fev. de 2026 09:35:01 GMT-8","25713189541","Serviços de Envio","702-0647034-3076236","","Tarifa de manuseio com base no peso Delivery by Amazon","","Amazon.com.br","Crédito Mastercard e outros","Vendedor","","","","0","0","0","0","0","0","0","-6,75","0","-6,75"
"10 de fev. de 2026 09:35:01 GMT-8","25713189541","Serviços de Envio","702-0647034-3076236","","Estorno do frete pago pelo comprador","","Amazon.com.br","Crédito Mastercard e outros","Vendedor","","","","0","0","0","0","0","0","0","0","0","0"
"10 de fev. de 2026 09:35:02 GMT-8","25713189541","Serviços de Envio","701-6718455-3270665","","Tarifa de manuseio com base no peso Delivery by Amazon","","Amazon.com.br","Crédito Mastercard e outros","Vendedor","","","","0","0","0","0","0","0","0","-15,00","0","-15,00"
"10 de fev. de 2026 09:35:02 GMT-8","25713189541","Serviços de Envio","701-6718455-3270665","","Estorno do frete pago pelo comprador","","Amazon.com.br","Crédito Mastercard e outros","Vendedor","","","","0","0","0","0","0","0","0","0","0","0"
"10 de fev. de 2026 09:35:05 GMT-8","25713189541","Serviços de Envio","702-6518887-3501868","","Tarifa de manuseio com base no peso Delivery by Amazon","","Amazon.com.br","Crédito Mastercard e outros","Vendedor","","","","0","0","0","0","0","0","0","-6,75","0","-6,75"
"10 de fev. de 2026 09:35:05 GMT-8","25713189541","Serviços de Envio","702-6518887-3501868","","Estorno do frete pago pelo comprador","","Amazon.com.br","Crédito Mastercard e outros","Vendedor","","","","0","0","0","0","0","0","0","0","0","0"
"10 de fev. de 2026 09:35:10 GMT-8","25713189541","Serviços de Envio","701-2574831-0149051","","Tarifa de manuseio com base no peso Delivery by Amazon","","Amazon.com.br","Crédito Mastercard e outros","Vendedor","","","","0","0","0","0","0","0","0","-6,75","0","-6,75"
"10 de fev. de 2026 09:35:10 GMT-8","25713189541","Serviços de Envio","701-2574831-0149051","","Estorno do frete pago pelo comprador","","Amazon.com.br","Crédito Mastercard e outros","Vendedor","","","","0","0","0","0","0","0","0","0","0","0"
"10 de fev. de 2026 09:35:11 GMT-8","25713189541","Serviços de Envio","701-2360583-8236237","","Tarifa de manuseio com base no peso Delivery by Amazon","","Amazon.com.br","Crédito Mastercard e outros","Vendedor","","","","0","0","0","0","0","0","0","-6,75","0","-6,75"
"10 de fev. de 2026 09:35:11 GMT-8","25713189541","Serviços de Envio","701-2360583-8236237","","Estorno do frete pago pelo comprador","","Amazon.com.br","Crédito Mastercard e outros","Vendedor","","","","0","0","0","0","0","0","0","0","0","0"
"10 de fev. de 2026 09:35:11 GMT-8","25713189541","Serviços de Envio","702-1481725-1378623","","Tarifa de manuseio com base no peso Delivery by Amazon","","Amazon.com.br","Crédito Mastercard e outros","Vendedor","","","","0","0","0","0","0","0","0","-6,75","0","-6,75"
"10 de fev. de 2026 09:35:11 GMT-8","25713189541","Serviços de Envio","702-1481725-1378623","","Estorno do frete pago pelo comprador","","Amazon.com.br","Crédito Mastercard e outros","Vendedor","","","","0","0","0","0","0","0","0","0","0","0"
"10 de fev. de 2026 09:35:15 GMT-8","25713189541","Serviços de Envio","702-8733163-7745865","","Tarifa de manuseio com base no peso Delivery by Amazon","","Amazon.com.br","Crédito Mastercard e outros","Vendedor","","","","0","0","0","0","0","0","0","-6,75","0","-6,75"
"10 de fev. de 2026 09:35:15 GMT-8","25713189541","Serviços de Envio","702-8733163-7745865","","Estorno do frete pago pelo comprador","","Amazon.com.br","Crédito Mastercard e outros","Vendedor","","","","0","0","0","0","0","0","0","0","0","0"
"10 de fev. de 2026 11:17:30 GMT-8","25713189541","Ajuste","702-9251393-9988248","Q5-ZAFB-NUEF","Reembolso de Estoque FBA - Devolução do cliente","1","","Crédito Mastercard e outros","","","","","0","0","0","0","0","0","0","0","63,64","63,64"
"10 de fev. de 2026 12:14:15 GMT-8","25712956981","Pedido","701-5369454-4388245","HJ-GKXE-8FVO","Agenda 2026 Cristã 1 Dia por Folha com Versículos Bíblicos 2026","1","amazon.com.br","Visa Crédito","Amazon","Serra","ES","29164","49,90","4,45","0","-4,45","0","-6,49","0","0","0","43,41"
"10 de fev. de 2026 17:13:20 GMT-8","25712535711","Pedido","701-0773066-1302668","MQ-STXD-11EM","Planner Premium 2026 - Planejamento Anual com Roda da Vida A5, Gestão Financeira, Organização Pessoal, Metas e Saúde, Capa Dura Laminada, Agenda S","1","amazon.com.br","Boleto","Vendedor","NOVA PONTE","MINAS GERAIS","38160","68,90","0","0","0","0","-8,96","0","0","0","59,94"
"10 de fev. de 2026 22:32:13 GMT-8","25712956981","Pedido","701-6759401-4714605","4B-CHF0-UKO8","Album fotografico scrapbook - Coleção Corações (Vermelho)","1","amazon.com.br","Visa Crédito","Amazon","Brasília","DF","70345","68,90","0","0","0","0","-8,96","-5,00","0","0","54,94"
"10 de fev. de 2026 23:04:25 GMT-8","25712535711","Pedido","702-9921010-7317007","KC-60PW-7A3A","Agenda para Creche Escolar Infantil - Modelos Encantadores para Meninos e Meninas (Safari Baby)","1","amazon.com.br","Boleto","Vendedor","Cotia","SP","06700","59,90","0","0","0","0","-7,79","0","0","0","52,11"
"11 de fev. de 2026 00:56:46 GMT-8","25712535711","Pedido","702-6755985-7681831","IU-ZG7V-2UN9","Agenda para Creche Escolar Infantil - Modelos Encantadores para Meninos e Meninas (Esportes)","1","amazon.com.br","Boleto","Vendedor","Cotia","SP","06700","59,90","0","0","0","0","-7,79","0","0","0","52,11"
"11 de fev. de 2026 02:17:49 GMT-8","25713189541","Pedido","702-4920730-9313061","MY-P05M-MBEP","Caderno Quadriculado 1x1cm, Capa dura, diversas capas, 80 folhas, 24x15cm","1","amazon.com.br","Crédito Mastercard e outros","Vendedor","Pinhalão","PR","84925","38,90","0","0","0","0","-5,06","0","0","0","33,84"
"11 de fev. de 2026 03:09:16 GMT-8","25712956981","Pedido","701-8150268-5068208","MQ-STXD-11EM","Planner Premium 2026 - Planejamento Anual com Roda da Vida A5, Gestão Financeira, Organização Pessoal, Metas e Saúde, Capa Dura Laminada, Agenda S","1","amazon.com.br","Visa Crédito","Vendedor","Contagem","MG","32145","68,90","0","0","0","0","-8,96","0","0","0","59,94"
"11 de fev. de 2026 03:41:34 GMT-8","25713189541","Pedido","702-4593575-5114654","AF-36TU-YYL7","Diário Lectio Divina - Método lectio divina, biblia lectio divina, divina lectio, divino lectio, lectio divina ave maria, (Pureza Divina)","1","amazon.com.br","Crédito Mastercard e outros","Vendedor","Maringá","Paraná","87015","59,90","0","0","0","0","-7,79","0","0","0","52,11"
"11 de fev. de 2026 04:32:14 GMT-8","25713189541","Pedido","702-0005231-9353866","IY-THHM-0DRE","Agenda Escolar Infantil","1","amazon.com.br","Crédito Mastercard e outros","Vendedor","Rio de Janeiro","RJ","22775","55,90","0","0","0","0","-7,27","0","0","0","48,63"
"11 de fev. de 2026 04:33:19 GMT-8","25713189541","Pedido","702-0721326-1859410","MY-P05M-MBEP","Caderno Quadriculado 1x1cm, Capa dura, diversas capas, 80 folhas, 24x15cm","1","amazon.com.br","Crédito Mastercard e outros","Vendedor","São Paulo","SP","05448","38,90","0","0","0","0","-5,06","0","0","0","33,84"
"11 de fev. de 2026 04:38:55 GMT-8","25713189541","Pedido","701-2745092-6806633","HW-ZS7Q-OW17","Agenda para Creche Escolar Infantil - Modelos Encantadores para Meninos e Meninas (Girafa Rosa)","1","amazon.com.br","Crédito Mastercard e outros","Vendedor","Uberaba","MG","38055","59,90","0","0","0","0","-7,79","0","0","0","52,11"
"11 de fev. de 2026 04:43:12 GMT-8","25713189541","Pedido","702-4170509-4711432","NV-SRB6-JF1U","Agenda Escolar Cosmos 2026 - Calendario, provas, agendamento, recados, estudos do aluno, acompanhamento dos pais","1","amazon.com.br","Crédito Mastercard e outros","Vendedor","Belo Horizonte","MG","30330","59,90","0","0","0","0","-7,79","0","0","0","52,11"
"11 de fev. de 2026 05:19:58 GMT-8","25712535711","Pedido","702-6167780-4093036","DV-9MDQ-YD9E","Scrapbook Álbum De Fotos Preto 20 Folhas / 40 Páginas","1","amazon.com.br","Boleto","Amazon","Criciúma","SC","88813","55,90","8,90","0","0","0","-6,71","-13,90","0","0","44,19"
"11 de fev. de 2026 05:38:44 GMT-8","25712535711","Pedido","701-3537770-4733062","RW-FUR9-X25R","Planner 2026 - Respire, floresça, torne-se - um planner para sua melhor versão!","1","amazon.com.br","Boleto","Vendedor","Belo Horizonte","Minas Gerais","31550","78,90","0","0","0","0","-10,26","0","0","0","68,64"
"11 de fev. de 2026 05:40:56 GMT-8","25713189541","Pedido","702-5066746-7012260","RA-KICF-0Q47","Caderno Preto 20x20cm - Scrapbook Álbum De Fotos Preto 20 Folhas / 40 Páginas - Gramatura 200, Folhas Grossas","1","amazon.com.br","Crédito Mastercard e outros","Vendedor","São Paulo","SP","01532","58,90","0","0","0","0","-7,07","0","0","0","51,83"
"11 de fev. de 2026 05:44:43 GMT-8","25712535711","Reembolso","702-9963288-6930629","MQ-STXD-11EM","Planner Premium 2026 - Planejamento Anual com Roda da Vida A5, Gestão Financeira, Organização Pessoal, Metas e Saúde, Capa Dura Laminada, Agenda S","1","amazon.com.br","Boleto","Vendedor","Itaboraí","RJ","24858","-68,90","0","0","0","0","7,17","0","0","0","-61,73"
"11 de fev. de 2026 05:46:00 GMT-8","25712956981","Pedido","702-3780660-4106666","RA-KICF-0Q47","Caderno Preto 20x20cm - Scrapbook Álbum De Fotos Preto 20 Folhas / 40 Páginas - Gramatura 200, Folhas Grossas","2","amazon.com.br","Visa Crédito","Vendedor","Belo Horizonte","MG","30320","117,80","0","0","0","0","-14,14","0","0","0","103,66"
"11 de fev. de 2026 06:01:26 GMT-8","25713189541","Pedido","701-9503082-8085060","CA-0096","Caderno De Anotações - 200 Pag - Coleção Picknick - Pautado (Creme)","1","amazon.com.br","Crédito Mastercard e outros","Amazon","Brasília","DF","72145","29,90","0","0","0","0","-3,89","-5,00","0","0","21,01"
"11 de fev. de 2026 06:45:16 GMT-8","25712535711","Pedido","701-0266713-1454644","19-ZM79-H2VA","Agenda Escolar Infantil 2026 - A5 100 Folhas - 15x21cm - Capa Dura","1","amazon.com.br","Boleto","Vendedor","São Gonçalo","RJ","24450","55,90","0","0","0","0","-7,27","0","0","0","48,63"
"11 de fev. de 2026 06:46:51 GMT-8","25712956981","Pedido","701-7075037-1260234","2M-II9L-1YU1","Caderno A5 SEM PAUTA, 21x14cm, 80 Folhas, 90G","2","amazon.com.br","Visa Crédito","Amazon","brasilia","df","71515","57,80","0","0","0","0","-7,52","-10,00","0","0","40,28"
"11 de fev. de 2026 06:53:30 GMT-8","25713189541","Pedido","701-2321452-1649068","LM-X13E-R24T","Diario Lectio Divina Hoje - Método Lectio Divina (Sabedoria Sagrada)","1","amazon.com.br","Crédito Mastercard e outros","Vendedor","Uberlandia","Mg","38410","59,90","0","0","0","0","-7,79","0","0","0","52,11"
"11 de fev. de 2026 07:07:50 GMT-8","25712956981","Pedido","701-0710135-8394635","0Q-EK6Z-SV84","Planner 2026 Floral - Planejamento Anual com Roda da Vida A5, Gestão Financeira, Organização Pessoal, Metas e Saúde, Capa Dura Laminada, Agenda Se","1","amazon.com.br","Visa Crédito","Vendedor","Fortaleza","Ceará","60140","78,90","22,02","0","0","0","-10,26","0","0","0","90,66"
"11 de fev. de 2026 07:09:46 GMT-8","25712535711","Pedido","702-4603736-5977823","HJ-GKXE-8FVO","Agenda 2026 Cristã 1 Dia por Folha com Versículos Bíblicos 2026","1","amazon.com.br","Boleto","Amazon","São Bernardo do Campo","SP","09840","49,90","0","0","0","0","-6,49","-5,00","0","0","38,41"
"11 de fev. de 2026 07:12:07 GMT-8","25713189541","Pedido","702-7337157-2961862","CA-0096","Caderno De Anotações - 200 Pag - Coleção Picknick - Pautado (Creme)","1","amazon.com.br","Crédito Mastercard e outros","Amazon","Piracicaba","Sp","13421","29,90","0","0","0","0","-3,89","-5,00","0","0","21,01"
"11 de fev. de 2026 07:15:28 GMT-8","25713189541","Pedido","701-6673128-6865068","KC-60PW-7A3A","Agenda para Creche Escolar Infantil - Modelos Encantadores para Meninos e Meninas (Safari Baby)","1","amazon.com.br","Crédito Mastercard e outros","Vendedor","Recife","PE","51170","59,90","21,35","0","0","0","-7,79","0","0","0","73,46"
"11 de fev. de 2026 07:27:48 GMT-8","25713189541","Pedido","702-4322828-0753008","0Q-EK6Z-SV84","Planner 2026 Floral - Planejamento Anual com Roda da Vida A5, Gestão Financeira, Organização Pessoal, Metas e Saúde, Capa Dura Laminada, Agenda Se","1","amazon.com.br","Crédito Mastercard e outros","Vendedor","São Paulo","SP","02341","78,90","0","0","0","0","-10,26","0","0","0","68,64"
"11 de fev. de 2026 07:37:16 GMT-8","25713189541","Pedido","702-7697540-8164203","19-ZM79-H2VA","Agenda Escolar Infantil 2026 - A5 100 Folhas - 15x21cm - Capa Dura","1","amazon.com.br","Crédito Mastercard e outros","Vendedor","Uberlândia","MG","38412","55,90","0","0","0","0","-7,27","0","0","0","48,63"
"11 de fev. de 2026 07:39:22 GMT-8","25712535711","Pedido","701-2665052-3260242","AA-2SEI-HBU9","Planner 2026 - Delicado por fora, poderoso por dentro - organize-se com encanto!","1","amazon.com.br","Boleto","Vendedor","Ubatuba","SP","11687","78,90","0","0","0","0","-10,26","0","0","0","68,64"
"11 de fev. de 2026 08:29:59 GMT-8","25712698581","Pedido","701-6179564-6837021","3P-CSLO-TMK3","Agenda Escolar Infantil - Calendario 2026, Acompanhamento de provas, Dados do aluno, Recados, ensino fundamental, estudos","1","amazon.com.br","Elo","Vendedor","Recife","PE","52021","59,90","21,53","0","0","0","-7,79","0","0","0","73,64"
"11 de fev. de 2026 11:03:05 GMT-8","25713189541","Serviços de Envio","702-8327370-5790618","","Tarifa de manuseio com base no peso Delivery by Amazon","","Amazon.com.br","Crédito Mastercard e outros","Vendedor","","","","0","0","0","0","0","0","0","-6,75","0","-6,75"
"11 de fev. de 2026 11:03:05 GMT-8","25713189541","Serviços de Envio","702-8327370-5790618","","Estorno do frete pago pelo comprador","","Amazon.com.br","Crédito Mastercard e outros","Vendedor","","","","0","0","0","0","0","0","0","0","0","0"
"11 de fev. de 2026 11:03:28 GMT-8","25713189541","Serviços de Envio","702-4897294-7752262","","Tarifa de manuseio com base no peso Delivery by Amazon","","Amazon.com.br","Crédito Mastercard e outros","Vendedor","","","","0","0","0","0","0","0","0","-6,75","0","-6,75"
"11 de fev. de 2026 11:03:28 GMT-8","25713189541","Serviços de Envio","702-4897294-7752262","","Estorno do frete pago pelo comprador","","Amazon.com.br","Crédito Mastercard e outros","Vendedor","","","","0","0","0","0","0","0","0","0","0","0"
"11 de fev. de 2026 11:03:28 GMT-8","25713189541","Serviços de Envio","701-9771500-6465843","","Tarifa de manuseio com base no peso Delivery by Amazon","","Amazon.com.br","Crédito Mastercard e outros","Vendedor","","","","0","0","0","0","0","0","0","-20,25","0","-20,25"
"11 de fev. de 2026 11:03:28 GMT-8","25713189541","Serviços de Envio","701-9771500-6465843","","Estorno do frete pago pelo comprador","","Amazon.com.br","Crédito Mastercard e outros","Vendedor","","","","0","0","0","0","0","0","0","0","0","0"
"11 de fev. de 2026 11:03:29 GMT-8","25713189541","Serviços de Envio","702-1482821-7754645","","Tarifa de manuseio com base no peso Delivery by Amazon","","Amazon.com.br","Crédito Mastercard e outros","Vendedor","","","","0","0","0","0","0","0","0","-6,75","0","-6,75"
"11 de fev. de 2026 11:03:29 GMT-8","25713189541","Serviços de Envio","702-1482821-7754645","","Estorno do frete pago pelo comprador","","Amazon.com.br","Crédito Mastercard e outros","Vendedor","","","","0","0","0","0","0","0","0","0","0","0"
"11 de fev. de 2026 11:03:38 GMT-8","25713189541","Serviços de Envio","701-7584555-7851400","","Tarifa de manuseio com base no peso Delivery by Amazon","","Amazon.com.br","Crédito Mastercard e outros","Vendedor","","","","0","0","0","0","0","0","0","-6,75","0","-6,75"
"11 de fev. de 2026 11:03:38 GMT-8","25713189541","Serviços de Envio","701-7584555-7851400","","Estorno do frete pago pelo comprador","","Amazon.com.br","Crédito Mastercard e outros","Vendedor","","","","0","0","0","0","0","0","0","0","0","0"
"11 de fev. de 2026 11:03:39 GMT-8","25713189541","Serviços de Envio","701-7188878-3423440","","Tarifa de manuseio com base no peso Delivery by Amazon","","Amazon.com.br","Crédito Mastercard e outros","Vendedor","","","","0","0","0","0","0","0","0","-6,75","0","-6,75"
"11 de fev. de 2026 11:03:39 GMT-8","25713189541","Serviços de Envio","701-7188878-3423440","","Estorno do frete pago pelo comprador","","Amazon.com.br","Crédito Mastercard e outros","Vendedor","","","","0","0","0","0","0","0","0","0","0","0"
"11 de fev. de 2026 11:03:43 GMT-8","25713189541","Serviços de Envio","701-3392023-9004241","","Tarifa de manuseio com base no peso Delivery by Amazon","","Amazon.com.br","Crédito Mastercard e outros","Vendedor","","","","0","0","0","0","0","0","0","-6,75","0","-6,75"
"11 de fev. de 2026 11:03:43 GMT-8","25713189541","Serviços de Envio","701-3392023-9004241","","Estorno do frete pago pelo comprador","","Amazon.com.br","Crédito Mastercard e outros","Vendedor","","","","0","0","0","0","0","0","0","0","0","0"
"11 de fev. de 2026 11:03:43 GMT-8","25713189541","Serviços de Envio","702-3408148-3874654","","Tarifa de manuseio com base no peso Delivery by Amazon","","Amazon.com.br","Crédito Mastercard e outros","Vendedor","","","","0","0","0","0","0","0","0","-6,75","0","-6,75"
"11 de fev. de 2026 11:03:43 GMT-8","25713189541","Serviços de Envio","702-3408148-3874654","","Estorno do frete pago pelo comprador","","Amazon.com.br","Crédito Mastercard e outros","Vendedor","","","","0","0","0","0","0","0","0","0","0","0"
"11 de fev. de 2026 11:03:57 GMT-8","25713189541","Serviços de Envio","702-3080253-2087414","","Tarifa de manuseio com base no peso Delivery by Amazon","","Amazon.com.br","Crédito Mastercard e outros","Vendedor","","","","0","0","0","0","0","0","0","-6,75","0","-6,75"
"11 de fev. de 2026 11:03:57 GMT-8","25713189541","Serviços de Envio","702-3080253-2087414","","Estorno do frete pago pelo comprador","","Amazon.com.br","Crédito Mastercard e outros","Vendedor","","","","0","0","0","0","0","0","0","0","0","0"
"11 de fev. de 2026 11:04:07 GMT-8","25713189541","Serviços de Envio","702-5910242-4290655","","Tarifa de manuseio com base no peso Delivery by Amazon","","Amazon.com.br","Crédito Mastercard e outros","Vendedor","","","","0","0","0","0","0","0","0","-6,75","0","-6,75"
"11 de fev. de 2026 11:04:07 GMT-8","25713189541","Serviços de Envio","702-5910242-4290655","","Estorno do frete pago pelo comprador","","Amazon.com.br","Crédito Mastercard e outros","Vendedor","","","","0","0","0","0","0","0","0","0","0","0"
"11 de fev. de 2026 12:26:59 GMT-8","25713189541","Pedido","701-3163034-7280223","DV-9MDQ-YD9E","Scrapbook Álbum De Fotos Preto 20 Folhas / 40 Páginas","1","amazon.com.br","Crédito Mastercard e outros","Amazon","São Paulo","SP","04747","55,90","0","0","0","0","-6,71","-5,00","0","0","44,19"
"11 de fev. de 2026 14:17:57 GMT-8","25712535711","Pedido","701-3125384-4912254","CA-0096","Caderno De Anotações - 200 Pag - Coleção Picknick - Pautado (Creme)","1","amazon.com.br","Boleto","Amazon","Hortolândia","SP","13185","29,90","0","0","0","0","-3,89","-5,00","0","0","21,01"
"11 de fev. de 2026 14:39:32 GMT-8","25712535711","Transferir","","","Conta bancária com final: 192","","","Boleto","","","","","0","0","0","0","0","0","0","0","-1.909,57","-1.909,57"
"11 de fev. de 2026 14:45:01 GMT-8","25712956981","Reembolso","702-3926395-2896248","FC-4UI1-425Z","Caderno Scrapbook - 20 Folhas - Livro De Assinatura Folhas Pretas 20x19 Álbum De Fotos Scrapbook Preto 40 Páginas - 20x19","1","amazon.com.br","Visa Crédito","Vendedor","Rio de Janeiro","RJ","22231","-72,90","0","0","0","0","7,00","0","0","0","-65,90"
"11 de fev. de 2026 17:35:48 GMT-8","25713189541","Pedido","702-1205955-7817802","RA-KICF-0Q47","Caderno Preto 20x20cm - Scrapbook Álbum De Fotos Preto 20 Folhas / 40 Páginas - Gramatura 200, Folhas Grossas","1","amazon.com.br","Crédito Mastercard e outros","Vendedor","Niterói","RJ","24210","58,90","0","0","0","0","-7,07","0","0","0","51,83"
"11 de fev. de 2026 22:17:19 GMT-8","25712535711","Reembolso","702-5588398-6808211","MQ-STXD-11EM","Planner Premium 2026 - Planejamento Anual com Roda da Vida A5, Gestão Financeira, Organização Pessoal, Metas e Saúde, Capa Dura Laminada, Agenda S","1","amazon.com.br","Boleto","Vendedor","Braganca Paulist","Sao Paulo","12926","-68,90","0","0","0","0","7,17","0","0","0","-61,73"
"11 de fev. de 2026 22:20:28 GMT-8","25713189541","Pedido","701-7919793-5543404","CP-003","Planner Do Professor - Caderno Para Planejamento Escolar - Educação Infantil (Capa 3)","1","amazon.com.br","Crédito Mastercard e outros","Vendedor","Belo Horizonte","MG","30160","68,90","0","0","0","0","-8,96","0","0","0","59,94"
"11 de fev. de 2026 22:55:19 GMT-8","25713189541","Pedido","701-9897734-2193837","14-02SK-RART","Caderno De Anotações - 200 Pag - Flores Naturais","1","amazon.com.br","Crédito Mastercard e outros","Amazon","Amorinópolis","Go","76140","49,90","1,57","0","-1,57","0","-6,49","0","0","0","43,41"
"11 de fev. de 2026 23:49:00 GMT-8","25712535711","Pedido","702-6053985-6810645","AA-2SEI-HBU9","Planner 2026 - Delicado por fora, poderoso por dentro - organize-se com encanto!","1","amazon.com.br","Boleto","Vendedor","Rio de Janeiro","RJ","21940","78,90","0","0","0","0","-10,26","0","0","0","68,64"
"12 de fev. de 2026 00:16:21 GMT-8","25712535711","Pedido","702-2264789-1469856","RA-KICF-0Q47","Caderno Preto 20x20cm - Scrapbook Álbum De Fotos Preto 20 Folhas / 40 Páginas - Gramatura 200, Folhas Grossas","1","amazon.com.br","Boleto","Vendedor","São Bernardo do Campo","SP","09850","58,90","0","0","0","0","-7,07","0","0","0","51,83"
"12 de fev. de 2026 01:09:32 GMT-8","25712956981","Pedido","702-4629611-1335441","0Q-EK6Z-SV84","Planner 2026 Floral - Planejamento Anual com Roda da Vida A5, Gestão Financeira, Organização Pessoal, Metas e Saúde, Capa Dura Laminada, Agenda Se","1","amazon.com.br","Visa Crédito","Vendedor","São Paulo","SP","01456","78,90","0","0","0","0","-10,26","0","0","0","68,64"
"12 de fev. de 2026 01:58:09 GMT-8","25713189541","Pedido","702-4249506-3969857","VQ-0TZ7-QK96","Planner 2026 - Floresça que inspira leveza e organização!","1","amazon.com.br","Crédito Mastercard e outros","Vendedor","Tenente  Portela","Rio Grande do Sul","98500","78,90","0","0","0","0","-10,26","0","0","0","68,64"
"12 de fev. de 2026 02:11:46 GMT-8","25712956981","Pedido","701-6115321-6345048","RA-KICF-0Q47","Caderno Preto 20x20cm - Scrapbook Álbum De Fotos Preto 20 Folhas / 40 Páginas - Gramatura 200, Folhas Grossas","1","amazon.com.br","Visa Crédito","Vendedor","Niterói","rj","24030","58,90","0","0","0","0","-7,07","0","0","0","51,83"
"12 de fev. de 2026 03:01:33 GMT-8","25713189541","Pedido","701-7485387-5253840","MQ-STXD-11EM","Planner Premium 2026 - Planejamento Anual com Roda da Vida A5, Gestão Financeira, Organização Pessoal, Metas e Saúde, Capa Dura Laminada, Agenda S","1","amazon.com.br","Crédito Mastercard e outros","Vendedor","Niterói","RJ","24370","68,90","0","0","0","0","-8,96","0","0","0","59,94"
"12 de fev. de 2026 03:18:38 GMT-8","25713189541","Pedido","702-6715206-8998607","YL-NANJ-F7TC","Caderno Preto 20x20cm - Scrapbook Álbum De Fotos Preto 20 Folhas / 40 Páginas - Gramatura 200, Folhas Grossas","1","amazon.com.br","Crédito Mastercard e outros","Amazon","Goiânia","GO","74370","68,90","0","0","0","0","-8,27","-5,00","0","0","55,63"
"12 de fev. de 2026 03:43:18 GMT-8","25713189541","Pedido","702-7408730-7445025","MQ-STXD-11EM","Planner Premium 2026 - Planejamento Anual com Roda da Vida A5, Gestão Financeira, Organização Pessoal, Metas e Saúde, Capa Dura Laminada, Agenda S","1","amazon.com.br","Crédito Mastercard e outros","Vendedor","Pouso Alegre","MG","37555","68,90","0","0","0","0","-8,96","0","0","0","59,94"
"12 de fev. de 2026 03:44:16 GMT-8","25713189541","Pedido","701-4437523-8993009","RW-FUR9-X25R","Planner 2026 - Respire, floresça, torne-se - um planner para sua melhor versão!","1","amazon.com.br","Crédito Mastercard e outros","Vendedor","Rio de Janeiro","RJ","20780","78,90","0","0","0","0","-10,26","0","0","0","68,64"
"12 de fev. de 2026 04:21:46 GMT-8","25713189541","Pedido","702-8943548-4214659","E4-ZVNN-1PDP","Agenda Psicologia Floral 2026 | Capa Delicada e Funcional | Ideal para Psicólogas","1","amazon.com.br","Crédito Mastercard e outros","Vendedor","Ourinhos","São Paulo","19914","78,90","0","0","0","0","-10,26","0","0","0","68,64"
"12 de fev. de 2026 04:28:26 GMT-8","25713189541","Pedido","702-3003594-7321060","19-ZM79-H2VA","Agenda Escolar Infantil 2026 - A5 100 Folhas - 15x21cm - Capa Dura","1","amazon.com.br","Crédito Mastercard e outros","Vendedor","São José","SC","88115","55,90","0","0","0","0","-7,27","0","0","0","48,63"
"12 de fev. de 2026 04:47:36 GMT-8","25713189541","Pedido","701-8327304-6558645","DV-9MDQ-YD9E","Scrapbook Álbum De Fotos Preto 20 Folhas / 40 Páginas","1","amazon.com.br","Crédito Mastercard e outros","Amazon","Uberlândia","MG","38400","55,90","0","0","0","0","-6,71","-5,00","0","0","44,19"
"12 de fev. de 2026 05:11:24 GMT-8","25712535711","Pedido","701-4926230-2605802","RA-KICF-0Q47","Caderno Preto 20x20cm - Scrapbook Álbum De Fotos Preto 20 Folhas / 40 Páginas - Gramatura 200, Folhas Grossas","1","amazon.com.br","Boleto","Vendedor","Curitiba","Parana","81070","58,90","0","0","0","0","-7,07","0","0","0","51,83"
"12 de fev. de 2026 05:19:05 GMT-8","25713189541","Pedido","702-8223852-7531413","VQ-0TZ7-QK96","Planner 2026 - Floresça que inspira leveza e organização!","1","amazon.com.br","Crédito Mastercard e outros","Vendedor","PARNAMIRIM","RIO GRANDE DO NORTE","59155","78,90","22,57","0","0","0","-10,26","0","0","0","91,21"
"12 de fev. de 2026 05:35:57 GMT-8","25712956981","Pedido","701-7706816-9597868","MQ-STXD-11EM","Planner Premium 2026 - Planejamento Anual com Roda da Vida A5, Gestão Financeira, Organização Pessoal, Metas e Saúde, Capa Dura Laminada, Agenda S","1","amazon.com.br","Visa Crédito","Vendedor","Brasília","DF","70680","68,90","0","0","0","0","-8,96","0","0","0","59,94"
"12 de fev. de 2026 05:41:50 GMT-8","25713189541","Pedido","702-3664573-3482618","Z3-YP72-HI4V","Caderno Van Gogh A5 - Arte e Inspiração em Cada Página! (Amendoeira em Flor)","1","amazon.com.br","Crédito Mastercard e outros","Vendedor","Belo Horizonte","MG","30180","78,90","0","0","0","0","-10,26","0","0","0","68,64"
"12 de fev. de 2026 05:43:29 GMT-8","25712535711","Pedido","702-6991677-1830602","H4-SB8E-4QAA","Agenda Escolar Menina Loira 2026","1","amazon.com.br","Boleto","Vendedor","Rio de Janeiro","Rio de Janeiro","22775","59,90","0","0","0","0","-7,79","0","0","0","52,11"
"12 de fev. de 2026 05:52:48 GMT-8","25712956981","Pedido","702-1865444-7211453","92-CTAN-4AJQ","Caderno Scrapbook - 20 Folhas - Livro De Assinatura Folhas Pretas 20x19 Álbum De Fotos Scrapbook Preto 40 Páginas - 20x19","1","amazon.com.br","Visa Crédito","Amazon","recife","pernambuco","51020","78,90","0","0","0","0","-9,47","-5,00","0","0","64,43"
"12 de fev. de 2026 05:55:47 GMT-8","25712535711","Pedido","701-4898626-2423416","RA-KICF-0Q47","Caderno Preto 20x20cm - Scrapbook Álbum De Fotos Preto 20 Folhas / 40 Páginas - Gramatura 200, Folhas Grossas","1","amazon.com.br","Boleto","Vendedor","São Luís","Maranhão","65068","58,90","21,08","0","0","0","-7,07","0","0","0","72,91"
"12 de fev. de 2026 06:02:39 GMT-8","25713189541","Pedido","702-9223659-8471452","3P-CSLO-TMK3","Agenda Escolar Infantil - Calendario 2026, Acompanhamento de provas, Dados do aluno, Recados, ensino fundamental, estudos","1","amazon.com.br","Crédito Mastercard e outros","Vendedor","São José","SC","88107","59,90","0","0","0","0","-7,79","0","0","0","52,11"
"12 de fev. de 2026 06:36:33 GMT-8","25711263921","Transferir","","","Conta bancária com final: 192","","","Amex","","","","","0","0","0","0","0","0","0","0","-136,32","-136,32"
"12 de fev. de 2026 06:36:33 GMT-8","25713189541","Transferir","","","Conta bancária com final: 192","","","Crédito Mastercard e outros","","","","","0","0","0","0","0","0","0","0","-3.529,97","-3.529,97"
"12 de fev. de 2026 06:36:34 GMT-8","25712698581","Transferir","","","Conta bancária com final: 192","","","Elo","","","","","0","0","0","0","0","0","0","0","-49,94","-49,94"
"12 de fev. de 2026 06:36:34 GMT-8","25712956981","Transferir","","","Conta bancária com final: 192","","","Visa Crédito","","","","","0","0","0","0","0","0","0","0","-2.738,41","-2.738,41"
"12 de fev. de 2026 06:38:07 GMT-8","25712535711","Pedido","701-2042380-7189811","RA-KICF-0Q47","Caderno Preto 20x20cm - Scrapbook Álbum De Fotos Preto 20 Folhas / 40 Páginas - Gramatura 200, Folhas Grossas","1","amazon.com.br","Boleto","Vendedor","Uberlândia","MG","38408","58,90","0","0","0","0","-7,07","0","0","0","51,83"
"12 de fev. de 2026 06:42:01 GMT-8","25712535711","Pedido","702-6043421-6879457","RA-KICF-0Q47","Caderno Preto 20x20cm - Scrapbook Álbum De Fotos Preto 20 Folhas / 40 Páginas - Gramatura 200, Folhas Grossas","2","amazon.com.br","Boleto","Vendedor","São Paulo","São Paulo","04101","117,80","0","0","0","0","-14,14","0","0","0","103,66"
"12 de fev. de 2026 06:46:18 GMT-8","25713189541","Pedido","701-4309492-8061821","DV-9MDQ-YD9E","Scrapbook Álbum De Fotos Preto 20 Folhas / 40 Páginas","1","amazon.com.br","Crédito Mastercard e outros","Amazon","Arujá","SP","07438","55,90","8,90","0","-8,90","0","-6,71","-5,00","0","0","44,19"
"12 de fev. de 2026 07:29:46 GMT-8","25713189541","Pedido","701-9369442-6421004","A9-81RP-O347","Planner Financeiro Mensal 2026, Roda Da Vida A5 -Planejamento anual, Organização pessoal Metas e objetivos, Gestão financeira Monitoramento de saú","1","amazon.com.br","Crédito Mastercard e outros","Vendedor","sao luis","Maranhão","65058","68,92","21,53","0","0","0","-8,96","0","0","0","81,49"
"12 de fev. de 2026 07:37:09 GMT-8","25712956981","Pedido","702-8359002-4858668","NW-TYGM-27NA","Diário Sagrado: Divina Lectio e Vida de Oração (Sabedoria Sagrada)","1","amazon.com.br","Visa Crédito","Vendedor","São Leopoldo","RS","93025","59,90","0","0","0","0","-7,79","0","0","0","52,11"
"12 de fev. de 2026 07:50:41 GMT-8","25713189541","Pedido","701-7686928-1678609","2M-II9L-1YU1","Caderno A5 SEM PAUTA, 21x14cm, 80 Folhas, 90G","1","amazon.com.br","Crédito Mastercard e outros","Amazon","Brasília","DF","70673","28,90","0","0","0","0","-3,76","-5,00","0","0","20,14"
"12 de fev. de 2026 08:20:40 GMT-8","25712956981","Pedido","702-1461586-3524203","A9-81RP-O347","Planner Financeiro Mensal 2026, Roda Da Vida A5 -Planejamento anual, Organização pessoal Metas e objetivos, Gestão financeira Monitoramento de saú","1","amazon.com.br","Visa Crédito","Vendedor","Barueri","SP","06449","68,92","0","0","0","0","-8,96","0","0","0","59,96"
"12 de fev. de 2026 08:23:28 GMT-8","25713189541","Pedido","702-1668268-0145853","H4-SB8E-4QAA","Agenda Escolar Menina Loira 2026","1","amazon.com.br","Crédito Mastercard e outros","Vendedor","Campinas","SP","13054","59,90","0","0","0","0","-7,79","0","0","0","52,11"
"12 de fev. de 2026 08:59:45 GMT-8","25712535711","Pedido","702-5588398-6808211","MQ-STXD-11EM","Planner Premium 2026 - Planejamento Anual com Roda da Vida A5, Gestão Financeira, Organização Pessoal, Metas e Saúde, Capa Dura Laminada, Agenda S","1","amazon.com.br","Boleto","Vendedor","Braganca Paulist","Sao Paulo","12926","68,90","0","0","0","0","-8,96","0","0","0","59,94"
"12 de fev. de 2026 10:49:43 GMT-8","25713189541","Reembolso","702-7183051-4518639","AA-2SEI-HBU9","Planner 2026 - Delicado por fora, poderoso por dentro - organize-se com encanto!","1","amazon.com.br","Crédito Mastercard e outros","Vendedor","Brasília","DF","71200","-78,90","0","0","0","0","8,21","0","0","0","-70,69"
"12 de fev. de 2026 12:31:45 GMT-8","25713189541","Serviços de Envio","702-7855954-3815438","","Tarifa de manuseio com base no peso Delivery by Amazon","","Amazon.com.br","Crédito Mastercard e outros","Vendedor","","","","0","0","0","0","0","0","0","-6,75","0","-6,75"
"12 de fev. de 2026 12:31:45 GMT-8","25713189541","Serviços de Envio","702-7855954-3815438","","Estorno do frete pago pelo comprador","","Amazon.com.br","Crédito Mastercard e outros","Vendedor","","","","0","0","0","0","0","0","0","0","0","0"
"12 de fev. de 2026 12:33:02 GMT-8","25713189541","Serviços de Envio","702-3752891-8855463","","Tarifa de manuseio com base no peso Delivery by Amazon","","Amazon.com.br","Crédito Mastercard e outros","Vendedor","","","","0","0","0","0","0","0","0","-6,75","0","-6,75"
"12 de fev. de 2026 12:33:02 GMT-8","25713189541","Serviços de Envio","702-3752891-8855463","","Estorno do frete pago pelo comprador","","Amazon.com.br","Crédito Mastercard e outros","Vendedor","","","","0","0","0","0","0","0","0","-21,35","0","-21,35"
"12 de fev. de 2026 12:33:30 GMT-8","25713189541","Serviços de Envio","701-5685011-4027446","","Tarifa de manuseio com base no peso Delivery by Amazon","","Amazon.com.br","Crédito Mastercard e outros","Vendedor","","","","0","0","0","0","0","0","0","-13,50","0","-13,50"
"12 de fev. de 2026 12:33:30 GMT-8","25713189541","Serviços de Envio","701-5685011-4027446","","Estorno do frete pago pelo comprador","","Amazon.com.br","Crédito Mastercard e outros","Vendedor","","","","0","0","0","0","0","0","0","0","0","0"
"12 de fev. de 2026 13:16:12 GMT-8","25713189541","Serviços de Envio","702-5340906-6899451","","Tarifa de manuseio com base no peso Delivery by Amazon","","Amazon.com.br","Crédito Mastercard e outros","Vendedor","","","","0","0","0","0","0","0","0","-6,75","0","-6,75"
"12 de fev. de 2026 13:16:12 GMT-8","25713189541","Serviços de Envio","702-5340906-6899451","","Estorno do frete pago pelo comprador","","Amazon.com.br","Crédito Mastercard e outros","Vendedor","","","","0","0","0","0","0","0","0","0","0","0"
"12 de fev. de 2026 18:04:34 GMT-8","25712535711","Pedido","701-3534284-6037040","VQ-0TZ7-QK96","Planner 2026 - Floresça que inspira leveza e organização!","1","amazon.com.br","Boleto","Vendedor","Visconde do Rio Branco","MG","36520","78,90","0","0","0","0","-10,26","0","0","0","68,64"
"12 de fev. de 2026 18:58:49 GMT-8","25713189541","Pedido","701-6594777-0891429","0Q-EK6Z-SV84","Planner 2026 Floral - Planejamento Anual com Roda da Vida A5, Gestão Financeira, Organização Pessoal, Metas e Saúde, Capa Dura Laminada, Agenda Se","1","amazon.com.br","Crédito Mastercard e outros","Vendedor","Conceição do Jacuípe","BA","44245","78,90","22,02","0","0","0","-10,26","0","0","0","90,66"
"12 de fev. de 2026 21:49:17 GMT-8","25712956981","Pedido","701-7043459-5290645","RA-KICF-0Q47","Caderno Preto 20x20cm - Scrapbook Álbum De Fotos Preto 20 Folhas / 40 Páginas - Gramatura 200, Folhas Grossas","1","amazon.com.br","Visa Crédito","Vendedor","Rio de Janeiro","RIO DE JANEIRO","22793","58,90","0","0","0","0","-7,07","0","0","0","51,83"
"12 de fev. de 2026 22:48:27 GMT-8","25713189541","Pedido","702-1890913-0814636","RA-KICF-0Q47","Caderno Preto 20x20cm - Scrapbook Álbum De Fotos Preto 20 Folhas / 40 Páginas - Gramatura 200, Folhas Grossas","1","amazon.com.br","Crédito Mastercard e outros","Vendedor","Urussanga","SC","88840","58,90","0","0","0","0","-7,07","0","0","0","51,83"
"12 de fev. de 2026 23:29:03 GMT-8","25712535711","Pedido","701-8618906-6754638","MQ-STXD-11EM","Planner Premium 2026 - Planejamento Anual com Roda da Vida A5, Gestão Financeira, Organização Pessoal, Metas e Saúde, Capa Dura Laminada, Agenda S","1","amazon.com.br","Boleto","Vendedor","Fortaleza","CE","60810","68,90","21,80","0","0","0","-8,96","0","0","0","81,74"
"12 de fev. de 2026 23:53:06 GMT-8","25712535711","Pedido","702-9445004-0589028","NV-SRB6-JF1U","Agenda Escolar Cosmos 2026 - Calendario, provas, agendamento, recados, estudos do aluno, acompanhamento dos pais","1","amazon.com.br","Boleto","Vendedor","Barueri","SP","06412","59,90","0","0","0","0","-7,79","0","0","0","52,11"
"12 de fev. de 2026 23:54:59 GMT-8","25712956981","Pedido","701-7025815-9637833","0Q-EK6Z-SV84","Planner 2026 Floral - Planejamento Anual com Roda da Vida A5, Gestão Financeira, Organização Pessoal, Metas e Saúde, Capa Dura Laminada, Agenda Se","1","amazon.com.br","Visa Crédito","Vendedor","Magé","RJ","25911","78,90","0","0","0","0","-10,26","0","0","0","68,64"
"12 de fev. de 2026 23:56:40 GMT-8","25713189541","Pedido","701-0834798-7804214","RA-KICF-0Q47","Caderno Preto 20x20cm - Scrapbook Álbum De Fotos Preto 20 Folhas / 40 Páginas - Gramatura 200, Folhas Grossas","1","amazon.com.br","Crédito Mastercard e outros","Vendedor","Contagem","MG","32017","58,90","0","0","0","0","-7,07","0","0","0","51,83"
"13 de fev. de 2026 01:00:50 GMT-8","25712535711","Pedido","702-1859372-6087429","YL-NANJ-F7TC","Caderno Preto 20x20cm - Scrapbook Álbum De Fotos Preto 20 Folhas / 40 Páginas - Gramatura 200, Folhas Grossas","1","amazon.com.br","Boleto","Amazon","Goiânia","GO","74530","68,90","8,90","0","-8,90","0","-8,27","-5,00","0","0","55,63"
"13 de fev. de 2026 02:00:40 GMT-8","25712956981","Pedido","701-3723221-4681808","2A-5I22-RSYC","Agenda Escolar 2026 Menina - Calendario, provas, agendamento, recados, estudos do aluno, acompanhamento dos pais","1","amazon.com.br","Visa Crédito","Vendedor","Vila Velha","Espírito Santo","29122","59,90","0","0","0","0","-7,79","0","0","0","52,11"
"13 de fev. de 2026 05:34:30 GMT-8","25741250401","Pedido","701-4121206-4073824","0Q-EK6Z-SV84","Planner 2026 Floral - Planejamento Anual com Roda da Vida A5, Gestão Financeira, Organização Pessoal, Metas e Saúde, Capa Dura Laminada, Agenda Se","1","amazon.com.br","Boleto","Vendedor","Mogi das Cruzes","SP","08717","59,90","0","0","0","0","-7,79","0","0","0","52,11"
"13 de fev. de 2026 05:54:51 GMT-8","25740681401","Pedido","702-4307343-4345069","DV-9MDQ-YD9E","Scrapbook Álbum De Fotos Preto 20 Folhas / 40 Páginas","1","amazon.com.br","Crédito Mastercard e outros","Amazon","Manaus","AM","69093","55,90","0","0","0","0","-6,71","-5,00","0","0","44,19"
"13 de fev. de 2026 05:56:14 GMT-8","25740681401","Pedido","702-8469221-3968248","TJ-SCMS-M9TV","Agenda Para Psicologo 2026 | Design Minimalista | Organize Seus Atendimentos com Estilo","1","amazon.com.br","Crédito Mastercard e outros","Vendedor","Uberlândia","MG","38405","78,90","0","0","0","0","-10,26","0","0","0","68,64"
"13 de fev. de 2026 06:03:22 GMT-8","25741102081","Pedido","701-7152700-3557855","BT-HCTV-ZOJY","Planner 2026 Napolitano - Planejamento Anual com Roda da Vida A5, Gestão Financeira, Organização Pessoal, Metas e Saúde, Capa Dura Laminada, Agend","1","amazon.com.br","Visa Crédito","Vendedor","Atibaia","São Paulo","12947","78,90","0","0","0","0","-10,26","0","0","0","68,64"
"13 de fev. de 2026 07:03:43 GMT-8","25740681401","Pedido","701-4808780-9357841","ZX-SGSY-F93V","Scrapbook Kraft 20x20: Crie Seu Álbum Artesanal Único","1","amazon.com.br","Crédito Mastercard e outros","Vendedor","Mogi das Cruzes","SP","08780","74,90","0","0","0","0","-8,99","0","0","0","65,91"
"13 de fev. de 2026 07:29:41 GMT-8","25741102081","Pedido","702-3069300-5230645","WC-0G0K-5CCC","Planner Financeiro Mensal Datado 2026, Roda Da Vida A5 -Planejamento anual, Organização pessoal Metas e objetivos, Gestão financeira Monitoramento","1","amazon.com.br","Visa Crédito","Vendedor","Mossoró","RN","59607","75,90","21,57","0","0","0","-9,87","0","0","0","87,60"
"13 de fev. de 2026 07:43:43 GMT-8","25741250401","Pedido","702-4638718-3577044","BT-HCTV-ZOJY","Planner 2026 Napolitano - Planejamento Anual com Roda da Vida A5, Gestão Financeira, Organização Pessoal, Metas e Saúde, Capa Dura Laminada, Agend","1","amazon.com.br","Boleto","Vendedor","São Paulo","SP","02837","59,90","0","0","0","0","-7,79","0","0","0","52,11"
"13 de fev. de 2026 07:50:29 GMT-8","25741250401","Pedido","702-2290928-6273042","19-ZM79-H2VA","Agenda Escolar Infantil 2026 - A5 100 Folhas - 15x21cm - Capa Dura","1","amazon.com.br","Boleto","Vendedor","Maracanaú","Ceará","61905","55,90","21,47","0","0","0","-7,27","0","0","0","70,10"
"13 de fev. de 2026 07:51:44 GMT-8","25741250401","Pedido","701-9790411-3976211","3P-CSLO-TMK3","Agenda Escolar Infantil - Calendario 2026, Acompanhamento de provas, Dados do aluno, Recados, ensino fundamental, estudos","1","amazon.com.br","Boleto","Vendedor","Sumaré","SP","13175","59,90","0","0","0","0","-7,79","0","0","0","52,11"
"13 de fev. de 2026 08:43:36 GMT-8","25741102081","Pedido","702-8158984-3649816","3P-CSLO-TMK3","Agenda Escolar Infantil - Calendario 2026, Acompanhamento de provas, Dados do aluno, Recados, ensino fundamental, estudos","1","amazon.com.br","Visa Crédito","Vendedor","Cabo Frio","RJ","28915","59,90","0","0","0","0","-7,79","0","0","0","52,11"
"13 de fev. de 2026 09:10:59 GMT-8","25740681401","Pedido","702-2245456-7713026","YL-NANJ-F7TC","Caderno Preto 20x20cm - Scrapbook Álbum De Fotos Preto 20 Folhas / 40 Páginas - Gramatura 200, Folhas Grossas","1","amazon.com.br","Crédito Mastercard e outros","Amazon","Natal","RN","59032","68,90","0","0","0","0","-8,27","-5,00","0","0","55,63"
"13 de fev. de 2026 09:45:11 GMT-8","25741102081","Pedido","701-6792881-6485046","NV-SRB6-JF1U","Agenda Escolar Cosmos 2026 - Calendario, provas, agendamento, recados, estudos do aluno, acompanhamento dos pais","1","amazon.com.br","Visa Crédito","Vendedor","DOURADOS","MS","79830","59,90","21,53","0","0","0","-7,79","0","0","0","73,64"
"13 de fev. de 2026 11:25:59 GMT-8","25740681401","Serviços de Envio","702-5988288-4519450","","Tarifa de manuseio com base no peso Delivery by Amazon","","Amazon.com.br","Crédito Mastercard e outros","Vendedor","","","","0","0","0","0","0","0","0","-6,75","0","-6,75"
"13 de fev. de 2026 11:25:59 GMT-8","25740681401","Serviços de Envio","702-5988288-4519450","","Estorno do frete pago pelo comprador","","Amazon.com.br","Crédito Mastercard e outros","Vendedor","","","","0","0","0","0","0","0","0","0","0","0"
"13 de fev. de 2026 11:26:08 GMT-8","25740681401","Serviços de Envio","702-6753050-1323447","","Tarifa de manuseio com base no peso Delivery by Amazon","","Amazon.com.br","Crédito Mastercard e outros","Vendedor","","","","0","0","0","0","0","0","0","-6,75","0","-6,75"
"13 de fev. de 2026 11:26:08 GMT-8","25740681401","Serviços de Envio","702-6753050-1323447","","Estorno do frete pago pelo comprador","","Amazon.com.br","Crédito Mastercard e outros","Vendedor","","","","0","0","0","0","0","0","0","0","0","0"
"13 de fev. de 2026 11:26:12 GMT-8","25740681401","Serviços de Envio","702-3428618-3297817","","Tarifa de manuseio com base no peso Delivery by Amazon","","Amazon.com.br","Crédito Mastercard e outros","Vendedor","","","","0","0","0","0","0","0","0","-6,75","0","-6,75"
"13 de fev. de 2026 11:26:12 GMT-8","25740681401","Serviços de Envio","702-3428618-3297817","","Estorno do frete pago pelo comprador","","Amazon.com.br","Crédito Mastercard e outros","Vendedor","","","","0","0","0","0","0","0","0","0","0","0"
"13 de fev. de 2026 11:26:15 GMT-8","25740681401","Serviços de Envio","701-5846763-7627409","","Tarifa de manuseio com base no peso Delivery by Amazon","","Amazon.com.br","Crédito Mastercard e outros","Vendedor","","","","0","0","0","0","0","0","0","-6,75","0","-6,75"
"13 de fev. de 2026 11:26:15 GMT-8","25740681401","Serviços de Envio","701-5846763-7627409","","Estorno do frete pago pelo comprador","","Amazon.com.br","Crédito Mastercard e outros","Vendedor","","","","0","0","0","0","0","0","0","0","0","0"
"13 de fev. de 2026 14:00:59 GMT-8","25741250401","Pedido","702-2692410-8771418","HJ-GKXE-8FVO","Agenda 2026 Cristã 1 Dia por Folha com Versículos Bíblicos 2026","1","amazon.com.br","Boleto","Amazon","Pontes e Lacerda","MT","78250","49,90","8,90","0","-8,90","0","-6,49","0","0","0","43,41"
"13 de fev. de 2026 17:59:31 GMT-8","25741250401","Pedido","702-4610973-6654638","RA-KICF-0Q47","Caderno Preto 20x20cm - Scrapbook Álbum De Fotos Preto 20 Folhas / 40 Páginas - Gramatura 200, Folhas Grossas","1","amazon.com.br","Boleto","Vendedor","Maringá","PR","87023","58,90","0","0","0","0","-7,07","0","0","0","51,83"
"13 de fev. de 2026 19:50:22 GMT-8","25741102081","Pedido","701-3847056-8735460","DV-9MDQ-YD9E","Scrapbook Álbum De Fotos Preto 20 Folhas / 40 Páginas","1","amazon.com.br","Visa Crédito","Amazon","Manaus","AM","69037","55,90","0","0","0","0","-6,71","-5,00","0","0","44,19"
"13 de fev. de 2026 23:19:24 GMT-8","25740681401","Pedido","702-9757272-9778655","RA-KICF-0Q47","Caderno Preto 20x20cm - Scrapbook Álbum De Fotos Preto 20 Folhas / 40 Páginas - Gramatura 200, Folhas Grossas","1","amazon.com.br","Crédito Mastercard e outros","Vendedor","Brasília","DF","72425","58,90","0","0","0","0","-7,07","0","0","0","51,83"
"14 de fev. de 2026 00:04:53 GMT-8","25740681401","Pedido","701-5503908-3563405","IY-THHM-0DRE","Agenda Escolar Infantil","1","amazon.com.br","Crédito Mastercard e outros","Vendedor","Três Pontas","MG","37191","55,90","0","0","0","0","-7,27","0","0","0","48,63"
"14 de fev. de 2026 00:31:43 GMT-8","25740681401","Reembolso","702-1285537-7440247","6Q-LSB6-QV56","Agenda Escolar 2026 Menino - Calendario, provas, agendamento, recados, estudos do aluno, acompanhamento dos pais","1","amazon.com.br","Crédito Mastercard e outros","Vendedor","Taubaté","SP","12092","-59,90","0","0","0","0","6,23","0","0","0","-53,67"
"14 de fev. de 2026 00:57:48 GMT-8","25741102081","Pedido","702-1600173-1597860","YL-NANJ-F7TC","Caderno Preto 20x20cm - Scrapbook Álbum De Fotos Preto 20 Folhas / 40 Páginas - Gramatura 200, Folhas Grossas","1","amazon.com.br","Visa Crédito","Amazon","Fortaleza","CE","60176","68,90","0","0","0","0","-8,27","-5,00","0","0","55,63"
"14 de fev. de 2026 01:19:43 GMT-8","25741102081","Pedido","702-8134151-9728236","2Z-2GHF-Q08D","Caderno Devocional Leitura Diária Da Bíblia Entre Eu E Deus (Preto)","1","amazon.com.br","Visa Crédito","Amazon","Palmas","TO","77024","49,90","8,90","0","-8,90","0","-6,49","-5,00","0","0","38,41"
"14 de fev. de 2026 01:33:01 GMT-8","25741102081","Pedido","701-8577603-5049820","DV-9MDQ-YD9E","Scrapbook Álbum De Fotos Preto 20 Folhas / 40 Páginas","1","amazon.com.br","Visa Crédito","Amazon","Salvador","BA","41741","55,90","8,90","0","-8,90","0","-6,71","-5,00","0","0","44,19"
"14 de fev. de 2026 02:11:37 GMT-8","25740681401","Pedido","702-8648020-1005039","0Q-EK6Z-SV84","Planner 2026 Floral - Planejamento Anual com Roda da Vida A5, Gestão Financeira, Organização Pessoal, Metas e Saúde, Capa Dura Laminada, Agenda Se","1","amazon.com.br","Crédito Mastercard e outros","Vendedor","Erechim","RS","99711","78,90","0","0","0","0","-10,26","0","0","0","68,64"
"14 de fev. de 2026 02:33:49 GMT-8","25740681401","Pedido","701-9183463-7647423","CA-0096","Caderno De Anotações - 200 Pag - Coleção Picknick - Pautado (Creme)","1","amazon.com.br","Crédito Mastercard e outros","Amazon","Londrina","PR","86073","29,90","0","0","0","0","-3,89","-5,00","0","0","21,01"
"14 de fev. de 2026 02:41:07 GMT-8","25740681401","Pedido","701-2807417-3872253","VW-M9WL-7RY7","Caderno Scrapbook - Kraft - 20 Folhas - 20x20cm - Bege - Sem Pauta - Folhas Grossas - Album de Fotos - Album de fotos artesanal - Scrapbook colagem de","1","amazon.com.br","Crédito Mastercard e outros","Vendedor","FELIZ NATAL","MATO GROSSO","78885","58,90","21,35","0","0","0","-7,07","0","0","0","73,18"
"14 de fev. de 2026 02:47:59 GMT-8","25741102081","Pedido","702-4051885-1148211","DV-9MDQ-YD9E","Scrapbook Álbum De Fotos Preto 20 Folhas / 40 Páginas","1","amazon.com.br","Visa Crédito","Amazon","São Paulo","SP","03245","55,90","0","0","0","0","-6,71","-5,00","0","0","44,19"
"14 de fev. de 2026 02:59:14 GMT-8","25741250401","Pedido","702-4123937-8918618","DV-9MDQ-YD9E","Scrapbook Álbum De Fotos Preto 20 Folhas / 40 Páginas","1","amazon.com.br","Boleto","Amazon","Teresina","PI","64030","55,90","8,90","0","-8,90","0","-6,71","-5,00","0","0","44,19"
"14 de fev. de 2026 03:06:25 GMT-8","25741102081","Pedido","702-2959869-2002646","19-ZM79-H2VA","Agenda Escolar Infantil 2026 - A5 100 Folhas - 15x21cm - Capa Dura","1","amazon.com.br","Visa Crédito","Vendedor","Rio de Janeiro","RJ","22240","55,90","0","0","0","0","-7,27","0","0","0","48,63"
"14 de fev. de 2026 03:38:14 GMT-8","25740681401","Pedido","702-7309551-8125858","YL-NANJ-F7TC","Caderno Preto 20x20cm - Scrapbook Álbum De Fotos Preto 20 Folhas / 40 Páginas - Gramatura 200, Folhas Grossas","1","amazon.com.br","Crédito Mastercard e outros","Amazon","R. Amaro Mesquita 1676, Ed Mª Laura apt 102 Natal","Rio Grande do Norte","59056","68,90","0","0","0","0","-8,27","-5,00","0","0","55,63"
"14 de fev. de 2026 04:15:00 GMT-8","25741102081","Pedido","702-3560663-5429052","RA-KICF-0Q47","Caderno Preto 20x20cm - Scrapbook Álbum De Fotos Preto 20 Folhas / 40 Páginas - Gramatura 200, Folhas Grossas","1","amazon.com.br","Visa Crédito","Vendedor","São Paulo","SP","01409","58,90","0","0","0","0","-7,07","0","0","0","51,83"
"14 de fev. de 2026 04:30:43 GMT-8","25740681401","Pedido","702-2537571-1325854","RA-KICF-0Q47","Caderno Preto 20x20cm - Scrapbook Álbum De Fotos Preto 20 Folhas / 40 Páginas - Gramatura 200, Folhas Grossas","1","amazon.com.br","Crédito Mastercard e outros","Vendedor","Curitiba","PR","80010","58,90","0","0","0","0","-7,07","0","0","0","51,83"
"14 de fev. de 2026 04:35:13 GMT-8","25741102081","Pedido","701-2196504-0486659","NV-SRB6-JF1U","Agenda Escolar Cosmos 2026 - Calendario, provas, agendamento, recados, estudos do aluno, acompanhamento dos pais","1","amazon.com.br","Visa Crédito","Vendedor","Nova Lima","Minas Gerais","34006","59,90","0","0","0","0","-7,79","0","0","0","52,11"
"14 de fev. de 2026 04:40:37 GMT-8","25740681401","Pedido","702-2980252-8550649","2M-II9L-1YU1","Caderno A5 SEM PAUTA, 21x14cm, 80 Folhas, 90G","1","amazon.com.br","Crédito Mastercard e outros","Amazon","São Paulo","SP","03314","28,90","0","0","0","0","-3,76","-5,00","0","0","20,14"
"14 de fev. de 2026 04:45:43 GMT-8","25741102081","Pedido","702-1567954-2225038","4U-TSH2-UL6W","Scrapbook Personalizado Preto - 20 Folhas, 20x19cm, Capa Preta Fosca, Pelicula Protetora, Detalhes Dourados ou Prata (ouro ou prata) (Letras Ouro)","1","amazon.com.br","Visa Crédito","Vendedor","Carazinho","RS","99500","129,90","0","0","0","0","-17,54","0","0","0","112,36"
"14 de fev. de 2026 04:48:38 GMT-8","25740681401","Pedido","702-1075450-4017808","0Q-EK6Z-SV84","Planner 2026 Floral - Planejamento Anual com Roda da Vida A5, Gestão Financeira, Organização Pessoal, Metas e Saúde, Capa Dura Laminada, Agenda Se","1","amazon.com.br","Crédito Mastercard e outros","Vendedor","Belo Horizonte","MG","31015","59,90","0","0","0","0","-7,79","0","0","0","52,11"
"14 de fev. de 2026 05:01:44 GMT-8","25740681401","Pedido","702-9840018-8105008","2A-5I22-RSYC","Agenda Escolar 2026 Menina - Calendario, provas, agendamento, recados, estudos do aluno, acompanhamento dos pais","1","amazon.com.br","Crédito Mastercard e outros","Vendedor","Coronel Fabriciano","MG","35170","59,90","0","0","0","0","-7,79","0","0","0","52,11"
"14 de fev. de 2026 05:16:21 GMT-8","25740681401","Pedido","701-9204445-6061031","A9-81RP-O347","Planner Financeiro Mensal 2026, Roda Da Vida A5 -Planejamento anual, Organização pessoal Metas e objetivos, Gestão financeira Monitoramento de saú","1","amazon.com.br","Crédito Mastercard e outros","Vendedor","Uberaba","MG","38017","59,90","0","0","0","0","-7,79","0","0","0","52,11"
"14 de fev. de 2026 05:37:00 GMT-8","25740681401","Pedido","702-8458140-7213061","DV-9MDQ-YD9E","Scrapbook Álbum De Fotos Preto 20 Folhas / 40 Páginas","1","amazon.com.br","Crédito Mastercard e outros","Amazon","Curitiba","PR","80620","55,90","8,90","0","-8,90","0","-6,71","-5,00","0","0","44,19"
"14 de fev. de 2026 06:13:42 GMT-8","25741250401","Pedido","702-4339857-6593050","DV-9MDQ-YD9E","Scrapbook Álbum De Fotos Preto 20 Folhas / 40 Páginas","1","amazon.com.br","Boleto","Amazon","Macapá","Amapá","68908","55,90","8,90","0","-8,90","0","-6,71","-5,00","0","0","44,19"
"14 de fev. de 2026 06:22:00 GMT-8","25740681401","Pedido","701-1243614-3042629","VQ-0TZ7-QK96","Planner 2026 - Floresça que inspira leveza e organização!","1","amazon.com.br","Crédito Mastercard e outros","Vendedor","Cuiabá","MT","78075","78,90","22,57","0","0","0","-10,26","0","0","0","91,21"
"14 de fev. de 2026 06:34:22 GMT-8","25740681401","Pedido","702-1285537-7440247","6Q-LSB6-QV56","Agenda Escolar 2026 Menino - Calendario, provas, agendamento, recados, estudos do aluno, acompanhamento dos pais","1","amazon.com.br","Crédito Mastercard e outros","Vendedor","Taubaté","SP","12092","59,90","0","0","0","0","-7,79","0","0","0","52,11"
"14 de fev. de 2026 06:36:11 GMT-8","25741102081","Pedido","702-7038441-7852229","DV-9MDQ-YD9E","Scrapbook Álbum De Fotos Preto 20 Folhas / 40 Páginas","1","amazon.com.br","Visa Crédito","Amazon","Parnamirim","RN","59155","55,90","8,90","0","-8,90","0","-6,71","-5,00","0","0","44,19"
"14 de fev. de 2026 06:40:28 GMT-8","25741102081","Pedido","701-0442417-4142657","YL-NANJ-F7TC","Caderno Preto 20x20cm - Scrapbook Álbum De Fotos Preto 20 Folhas / 40 Páginas - Gramatura 200, Folhas Grossas","1","amazon.com.br","Visa Crédito","Amazon","Recife","PE","50771","68,90","0","0","0","0","-8,27","-5,00","0","0","55,63"
"14 de fev. de 2026 07:05:38 GMT-8","25741102081","Pedido","702-6923372-0313801","6Q-LSB6-QV56","Agenda Escolar 2026 Menino - Calendario, provas, agendamento, recados, estudos do aluno, acompanhamento dos pais","1","amazon.com.br","Visa Crédito","Vendedor","Barueri","SP","06405","59,90","0","0","0","0","-7,79","0","0","0","52,11"
"14 de fev. de 2026 07:14:03 GMT-8","25740681401","Pedido","701-5891020-5514604","RA-KICF-0Q47","Caderno Preto 20x20cm - Scrapbook Álbum De Fotos Preto 20 Folhas / 40 Páginas - Gramatura 200, Folhas Grossas","1","amazon.com.br","Crédito Mastercard e outros","Vendedor","Curitiba","PR","80610","58,90","0","0","0","0","-7,07","0","0","0","51,83"
"14 de fev. de 2026 07:42:43 GMT-8","25740681401","Pedido","701-9201127-4011407","RA-KICF-0Q47","Caderno Preto 20x20cm - Scrapbook Álbum De Fotos Preto 20 Folhas / 40 Páginas - Gramatura 200, Folhas Grossas","1","amazon.com.br","Crédito Mastercard e outros","Vendedor","Porto Alegre","Rio Grande do Sul","91320","58,90","0","0","0","0","-7,07","0","0","0","51,83"
"14 de fev. de 2026 07:54:21 GMT-8","25740681401","Pedido","702-7531497-1402661","YL-NANJ-F7TC","Caderno Preto 20x20cm - Scrapbook Álbum De Fotos Preto 20 Folhas / 40 Páginas - Gramatura 200, Folhas Grossas","1","amazon.com.br","Crédito Mastercard e outros","Amazon","Manaus","Amazonas","69057","68,90","0","0","0","0","-8,27","-5,00","0","0","55,63"
"14 de fev. de 2026 08:00:52 GMT-8","25740681401","Reembolso","702-6893085-5944244","D3-VGD4-YDTV","Planner Premium 2026 - Planejamento Anual com Roda da Vida A5, Gestão Financeira, Organização Pessoal, Metas e Saúde, Capa Dura Laminada, Agenda S","1","amazon.com.br","Crédito Mastercard e outros","Amazon","São Paulo","SP","05114","-78,90","0","0","0","0","8,21","0","0","0","-70,69"
"14 de fev. de 2026 17:37:22 GMT-8","25741102081","Reembolso","702-6429887-8941026","MQ-STXD-11EM","Planner Premium 2026 - Planejamento Anual com Roda da Vida A5, Gestão Financeira, Organização Pessoal, Metas e Saúde, Capa Dura Laminada, Agenda S","1","amazon.com.br","Visa Crédito","Vendedor","Salvador","BA","41810","-68,90","-21,80","0","0","0","7,17","0","0","0","-83,53"
"14 de fev. de 2026 18:27:37 GMT-8","25740681401","Pedido","702-3103929-4989816","H4-SB8E-4QAA","Agenda Escolar Menina Loira 2026","1","amazon.com.br","Crédito Mastercard e outros","Vendedor","Anápolis","GO","75045","59,90","20,00","0","0","0","-7,79","0","0","0","72,11"
"15 de fev. de 2026 03:41:34 GMT-8","25741102081","Pedido","702-0013552-8017072","DV-9MDQ-YD9E","Scrapbook Álbum De Fotos Preto 20 Folhas / 40 Páginas","1","amazon.com.br","Visa Crédito","Amazon","belo horizonte","mg","30140","55,90","0","0","0","0","-6,71","-5,00","0","0","44,19"
"15 de fev. de 2026 03:51:22 GMT-8","25741250401","Pedido","701-6730960-0390622","YL-NANJ-F7TC","Caderno Preto 20x20cm - Scrapbook Álbum De Fotos Preto 20 Folhas / 40 Páginas - Gramatura 200, Folhas Grossas","1","amazon.com.br","Boleto","Amazon","Mossoró","RN","59619","68,90","0","0","0","0","-8,27","-5,00","0","0","55,63"
"15 de fev. de 2026 04:00:07 GMT-8","25740681401","Pedido","701-8006595-8190667","IY-THHM-0DRE","Agenda Escolar Infantil","1","amazon.com.br","Crédito Mastercard e outros","Vendedor","São Paulo","SP","04067","55,90","0","0","0","0","-7,27","0","0","0","48,63"
"15 de fev. de 2026 04:01:48 GMT-8","25741102081","Pedido","701-2708196-3892267","0Q-EK6Z-SV84","Planner 2026 Floral - Planejamento Anual com Roda da Vida A5, Gestão Financeira, Organização Pessoal, Metas e Saúde, Capa Dura Laminada, Agenda Se","1","amazon.com.br","Visa Crédito","Vendedor","Brasília","DF","70770","59,90","0","0","0","0","-7,79","0","0","0","52,11"
"15 de fev. de 2026 04:04:23 GMT-8","25741102081","Pedido","702-7710673-7731418","2M-II9L-1YU1","Caderno A5 SEM PAUTA, 21x14cm, 80 Folhas, 90G","1","amazon.com.br","Visa Crédito","Amazon","Belo Horizonte","MG","30220","28,90","0","0","0","0","-3,76","-5,00","0","0","20,14"
"15 de fev. de 2026 04:20:13 GMT-8","25741250401","Pedido","701-5473207-4649024","X8-KFR5-DSUR","Caderno Van Gogh A5 - Arte e Inspiração em Cada Página! (A Noite Estrelada)","1","amazon.com.br","Boleto","Vendedor","Londrina","PR","86020","78,90","0","0","0","0","-10,26","0","0","0","68,64"
"15 de fev. de 2026 04:59:18 GMT-8","25740681401","Pedido","702-9252289-6732212","XH-KNXQ-DP76","Planner 2026 - Um planner para viver com mais cor, equilíbrio e inspiração.","1","amazon.com.br","Crédito Mastercard e outros","Vendedor","Brasilia","Df","70354","62,90","0","0","0","0","-8,18","0","0","0","54,72"
"15 de fev. de 2026 05:46:53 GMT-8","25741102081","Pedido","702-7267086-1134623","2M-II9L-1YU1","Caderno A5 SEM PAUTA, 21x14cm, 80 Folhas, 90G","1","amazon.com.br","Visa Crédito","Amazon","Rio Claro","SP","13503","28,90","0","0","0","0","-3,76","-5,00","0","0","20,14"
"15 de fev. de 2026 06:24:04 GMT-8","25741102081","Pedido","702-4306106-7731436","YL-NANJ-F7TC","Caderno Preto 20x20cm - Scrapbook Álbum De Fotos Preto 20 Folhas / 40 Páginas - Gramatura 200, Folhas Grossas","1","amazon.com.br","Visa Crédito","Amazon","Goiânia","GO","74175","68,90","0","0","0","0","-8,27","-5,00","0","0","55,63"
"15 de fev. de 2026 06:30:32 GMT-8","25740681401","Pedido","702-4048179-7428261","RA-KICF-0Q47","Caderno Preto 20x20cm - Scrapbook Álbum De Fotos Preto 20 Folhas / 40 Páginas - Gramatura 200, Folhas Grossas","1","amazon.com.br","Crédito Mastercard e outros","Vendedor","Florianópolis","SC","88050","58,90","0","0","0","0","-7,07","0","0","0","51,83"
"15 de fev. de 2026 06:47:08 GMT-8","25740681401","Pedido","701-2570966-3410629","JI-4MX8-QIS1","Planner Espiritual - Planner Lei da Atração - Planner Abundancia - Evolua Espiritualmente","1","amazon.com.br","Crédito Mastercard e outros","Vendedor","Ijui","RS","98700","78,90","0","0","0","0","-10,26","0","0","0","68,64"
"15 de fev. de 2026 07:57:58 GMT-8","25740681401","Pedido","701-8365081-6773007","E4-ZVNN-1PDP","Agenda Psicologia Floral 2026 | Capa Delicada e Funcional | Ideal para Psicólogas","1","amazon.com.br","Crédito Mastercard e outros","Vendedor","Brasília","DF","71605","78,90","0","0","0","0","-10,26","0","0","0","68,64"
"15 de fev. de 2026 10:53:48 GMT-8","25740681401","Pedido","702-7030252-0582659","0Q-EK6Z-SV84","Planner 2026 Floral - Planejamento Anual com Roda da Vida A5, Gestão Financeira, Organização Pessoal, Metas e Saúde, Capa Dura Laminada, Agenda Se","1","amazon.com.br","Crédito Mastercard e outros","Vendedor","Ribeirão Preto","SP","14033","59,90","0","0","0","0","-7,79","0","0","0","52,11"
"15 de fev. de 2026 13:31:27 GMT-8","25740681401","Pedido","702-5909675-9713845","RA-KICF-0Q47","Caderno Preto 20x20cm - Scrapbook Álbum De Fotos Preto 20 Folhas / 40 Páginas - Gramatura 200, Folhas Grossas","1","amazon.com.br","Crédito Mastercard e outros","Vendedor","Belo Horizonte","MG","30570","58,90","0","0","0","0","-7,07","0","0","0","51,83"
"15 de fev. de 2026 23:48:02 GMT-8","25741102081","Pedido","701-4754133-8497047","YL-NANJ-F7TC","Caderno Preto 20x20cm - Scrapbook Álbum De Fotos Preto 20 Folhas / 40 Páginas - Gramatura 200, Folhas Grossas","1","amazon.com.br","Visa Crédito","Amazon","Natal","RN","59056","68,90","0","0","0","0","-8,27","-5,00","0","0","55,63"
"16 de fev. de 2026 00:58:03 GMT-8","25740681401","Pedido","701-9757489-9277033","2M-II9L-1YU1","Caderno A5 SEM PAUTA, 21x14cm, 80 Folhas, 90G","1","amazon.com.br","Crédito Mastercard e outros","Amazon","Brasília","DF","70673","28,90","0","0","0","0","-3,76","-5,00","0","0","20,14"
"16 de fev. de 2026 02:34:04 GMT-8","25741102081","Pedido","701-0418449-3369039","IY-THHM-0DRE","Agenda Escolar Infantil","1","amazon.com.br","Visa Crédito","Vendedor","Rio de Janeiro","RJ","22790","55,90","0","0","0","0","-7,27","0","0","0","48,63"
"16 de fev. de 2026 04:24:28 GMT-8","25741102081","Pedido","701-4966479-8704242","Q5-ZAFB-NUEF","Planner 2026 - Respire, floresça, torne-se - um planner para sua melhor versão!","1","amazon.com.br","Visa Crédito","Amazon","Joinville","SC","89239","78,90","0","0","0","0","-10,26","-5,00","0","0","63,64"
"16 de fev. de 2026 04:34:27 GMT-8","25740681401","Pedido","702-1820830-6285045","0Q-EK6Z-SV84","Planner 2026 Floral - Planejamento Anual com Roda da Vida A5, Gestão Financeira, Organização Pessoal, Metas e Saúde, Capa Dura Laminada, Agenda Se","1","amazon.com.br","Crédito Mastercard e outros","Vendedor","Balneario Camboriu","sc","88330","59,90","0","0","0","0","-7,79","0","0","0","52,11"
"16 de fev. de 2026 05:15:16 GMT-8","25741102181","Pedido","702-3282487-6113011","HJ-GKXE-8FVO","Agenda 2026 Cristã 1 Dia por Folha com Versículos Bíblicos 2026","1","amazon.com.br","Elo","Amazon","Itapemirim","ES","29330","49,90","0","0","0","0","-6,49","-5,00","0","0","38,41"
"16 de fev. de 2026 05:32:14 GMT-8","25741102081","Pedido","701-9639074-9222665","EG-KOZD-5QLH","Caderno Para Controle Financeiro - Minhas Contas Organizadas","1","amazon.com.br","Visa Crédito","Amazon","Belo Horizonte","MG","31545","36,90","0","0","0","0","-4,80","-5,00","0","0","27,10"
"16 de fev. de 2026 05:42:05 GMT-8","25740681401","Pedido","701-3844555-7885825","RA-KICF-0Q47","Caderno Preto 20x20cm - Scrapbook Álbum De Fotos Preto 20 Folhas / 40 Páginas - Gramatura 200, Folhas Grossas","1","amazon.com.br","Crédito Mastercard e outros","Vendedor","Mogi das Cruzes","SP","08830","58,90","0","0","0","0","-7,07","0","0","0","51,83"
"16 de fev. de 2026 05:45:01 GMT-8","25740681401","Pedido","702-9343245-8655438","IY-THHM-0DRE","Agenda Escolar Infantil","1","amazon.com.br","Crédito Mastercard e outros","Vendedor","Recife","PE","50750","55,90","21,57","0","0","0","-7,27","0","0","0","70,20"
"16 de fev. de 2026 05:58:09 GMT-8","25741250401","Pedido","701-7634253-2065024","RA-KICF-0Q47","Caderno Preto 20x20cm - Scrapbook Álbum De Fotos Preto 20 Folhas / 40 Páginas - Gramatura 200, Folhas Grossas","1","amazon.com.br","Boleto","Vendedor","Serra","ES","29173","58,90","0","0","0","0","-7,07","0","0","0","51,83"
"16 de fev. de 2026 06:55:20 GMT-8","25740681401","Pedido","702-6800850-0040257","ZX-SGSY-F93V","Scrapbook Kraft 20x20: Crie Seu Álbum Artesanal Único","1","amazon.com.br","Crédito Mastercard e outros","Vendedor","Brasília","DF","70337","74,90","0","0","0","0","-8,99","0","0","0","65,91"
"16 de fev. de 2026 06:58:01 GMT-8","25740681401","Pedido","702-9881903-8816247","YL-NANJ-F7TC","Caderno Preto 20x20cm - Scrapbook Álbum De Fotos Preto 20 Folhas / 40 Páginas - Gramatura 200, Folhas Grossas","1","amazon.com.br","Crédito Mastercard e outros","Amazon","Iguatu","CE","63505","68,90","0","0","0","0","-8,27","-5,00","0","0","55,63"
"16 de fev. de 2026 07:28:53 GMT-8","25740681401","Pedido","702-5548186-2952214","0Q-EK6Z-SV84","Planner 2026 Floral - Planejamento Anual com Roda da Vida A5, Gestão Financeira, Organização Pessoal, Metas e Saúde, Capa Dura Laminada, Agenda Se","1","amazon.com.br","Crédito Mastercard e outros","Vendedor","Recife","PE","51020","78,90","22,02","0","0","0","-10,26","0","0","0","90,66"
"16 de fev. de 2026 07:53:58 GMT-8","25741250401","Pedido","701-0808132-4156234","RA-KICF-0Q47","Caderno Preto 20x20cm - Scrapbook Álbum De Fotos Preto 20 Folhas / 40 Páginas - Gramatura 200, Folhas Grossas","1","amazon.com.br","Boleto","Vendedor","Canoas","RS","92310","58,90","0","0","0","0","-7,07","0","0","0","51,83"
"16 de fev. de 2026 08:01:20 GMT-8","25740681401","Pedido","702-4926581-6281048","3P-CSLO-TMK3","Agenda Escolar Infantil - Calendario 2026, Acompanhamento de provas, Dados do aluno, Recados, ensino fundamental, estudos","1","amazon.com.br","Crédito Mastercard e outros","Vendedor","Belo Horizonte","MG","30840","59,90","0","0","0","0","-7,79","0","0","0","52,11"
"16 de fev. de 2026 16:22:15 GMT-8","25741102181","Pedido","702-4175683-6345804","HJ-GKXE-8FVO","Agenda 2026 Cristã 1 Dia por Folha com Versículos Bíblicos 2026","1","amazon.com.br","Elo","Amazon","Natal","RN","59080","49,90","0","0","0","0","-6,49","-5,00","0","0","38,41"
"16 de fev. de 2026 18:28:41 GMT-8","25740681401","Pedido","701-0421552-0850650","4O-0ACQ-A4CK","Planner Financeiro Mensal 2026, Roda Da Vida A5 -Planejamento anual, Organização pessoal Metas e objetivos, Gestão financeira Monitoramento de saú","1","amazon.com.br","Crédito Mastercard e outros","Amazon","João Pessoa","PB","58042","78,90","0","0","0","0","-10,26","-5,00","0","0","63,64"
"16 de fev. de 2026 23:10:20 GMT-8","25741102081","Pedido","701-9835954-6950645","NA-O84R-Q2ON","Caderno Espiral Capa Dura, A5 210x150mm, 80 Folhas, Van gogh, Frases estoicas (Capa 1)","1","amazon.com.br","Visa Crédito","Vendedor","Rio de Janeiro","RJ","22795","78,90","0","0","0","0","-10,26","0","0","0","68,64"
"17 de fev. de 2026 01:00:27 GMT-8","25741250401","Pedido","701-9816145-9415462","HJ-GKXE-8FVO","Agenda 2026 Cristã 1 Dia por Folha com Versículos Bíblicos 2026","1","amazon.com.br","Boleto","Amazon","Porto Alegre","RS","91780","49,90","8,90","0","-8,90","0","-6,49","-5,00","0","0","38,41"
"17 de fev. de 2026 01:42:18 GMT-8","25741102181","Pedido","702-6168082-5363418","NA-O84R-Q2ON","Caderno Espiral Capa Dura, A5 210x150mm, 80 Folhas, Van gogh, Frases estoicas (Capa 1)","1","amazon.com.br","Elo","Vendedor","Brasília","DF","71060","78,90","0","0","0","0","-10,26","0","0","0","68,64"
"17 de fev. de 2026 01:52:28 GMT-8","25740681401","Pedido","702-3214182-6233011","YL-NANJ-F7TC","Caderno Preto 20x20cm - Scrapbook Álbum De Fotos Preto 20 Folhas / 40 Páginas - Gramatura 200, Folhas Grossas","1","amazon.com.br","Crédito Mastercard e outros","Amazon","Parnamirim","RN","59152","68,90","0","0","0","0","-8,27","-5,00","0","0","55,63"
"17 de fev. de 2026 03:11:43 GMT-8","25777703991","Pedido","701-8025495-0642628","RU-9EXZ-G6IE","Sketchbook Profissional 20x20cm Espiral 180g - Caderno Artístico para Desenho e Aquarela","1","amazon.com.br","Visa Crédito","Amazon","Manhuaçu","MG","36900","45,90","0","0","0","0","-5,51","-5,00","0","0","35,39"
"17 de fev. de 2026 05:48:12 GMT-8","25777703991","Pedido","702-6492514-1054644","NV-SRB6-JF1U","Agenda Escolar Cosmos 2026 - Calendario, provas, agendamento, recados, estudos do aluno, acompanhamento dos pais","1","amazon.com.br","Visa Crédito","Vendedor","São Caetano do Sul","São Paulo","09530","59,90","0","0","0","0","-7,79","0","0","0","52,11"
"17 de fev. de 2026 06:13:54 GMT-8","25777266321","Pedido","701-9522062-0051422","92-CTAN-4AJQ","Caderno Scrapbook - 20 Folhas - Livro De Assinatura Folhas Pretas 20x19 Álbum De Fotos Scrapbook Preto 40 Páginas - 20x19","1","amazon.com.br","Boleto","Amazon","Fortaleza","CE","60415","78,90","8,90","0","-8,90","0","-9,47","-5,00","0","0","64,43"
"17 de fev. de 2026 06:24:55 GMT-8","25777703991","Pedido","702-4839702-6515420","2M-II9L-1YU1","Caderno A5 SEM PAUTA, 21x14cm, 80 Folhas, 90G","1","amazon.com.br","Visa Crédito","Amazon","Camaragibe","PE","54753","28,90","0","0","0","0","-3,76","-5,00","0","0","20,14"
"17 de fev. de 2026 06:39:39 GMT-8","25777410161","Pedido","702-5147037-0732257","14-02SK-RART","Caderno De Anotações - 200 Pag - Flores Naturais","1","amazon.com.br","Crédito Mastercard e outros","Amazon","Blumenau","SC","89032","49,90","0","0","0","0","-6,49","-5,00","0","0","38,41"
"17 de fev. de 2026 06:41:34 GMT-8","25777410161","Pedido","702-5643458-6287416","5E-DZPD-O3GJ","Caderno de Anotações Diarias - A5-100 Folhas - 1 Frase por pagina - 15x21cm - Coleção Estoicismo","1","amazon.com.br","Crédito Mastercard e outros","Vendedor","São Paulo","SP","05468","78,90","0","0","0","0","-10,26","0","0","0","68,64"
"17 de fev. de 2026 06:47:02 GMT-8","25777410161","Pedido","702-1986151-2969818","4G-7YLB-CHKW","Planejamento Financeiro Pessoal - Planner Financeiro - Controle Financeiro (Preto 1)","1","amazon.com.br","Crédito Mastercard e outros","Amazon","Porto Alegre","RS","91370","52,90","0","0","0","0","-6,88","-5,00","0","0","41,02"
"17 de fev. de 2026 06:49:19 GMT-8","25777266321","Pedido","701-4701764-3912210","H4-SB8E-4QAA","Agenda Escolar Menina Loira 2026","1","amazon.com.br","Boleto","Vendedor","São Paulo","SP","02220","59,90","0","0","0","0","-7,79","0","0","0","52,11"
"17 de fev. de 2026 07:21:13 GMT-8","25777703991","Pedido","702-8569107-1098619","IY-THHM-0DRE","Agenda Escolar Infantil","1","amazon.com.br","Visa Crédito","Vendedor","São Paulo","SP","01135","55,90","0","0","0","0","-7,27","0","0","0","48,63"
"17 de fev. de 2026 07:34:11 GMT-8","25777703991","Pedido","701-4478479-2145035","YL-NANJ-F7TC","Caderno Preto 20x20cm - Scrapbook Álbum De Fotos Preto 20 Folhas / 40 Páginas - Gramatura 200, Folhas Grossas","1","amazon.com.br","Visa Crédito","Amazon","Vilhena","RO","76980","68,90","8,90","0","-8,90","0","-8,27","-5,00","0","0","55,63"
"17 de fev. de 2026 08:14:51 GMT-8","25777266321","Pedido","701-5689753-6042634","NW-TYGM-27NA","Diário Sagrado: Divina Lectio e Vida de Oração (Sabedoria Sagrada)","1","amazon.com.br","Boleto","Vendedor","Bagé","RS","96400","59,90","0","0","0","0","-7,79","0","0","0","52,11"
"17 de fev. de 2026 08:29:59 GMT-8","25777266321","Pedido","701-1480812-9713856","YL-NANJ-F7TC","Caderno Preto 20x20cm - Scrapbook Álbum De Fotos Preto 20 Folhas / 40 Páginas - Gramatura 200, Folhas Grossas","1","amazon.com.br","Boleto","Amazon","João Pessoa","PB","58045","68,90","8,90","0","-8,90","0","-8,27","-5,00","0","0","55,63"
"17 de fev. de 2026 15:49:19 GMT-8","25777266321","Pedido","702-7936669-0684268","2M-II9L-1YU1","Caderno A5 SEM PAUTA, 21x14cm, 80 Folhas, 90G","1","amazon.com.br","Boleto","Amazon","Porto Alegre","RS","90550","28,90","0","0","0","0","-3,76","-5,00","0","0","20,14"
"17 de fev. de 2026 20:29:55 GMT-8","25777410161","Pedido","701-2985901-6792261","EL-7DXT-FJ6J","Sketchbook Profissional 20x20cm Espiral 180g - 30 Folhas para Desenho","1","amazon.com.br","Crédito Mastercard e outros","Vendedor","São Paulo","SP","05441","78,90","0","0","0","0","-9,47","0","0","0","69,43"
"17 de fev. de 2026 22:39:20 GMT-8","25777266321","Pedido","701-1671536-6647426","FC-4UI1-425Z","Caderno Scrapbook - 20 Folhas - Livro De Assinatura Folhas Pretas 20x19 Álbum De Fotos Scrapbook Preto 40 Páginas - 20x19","1","amazon.com.br","Boleto","Vendedor","São Paulo","SP","08040","72,90","0","0","0","0","-8,75","0","0","0","64,15"
"18 de fev. de 2026 00:44:03 GMT-8","25777703991","Pedido","701-6804923-7491443","2M-II9L-1YU1","Caderno A5 SEM PAUTA, 21x14cm, 80 Folhas, 90G","1","amazon.com.br","Visa Crédito","Amazon","Belo Horizonte","MG","31330","28,90","8,90","0","-8,90","0","-3,76","-5,00","0","0","20,14"
"18 de fev. de 2026 00:46:39 GMT-8","25777703991","Pedido","701-5648756-0105035","YL-NANJ-F7TC","Caderno Preto 20x20cm - Scrapbook Álbum De Fotos Preto 20 Folhas / 40 Páginas - Gramatura 200, Folhas Grossas","1","amazon.com.br","Visa Crédito","Amazon","Recife","PE","50740","68,90","0","0","0","0","-8,27","-5,00","0","0","55,63"
"18 de fev. de 2026 01:39:11 GMT-8","25777703991","Pedido","701-0296977-1614630","L8-1JRR-OBUL","Caderno Espiral Capa Dura, A5 210x150mm, 80 Folhas, Van gogh, Frases estoicas (3 UN)","1","amazon.com.br","Visa Crédito","Vendedor","São Paulo","SP","01136","159,90","0","0","0","0","-23,19","0","0","0","136,71"
"18 de fev. de 2026 01:41:51 GMT-8","25777703991","Pedido","701-6397215-2819439","YL-NANJ-F7TC","Caderno Preto 20x20cm - Scrapbook Álbum De Fotos Preto 20 Folhas / 40 Páginas - Gramatura 200, Folhas Grossas","1","amazon.com.br","Visa Crédito","Amazon","Antonina do Norte","CE","63570","68,90","8,90","0","-8,90","0","-8,27","-5,00","0","0","55,63"
"18 de fev. de 2026 01:50:54 GMT-8","25777410161","Pedido","702-5142561-0371409","2M-II9L-1YU1","Caderno A5 SEM PAUTA, 21x14cm, 80 Folhas, 90G","1","amazon.com.br","Crédito Mastercard e outros","Amazon","Rio Grande","RS","96206","28,90","0,97","0","-0,97","0","-3,76","-5,00","0","0","20,14"
"18 de fev. de 2026 02:41:16 GMT-8","25777703991","Pedido","702-5101709-3234622","0Q-EK6Z-SV84","Planner 2026 Floral - Planejamento Anual com Roda da Vida A5, Gestão Financeira, Organização Pessoal, Metas e Saúde, Capa Dura Laminada, Agenda Se","1","amazon.com.br","Visa Crédito","Vendedor","Pelotas","RS","96015","59,90","0","0","0","0","-7,79","0","0","0","52,11"
"18 de fev. de 2026 04:17:43 GMT-8","25777410161","Pedido","702-9100021-6633843","UN-GE1Q-635D","Planner 2026 - Life Capa Dura com Controle Financeiro e Roda da Vida (Capa 01)","1","amazon.com.br","Crédito Mastercard e outros","Vendedor","CURITIBA","PARANA","80240","78,90","0","0","0","0","-10,26","0","0","0","68,64"
"18 de fev. de 2026 04:52:09 GMT-8","25777266321","Pedido","702-9291873-7348227","RA-KICF-0Q47","Caderno Preto 20x20cm - Scrapbook Álbum De Fotos Preto 20 Folhas / 40 Páginas - Gramatura 200, Folhas Grossas","1","amazon.com.br","Boleto","Vendedor","São Paulo","SP","04293","58,90","0","0","0","0","-7,07","0","0","0","51,83"
"18 de fev. de 2026 05:41:57 GMT-8","25777410201","Pedido","702-2691200-2494611","2M-II9L-1YU1","Caderno A5 SEM PAUTA, 21x14cm, 80 Folhas, 90G","1","amazon.com.br","Elo","Amazon","Divinópolis","MG","35502","28,90","0","0","0","0","-3,76","-5,00","0","0","20,14"
"18 de fev. de 2026 06:03:35 GMT-8","25777410161","Pedido","701-3498269-3787401","DE-0QFW-4FQA","Agenda 2026 Cristã 1 Dia por Folha com Versículos Bíblicos 2026","1","amazon.com.br","Crédito Mastercard e outros","Vendedor","São Paulo","SP","01543","78,90","0","0","0","0","-10,26","0","0","0","68,64"
"18 de fev. de 2026 06:40:39 GMT-8","25777266321","Pedido","702-8022487-5986601","RA-KICF-0Q47","Caderno Preto 20x20cm - Scrapbook Álbum De Fotos Preto 20 Folhas / 40 Páginas - Gramatura 200, Folhas Grossas","1","amazon.com.br","Boleto","Vendedor","Campinas","SP","13040","58,90","0","0","0","0","-7,07","0","0","0","51,83"
"18 de fev. de 2026 06:44:02 GMT-8","25777266321","Pedido","702-5057266-7788224","A9-81RP-O347","Planner Financeiro Mensal 2026, Roda Da Vida A5 -Planejamento anual, Organização pessoal Metas e objetivos, Gestão financeira Monitoramento de saú","1","amazon.com.br","Boleto","Vendedor","Rio de Janeiro","RJ","20060","68,92","0","0","0","0","-8,96","0","0","0","59,96"
"18 de fev. de 2026 06:49:11 GMT-8","25777266321","Pedido","702-9421943-1753035","KC-60PW-7A3A","Agenda para Creche Escolar Infantil - Modelos Encantadores para Meninos e Meninas (Safari Baby)","1","amazon.com.br","Boleto","Vendedor","Belo Horizonte","Minas Gerais","31260","59,90","0","0","0","0","-7,79","0","0","0","52,11"
"18 de fev. de 2026 06:50:08 GMT-8","25777266321","Pedido","702-8733163-7745865","RA-KICF-0Q47","Caderno Preto 20x20cm - Scrapbook Álbum De Fotos Preto 20 Folhas / 40 Páginas - Gramatura 200, Folhas Grossas","1","amazon.com.br","Boleto","Vendedor","São Paulo","SP","05835","58,90","0","0","0","0","-7,07","0","0","0","51,83"
"18 de fev. de 2026 07:33:16 GMT-8","25777703991","Pedido","702-0193801-9954641","BT-HCTV-ZOJY","Planner 2026 Napolitano - Planejamento Anual com Roda da Vida A5, Gestão Financeira, Organização Pessoal, Metas e Saúde, Capa Dura Laminada, Agend","1","amazon.com.br","Visa Crédito","Vendedor","Garopaba","SC","88495","78,90","0","0","0","0","-10,26","0","0","0","68,64"
"18 de fev. de 2026 07:36:32 GMT-8","25777410161","Pedido","701-2563219-3271426","6Q-LSB6-QV56","Agenda Escolar 2026 Menino - Calendario, provas, agendamento, recados, estudos do aluno, acompanhamento dos pais","1","amazon.com.br","Crédito Mastercard e outros","Vendedor","São Paulo","SP","04829","59,90","0","0","0","0","-7,79","0","0","0","52,11"
"18 de fev. de 2026 09:31:06 GMT-8","25777410161","Serviços de Envio","701-2068995-4328210","","Tarifa de manuseio com base no peso Delivery by Amazon","","Amazon.com.br","Crédito Mastercard e outros","Vendedor","","","","0","0","0","0","0","0","0","-6,75","0","-6,75"
"18 de fev. de 2026 09:31:06 GMT-8","25777410161","Serviços de Envio","701-2068995-4328210","","Estorno do frete pago pelo comprador","","Amazon.com.br","Crédito Mastercard e outros","Vendedor","","","","0","0","0","0","0","0","0","0","0","0"
"18 de fev. de 2026 09:31:10 GMT-8","25777410161","Serviços de Envio","701-1827700-3169026","","Tarifa de manuseio com base no peso Delivery by Amazon","","Amazon.com.br","Crédito Mastercard e outros","Vendedor","","","","0","0","0","0","0","0","0","-6,75","0","-6,75"
"18 de fev. de 2026 09:31:10 GMT-8","25777410161","Serviços de Envio","701-1827700-3169026","","Estorno do frete pago pelo comprador","","Amazon.com.br","Crédito Mastercard e outros","Vendedor","","","","0","0","0","0","0","0","0","0","0","0"
"18 de fev. de 2026 09:31:10 GMT-8","25777410161","Serviços de Envio","702-5022702-5320251","","Tarifa de manuseio com base no peso Delivery by Amazon","","Amazon.com.br","Crédito Mastercard e outros","Vendedor","","","","0","0","0","0","0","0","0","-6,75","0","-6,75"
"18 de fev. de 2026 09:31:10 GMT-8","25777410161","Serviços de Envio","702-5022702-5320251","","Estorno do frete pago pelo comprador","","Amazon.com.br","Crédito Mastercard e outros","Vendedor","","","","0","0","0","0","0","0","0","0","0","0"
"18 de fev. de 2026 09:31:10 GMT-8","25777410161","Serviços de Envio","701-7985714-2351466","","Tarifa de manuseio com base no peso Delivery by Amazon","","Amazon.com.br","Crédito Mastercard e outros","Vendedor","","","","0","0","0","0","0","0","0","-6,75","0","-6,75"
"18 de fev. de 2026 09:31:10 GMT-8","25777410161","Serviços de Envio","701-7985714-2351466","","Estorno do frete pago pelo comprador","","Amazon.com.br","Crédito Mastercard e outros","Vendedor","","","","0","0","0","0","0","0","0","0","0","0"
"18 de fev. de 2026 09:31:10 GMT-8","25777410161","Serviços de Envio","701-9815647-0868204","","Tarifa de manuseio com base no peso Delivery by Amazon","","Amazon.com.br","Crédito Mastercard e outros","Vendedor","","","","0","0","0","0","0","0","0","-6,75","0","-6,75"
"18 de fev. de 2026 09:31:10 GMT-8","25777410161","Serviços de Envio","701-9815647-0868204","","Estorno do frete pago pelo comprador","","Amazon.com.br","Crédito Mastercard e outros","Vendedor","","","","0","0","0","0","0","0","0","0","0","0"
"18 de fev. de 2026 09:31:10 GMT-8","25777410161","Serviços de Envio","702-6451263-5029834","","Tarifa de manuseio com base no peso Delivery by Amazon","","Amazon.com.br","Crédito Mastercard e outros","Vendedor","","","","0","0","0","0","0","0","0","-6,75","0","-6,75"
"18 de fev. de 2026 09:31:10 GMT-8","25777410161","Serviços de Envio","702-6451263-5029834","","Estorno do frete pago pelo comprador","","Amazon.com.br","Crédito Mastercard e outros","Vendedor","","","","0","0","0","0","0","0","0","0","0","0"
"18 de fev. de 2026 09:31:29 GMT-8","25777410161","Serviços de Envio","701-2023572-8591417","","Tarifa de manuseio com base no peso Delivery by Amazon","","Amazon.com.br","Crédito Mastercard e outros","Vendedor","","","","0","0","0","0","0","0","0","-6,75","0","-6,75"
"18 de fev. de 2026 09:31:29 GMT-8","25777410161","Serviços de Envio","701-2023572-8591417","","Estorno do frete pago pelo comprador","","Amazon.com.br","Crédito Mastercard e outros","Vendedor","","","","0","0","0","0","0","0","0","0","0","0"
"18 de fev. de 2026 09:31:29 GMT-8","25777410161","Serviços de Envio","701-1467561-1409814","","Tarifa de manuseio com base no peso Delivery by Amazon","","Amazon.com.br","Crédito Mastercard e outros","Vendedor","","","","0","0","0","0","0","0","0","-6,75","0","-6,75"
"18 de fev. de 2026 09:31:29 GMT-8","25777410161","Serviços de Envio","701-1467561-1409814","","Estorno do frete pago pelo comprador","","Amazon.com.br","Crédito Mastercard e outros","Vendedor","","","","0","0","0","0","0","0","0","0","0","0"
"18 de fev. de 2026 09:31:29 GMT-8","25777410161","Serviços de Envio","702-9008786-9289065","","Tarifa de manuseio com base no peso Delivery by Amazon","","Amazon.com.br","Crédito Mastercard e outros","Vendedor","","","","0","0","0","0","0","0","0","-6,75","0","-6,75"
"18 de fev. de 2026 09:31:29 GMT-8","25777410161","Serviços de Envio","702-9008786-9289065","","Estorno do frete pago pelo comprador","","Amazon.com.br","Crédito Mastercard e outros","Vendedor","","","","0","0","0","0","0","0","0","0","0","0"
"18 de fev. de 2026 09:31:45 GMT-8","25777410161","Serviços de Envio","701-6970725-1597836","","Tarifa de manuseio com base no peso Delivery by Amazon","","Amazon.com.br","Crédito Mastercard e outros","Vendedor","","","","0","0","0","0","0","0","0","-6,75","0","-6,75"
"18 de fev. de 2026 09:31:45 GMT-8","25777410161","Serviços de Envio","701-6970725-1597836","","Estorno do frete pago pelo comprador","","Amazon.com.br","Crédito Mastercard e outros","Vendedor","","","","0","0","0","0","0","0","0","0","0","0"
"18 de fev. de 2026 09:31:52 GMT-8","25777410161","Serviços de Envio","701-5829008-2301054","","Tarifa de manuseio com base no peso Delivery by Amazon","","Amazon.com.br","Crédito Mastercard e outros","Vendedor","","","","0","0","0","0","0","0","0","-6,75","0","-6,75"
"18 de fev. de 2026 09:31:52 GMT-8","25777410161","Serviços de Envio","701-5829008-2301054","","Estorno do frete pago pelo comprador","","Amazon.com.br","Crédito Mastercard e outros","Vendedor","","","","0","0","0","0","0","0","0","0","0","0"
"18 de fev. de 2026 09:31:53 GMT-8","25777410161","Serviços de Envio","701-1690740-2225813","","Tarifa de manuseio com base no peso Delivery by Amazon","","Amazon.com.br","Crédito Mastercard e outros","Vendedor","","","","0","0","0","0","0","0","0","-6,75","0","-6,75"
"18 de fev. de 2026 09:31:53 GMT-8","25777410161","Serviços de Envio","701-1690740-2225813","","Estorno do frete pago pelo comprador","","Amazon.com.br","Crédito Mastercard e outros","Vendedor","","","","0","0","0","0","0","0","0","-21,31","0","-21,31"
"18 de fev. de 2026 09:32:01 GMT-8","25777410161","Serviços de Envio","702-1984759-7606632","","Tarifa de manuseio com base no peso Delivery by Amazon","","Amazon.com.br","Crédito Mastercard e outros","Vendedor","","","","0","0","0","0","0","0","0","-6,75","0","-6,75"
"18 de fev. de 2026 09:32:01 GMT-8","25777410161","Serviços de Envio","702-1984759-7606632","","Estorno do frete pago pelo comprador","","Amazon.com.br","Crédito Mastercard e outros","Vendedor","","","","0","0","0","0","0","0","0","0","0","0"
"18 de fev. de 2026 09:32:01 GMT-8","25777410161","Serviços de Envio","701-6930498-8170612","","Tarifa de manuseio com base no peso Delivery by Amazon","","Amazon.com.br","Crédito Mastercard e outros","Vendedor","","","","0","0","0","0","0","0","0","-6,75","0","-6,75"
"18 de fev. de 2026 09:32:01 GMT-8","25777410161","Serviços de Envio","701-6930498-8170612","","Estorno do frete pago pelo comprador","","Amazon.com.br","Crédito Mastercard e outros","Vendedor","","","","0","0","0","0","0","0","0","0","0","0"
"18 de fev. de 2026 09:32:05 GMT-8","25777410161","Serviços de Envio","702-7344083-6770607","","Tarifa de manuseio com base no peso Delivery by Amazon","","Amazon.com.br","Crédito Mastercard e outros","Vendedor","","","","0","0","0","0","0","0","0","-6,75","0","-6,75"
"18 de fev. de 2026 09:32:05 GMT-8","25777410161","Serviços de Envio","702-7344083-6770607","","Estorno do frete pago pelo comprador","","Amazon.com.br","Crédito Mastercard e outros","Vendedor","","","","0","0","0","0","0","0","0","0","0","0"
"18 de fev. de 2026 09:32:06 GMT-8","25777410161","Serviços de Envio","701-2795169-0333860","","Tarifa de manuseio com base no peso Delivery by Amazon","","Amazon.com.br","Crédito Mastercard e outros","Vendedor","","","","0","0","0","0","0","0","0","-6,75","0","-6,75"
"18 de fev. de 2026 09:32:06 GMT-8","25777410161","Serviços de Envio","701-2795169-0333860","","Estorno do frete pago pelo comprador","","Amazon.com.br","Crédito Mastercard e outros","Vendedor","","","","0","0","0","0","0","0","0","0","0","0"
"18 de fev. de 2026 09:32:06 GMT-8","25777410161","Serviços de Envio","701-6931540-9364213","","Tarifa de manuseio com base no peso Delivery by Amazon","","Amazon.com.br","Crédito Mastercard e outros","Vendedor","","","","0","0","0","0","0","0","0","-6,75","0","-6,75"
"18 de fev. de 2026 09:32:06 GMT-8","25777410161","Serviços de Envio","701-6931540-9364213","","Estorno do frete pago pelo comprador","","Amazon.com.br","Crédito Mastercard e outros","Vendedor","","","","0","0","0","0","0","0","0","0","0","0"
"18 de fev. de 2026 09:32:06 GMT-8","25777410161","Serviços de Envio","702-1236518-9717043","","Tarifa de manuseio com base no peso Delivery by Amazon","","Amazon.com.br","Crédito Mastercard e outros","Vendedor","","","","0","0","0","0","0","0","0","-6,75","0","-6,75"
"18 de fev. de 2026 09:32:06 GMT-8","25777410161","Serviços de Envio","702-1236518-9717043","","Estorno do frete pago pelo comprador","","Amazon.com.br","Crédito Mastercard e outros","Vendedor","","","","0","0","0","0","0","0","0","0","0","0"
"18 de fev. de 2026 14:11:39 GMT-8","25777410161","Pedido","702-5885382-4991404","RA-KICF-0Q47","Caderno Preto 20x20cm - Scrapbook Álbum De Fotos Preto 20 Folhas / 40 Páginas - Gramatura 200, Folhas Grossas","1","amazon.com.br","Crédito Mastercard e outros","Vendedor","piracicaba","sp","13403","58,90","0","0","0","0","-7,07","0","0","0","51,83"
"18 de fev. de 2026 14:48:34 GMT-8","25777266321","Transferir","","","Conta bancária com final: 192","","","Boleto","","","","","0","0","0","0","0","0","0","0","-676,39","-676,39"
"18 de fev. de 2026 14:57:44 GMT-8","25777266321","Transferir","","","Conta bancária com final: 192","","","Boleto","","","","","0","0","0","0","0","0","0","0","-1.110,61","-1.110,61"
"18 de fev. de 2026 16:26:54 GMT-8","25777410161","Pedido","701-5360143-3302643","1P-HFDV-D31P","Caderno de controle financeiro - Capa Flork - Contas Organizadas","1","amazon.com.br","Crédito Mastercard e outros","Vendedor","Rio Grande","RS","96211","78,90","0","0","0","0","-10,26","0","0","0","68,64"
"18 de fev. de 2026 16:52:24 GMT-8","25777410201","Pedido","701-7683514-4284236","YL-NANJ-F7TC","Caderno Preto 20x20cm - Scrapbook Álbum De Fotos Preto 20 Folhas / 40 Páginas - Gramatura 200, Folhas Grossas","1","amazon.com.br","Elo","Amazon","Anápolis","GO","75110","68,90","0","0","0","0","-8,27","-5,00","0","0","55,63"
"18 de fev. de 2026 19:20:56 GMT-8","25777266321","Pedido","701-1028235-6743446","RA-KICF-0Q47","Caderno Preto 20x20cm - Scrapbook Álbum De Fotos Preto 20 Folhas / 40 Páginas - Gramatura 200, Folhas Grossas","1","amazon.com.br","Boleto","Vendedor","Rio de Janeiro","RJ","22793","58,90","0","0","0","0","-7,07","0","0","0","51,83"
"18 de fev. de 2026 21:01:15 GMT-8","25777410161","Pedido","701-4799113-4377846","VQ-0TZ7-QK96","Planner 2026 - Floresça que inspira leveza e organização!","1","amazon.com.br","Crédito Mastercard e outros","Vendedor","São José dos Campos","SP","12246","59,90","0","0","0","0","-7,79","0","0","0","52,11"
"18 de fev. de 2026 22:43:35 GMT-8","25777703991","Pedido","702-4386999-5322607","YL-NANJ-F7TC","Caderno Preto 20x20cm - Scrapbook Álbum De Fotos Preto 20 Folhas / 40 Páginas - Gramatura 200, Folhas Grossas","1","amazon.com.br","Visa Crédito","Amazon","Campina Grande","PB","58401","68,90","0","0","0","0","-8,27","-5,00","0","0","55,63"
"18 de fev. de 2026 23:06:16 GMT-8","25777410161","Pedido","701-7859627-4982661","0Q-EK6Z-SV84","Planner 2026 Floral - Planejamento Anual com Roda da Vida A5, Gestão Financeira, Organização Pessoal, Metas e Saúde, Capa Dura Laminada, Agenda Se","1","amazon.com.br","Crédito Mastercard e outros","Vendedor","Lavras","MG","37200","59,90","0","0","0","0","-7,79","0","0","0","52,11"
"19 de fev. de 2026 01:35:16 GMT-8","25777410161","Pedido","701-0799040-3981842","8R-QOCE-GL81","Agenda Escolar Infantil 2026 - A5 100 Folhas - 15x21cm - Capa Dura","1","amazon.com.br","Crédito Mastercard e outros","Vendedor","Duque de Caxias","RJ","25071","59,90","0","0","0","0","-7,79","0","0","0","52,11"
"19 de fev. de 2026 03:12:18 GMT-8","25777410161","Pedido","701-6283718-6324239","NV-SRB6-JF1U","Agenda Escolar Cosmos 2026 - Calendario, provas, agendamento, recados, estudos do aluno, acompanhamento dos pais","1","amazon.com.br","Crédito Mastercard e outros","Vendedor","Petrópolis","RJ","25740","59,90","0","0","0","0","-7,79","0","0","0","52,11"
"19 de fev. de 2026 03:22:59 GMT-8","25777703991","Pedido","702-1776039-8370619","RA-KICF-0Q47","Caderno Preto 20x20cm - Scrapbook Álbum De Fotos Preto 20 Folhas / 40 Páginas - Gramatura 200, Folhas Grossas","1","amazon.com.br","Visa Crédito","Vendedor","Paulínia","SP","13141","58,90","0","0","0","0","-7,07","0","0","0","51,83"
"19 de fev. de 2026 03:39:36 GMT-8","25777410161","Pedido","701-9109972-1607441","3P-CSLO-TMK3","Agenda Escolar Infantil - Calendario 2026, Acompanhamento de provas, Dados do aluno, Recados, ensino fundamental, estudos","1","amazon.com.br","Crédito Mastercard e outros","Vendedor","MAcaé","Rio de Janeiro","27920","59,90","0","0","0","0","-7,79","0","0","0","52,11"
"19 de fev. de 2026 05:46:47 GMT-8","25777266321","Pedido","702-6363465-6692218","8R-QOCE-GL81","Agenda Escolar Infantil 2026 - A5 100 Folhas - 15x21cm - Capa Dura","1","amazon.com.br","Boleto","Vendedor","Niterói","RJ","24040","59,90","0","0","0","0","-7,79","0","0","0","52,11"
"19 de fev. de 2026 06:03:57 GMT-8","25777266321","Pedido","702-0647034-3076236","RA-KICF-0Q47","Caderno Preto 20x20cm - Scrapbook Álbum De Fotos Preto 20 Folhas / 40 Páginas - Gramatura 200, Folhas Grossas","1","amazon.com.br","Boleto","Vendedor","São Paulo","SP","04685","58,90","0","0","0","0","-7,07","0","0","0","51,83"
"19 de fev. de 2026 06:14:37 GMT-8","25777410201","Pedido","702-4897294-7752262","RA-KICF-0Q47","Caderno Preto 20x20cm - Scrapbook Álbum De Fotos Preto 20 Folhas / 40 Páginas - Gramatura 200, Folhas Grossas","1","amazon.com.br","Elo","Vendedor","Mauá","SP","09380","58,90","0","0","0","0","-7,07","0","0","0","51,83"
"19 de fev. de 2026 06:31:50 GMT-8","25777410161","Pedido","701-9249649-6224227","YH-LPZ3-ITVP","Caderno de Receitas - Minhas Receitas Favoritas (Limão)","1","amazon.com.br","Crédito Mastercard e outros","Vendedor","Palhoça","SC","88139","78,90","0","0","0","0","-10,26","0","0","0","68,64"
"19 de fev. de 2026 06:31:58 GMT-8","25777266321","Pedido","701-5539769-2042663","5E-DZPD-O3GJ","Caderno de Anotações Diarias - A5-100 Folhas - 1 Frase por pagina - 15x21cm - Coleção Estoicismo","1","amazon.com.br","Boleto","Vendedor","Rio de Janeiro","RJ","22230","78,90","0","0","0","0","-10,26","0","0","0","68,64"
"19 de fev. de 2026 07:21:13 GMT-8","25777410161","Pedido","701-5825552-6709803","FC-4UI1-425Z","Caderno Scrapbook - 20 Folhas - Livro De Assinatura Folhas Pretas 20x19 Álbum De Fotos Scrapbook Preto 40 Páginas - 20x19","1","amazon.com.br","Crédito Mastercard e outros","Vendedor","Manaus","AM","69057","72,90","33,59","0","0","0","-8,75","0","0","0","97,74"
"19 de fev. de 2026 07:52:27 GMT-8","25777410161","Pedido","702-3850325-4555427","9X-HUC9-I83L","Planner 2026 - Respire, floresça, torne-se - um planner para sua melhor versão!","1","amazon.com.br","Crédito Mastercard e outros","Vendedor","Vila Velha","ES","29101","59,90","0","0","0","0","-7,79","0","0","0","52,11"
"19 de fev. de 2026 08:20:36 GMT-8","25777410161","Pedido","701-2360583-8236237","0Q-EK6Z-SV84","Planner 2026 Floral - Planejamento Anual com Roda da Vida A5, Gestão Financeira, Organização Pessoal, Metas e Saúde, Capa Dura Laminada, Agenda Se","1","amazon.com.br","Crédito Mastercard e outros","Vendedor","São Paulo","SP","03169","59,90","0","0","0","0","-7,79","0","0","0","52,11"
"19 de fev. de 2026 09:51:32 GMT-8","25804998831","Serviços de Envio","701-6557423-2980230","","Tarifa de manuseio com base no peso Delivery by Amazon","","Amazon.com.br","Crédito Mastercard e outros","Vendedor","","","","0","0","0","0","0","0","0","-6,75","0","-6,75"
"19 de fev. de 2026 09:51:32 GMT-8","25804998831","Serviços de Envio","701-6557423-2980230","","Estorno do frete pago pelo comprador","","Amazon.com.br","Crédito Mastercard e outros","Vendedor","","","","0","0","0","0","0","0","0","-21,08","0","-21,08"
"19 de fev. de 2026 09:51:36 GMT-8","25804998831","Serviços de Envio","701-0192924-2781057","","Tarifa de manuseio com base no peso Delivery by Amazon","","Amazon.com.br","Crédito Mastercard e outros","Vendedor","","","","0","0","0","0","0","0","0","-6,75","0","-6,75"
"19 de fev. de 2026 09:51:36 GMT-8","25804998831","Serviços de Envio","701-0192924-2781057","","Estorno do frete pago pelo comprador","","Amazon.com.br","Crédito Mastercard e outros","Vendedor","","","","0","0","0","0","0","0","0","0","0","0"
"19 de fev. de 2026 09:51:36 GMT-8","25804998831","Serviços de Envio","702-0955012-5953019","","Tarifa de manuseio com base no peso Delivery by Amazon","","Amazon.com.br","Crédito Mastercard e outros","Vendedor","","","","0","0","0","0","0","0","0","-6,75","0","-6,75"
"19 de fev. de 2026 09:51:36 GMT-8","25804998831","Serviços de Envio","702-0955012-5953019","","Estorno do frete pago pelo comprador","","Amazon.com.br","Crédito Mastercard e outros","Vendedor","","","","0","0","0","0","0","0","0","0","0","0"
"19 de fev. de 2026 09:51:36 GMT-8","25804998831","Serviços de Envio","701-8408243-3449826","","Tarifa de manuseio com base no peso Delivery by Amazon","","Amazon.com.br","Crédito Mastercard e outros","Vendedor","","","","0","0","0","0","0","0","0","-13,00","0","-13,00"
"19 de fev. de 2026 09:51:36 GMT-8","25804998831","Serviços de Envio","701-8408243-3449826","","Estorno do frete pago pelo comprador","","Amazon.com.br","Crédito Mastercard e outros","Vendedor","","","","0","0","0","0","0","0","0","0","0","0"
"19 de fev. de 2026 09:51:37 GMT-8","25804998831","Serviços de Envio","701-9262217-9901009","","Tarifa de manuseio com base no peso Delivery by Amazon","","Amazon.com.br","Crédito Mastercard e outros","Vendedor","","","","0","0","0","0","0","0","0","-15,00","0","-15,00"
"19 de fev. de 2026 09:51:37 GMT-8","25804998831","Serviços de Envio","701-9262217-9901009","","Estorno do frete pago pelo comprador","","Amazon.com.br","Crédito Mastercard e outros","Vendedor","","","","0","0","0","0","0","0","0","0","0","0"
"19 de fev. de 2026 09:51:45 GMT-8","25804998831","Serviços de Envio","701-5525836-9765054","","Tarifa de manuseio com base no peso Delivery by Amazon","","Amazon.com.br","Crédito Mastercard e outros","Vendedor","","","","0","0","0","0","0","0","0","-6,75","0","-6,75"
"19 de fev. de 2026 09:51:45 GMT-8","25804998831","Serviços de Envio","701-5525836-9765054","","Estorno do frete pago pelo comprador","","Amazon.com.br","Crédito Mastercard e outros","Vendedor","","","","0","0","0","0","0","0","0","0","0","0"
"19 de fev. de 2026 09:51:52 GMT-8","25804998831","Serviços de Envio","701-7723624-3801031","","Tarifa de manuseio com base no peso Delivery by Amazon","","Amazon.com.br","Crédito Mastercard e outros","Vendedor","","","","0","0","0","0","0","0","0","-6,75","0","-6,75"
"19 de fev. de 2026 09:51:52 GMT-8","25804998831","Serviços de Envio","701-7723624-3801031","","Estorno do frete pago pelo comprador","","Amazon.com.br","Crédito Mastercard e outros","Vendedor","","","","0","0","0","0","0","0","0","0","0","0"
"19 de fev. de 2026 09:51:55 GMT-8","25804998831","Serviços de Envio","702-5201409-7610651","","Tarifa de manuseio com base no peso Delivery by Amazon","","Amazon.com.br","Crédito Mastercard e outros","Vendedor","","","","0","0","0","0","0","0","0","-6,75","0","-6,75"
"19 de fev. de 2026 09:51:55 GMT-8","25804998831","Serviços de Envio","702-5201409-7610651","","Estorno do frete pago pelo comprador","","Amazon.com.br","Crédito Mastercard e outros","Vendedor","","","","0","0","0","0","0","0","0","0","0","0"
"19 de fev. de 2026 09:51:55 GMT-8","25804998831","Serviços de Envio","702-0812799-8323408","","Tarifa de manuseio com base no peso Delivery by Amazon","","Amazon.com.br","Crédito Mastercard e outros","Vendedor","","","","0","0","0","0","0","0","0","-6,75","0","-6,75"
"19 de fev. de 2026 09:51:55 GMT-8","25804998831","Serviços de Envio","702-0812799-8323408","","Estorno do frete pago pelo comprador","","Amazon.com.br","Crédito Mastercard e outros","Vendedor","","","","0","0","0","0","0","0","0","0","0","0"
"19 de fev. de 2026 09:51:55 GMT-8","25804998831","Serviços de Envio","702-5854063-5837052","","Tarifa de manuseio com base no peso Delivery by Amazon","","Amazon.com.br","Crédito Mastercard e outros","Vendedor","","","","0","0","0","0","0","0","0","-6,75","0","-6,75"
"19 de fev. de 2026 09:51:55 GMT-8","25804998831","Serviços de Envio","702-5854063-5837052","","Estorno do frete pago pelo comprador","","Amazon.com.br","Crédito Mastercard e outros","Vendedor","","","","0","0","0","0","0","0","0","0","0","0"
"19 de fev. de 2026 09:51:55 GMT-8","25804998831","Serviços de Envio","702-0579373-4009012","","Tarifa de manuseio com base no peso Delivery by Amazon","","Amazon.com.br","Crédito Mastercard e outros","Vendedor","","","","0","0","0","0","0","0","0","-6,75","0","-6,75"
"19 de fev. de 2026 09:51:55 GMT-8","25804998831","Serviços de Envio","702-0579373-4009012","","Estorno do frete pago pelo comprador","","Amazon.com.br","Crédito Mastercard e outros","Vendedor","","","","0","0","0","0","0","0","0","0","0","0"
"19 de fev. de 2026 09:52:03 GMT-8","25804998831","Serviços de Envio","701-6579210-4577037","","Tarifa de manuseio com base no peso Delivery by Amazon","","Amazon.com.br","Crédito Mastercard e outros","Vendedor","","","","0","0","0","0","0","0","0","-6,50","0","-6,50"
"19 de fev. de 2026 09:52:03 GMT-8","25804998831","Serviços de Envio","701-6579210-4577037","","Estorno do frete pago pelo comprador","","Amazon.com.br","Crédito Mastercard e outros","Vendedor","","","","0","0","0","0","0","0","0","0","0","0"
"19 de fev. de 2026 09:52:04 GMT-8","25804998831","Serviços de Envio","702-6559096-3378648","","Tarifa de manuseio com base no peso Delivery by Amazon","","Amazon.com.br","Crédito Mastercard e outros","Vendedor","","","","0","0","0","0","0","0","0","-6,75","0","-6,75"
"19 de fev. de 2026 09:52:04 GMT-8","25804998831","Serviços de Envio","702-6559096-3378648","","Estorno do frete pago pelo comprador","","Amazon.com.br","Crédito Mastercard e outros","Vendedor","","","","0","0","0","0","0","0","0","0","0","0"
"19 de fev. de 2026 09:52:09 GMT-8","25804998831","Serviços de Envio","701-2956023-6097028","","Tarifa de manuseio com base no peso Delivery by Amazon","","Amazon.com.br","Crédito Mastercard e outros","Vendedor","","","","0","0","0","0","0","0","0","-6,75","0","-6,75"
"19 de fev. de 2026 09:52:09 GMT-8","25804998831","Serviços de Envio","701-2956023-6097028","","Estorno do frete pago pelo comprador","","Amazon.com.br","Crédito Mastercard e outros","Vendedor","","","","0","0","0","0","0","0","0","0","0","0"
"19 de fev. de 2026 09:52:13 GMT-8","25804998831","Serviços de Envio","702-9020921-6944232","","Tarifa de manuseio com base no peso Delivery by Amazon","","Amazon.com.br","Crédito Mastercard e outros","Vendedor","","","","0","0","0","0","0","0","0","-6,75","0","-6,75"
"19 de fev. de 2026 09:52:13 GMT-8","25804998831","Serviços de Envio","702-9020921-6944232","","Estorno do frete pago pelo comprador","","Amazon.com.br","Crédito Mastercard e outros","Vendedor","","","","0","0","0","0","0","0","0","0","0","0"
"19 de fev. de 2026 09:52:13 GMT-8","25804998831","Serviços de Envio","702-2641543-6283407","","Tarifa de manuseio com base no peso Delivery by Amazon","","Amazon.com.br","Crédito Mastercard e outros","Vendedor","","","","0","0","0","0","0","0","0","-6,50","0","-6,50"
"19 de fev. de 2026 09:52:13 GMT-8","25804998831","Serviços de Envio","702-2641543-6283407","","Estorno do frete pago pelo comprador","","Amazon.com.br","Crédito Mastercard e outros","Vendedor","","","","0","0","0","0","0","0","0","0","0","0"
"19 de fev. de 2026 09:52:17 GMT-8","25804998831","Serviços de Envio","701-5087257-8580247","","Tarifa de manuseio com base no peso Delivery by Amazon","","Amazon.com.br","Crédito Mastercard e outros","Vendedor","","","","0","0","0","0","0","0","0","-6,75","0","-6,75"
"19 de fev. de 2026 09:52:17 GMT-8","25804998831","Serviços de Envio","701-5087257-8580247","","Estorno do frete pago pelo comprador","","Amazon.com.br","Crédito Mastercard e outros","Vendedor","","","","0","0","0","0","0","0","0","0","0","0"
"19 de fev. de 2026 09:52:25 GMT-8","25804998831","Serviços de Envio","702-5273309-4270665","","Tarifa de manuseio com base no peso Delivery by Amazon","","Amazon.com.br","Crédito Mastercard e outros","Vendedor","","","","0","0","0","0","0","0","0","-6,50","0","-6,50"
"19 de fev. de 2026 09:52:25 GMT-8","25804998831","Serviços de Envio","702-5273309-4270665","","Estorno do frete pago pelo comprador","","Amazon.com.br","Crédito Mastercard e outros","Vendedor","","","","0","0","0","0","0","0","0","0","0","0"
"19 de fev. de 2026 09:52:29 GMT-8","25804998831","Serviços de Envio","701-0109092-5189029","","Tarifa de manuseio com base no peso Delivery by Amazon","","Amazon.com.br","Crédito Mastercard e outros","Vendedor","","","","0","0","0","0","0","0","0","-6,75","0","-6,75"
"19 de fev. de 2026 09:52:29 GMT-8","25804998831","Serviços de Envio","701-0109092-5189029","","Estorno do frete pago pelo comprador","","Amazon.com.br","Crédito Mastercard e outros","Vendedor","","","","0","0","0","0","0","0","0","0","0","0"
"19 de fev. de 2026 13:46:43 GMT-8","25804560851","Pedido","701-2574831-0149051","CJ-W493-F620","Album fotografico scrapbook - Coleção Corações (Rosa)","1","amazon.com.br","Visa Crédito","Vendedor","Curitiba","Parana","80420","59,90","0","0","0","0","-7,79","0","0","0","52,11"
"19 de fev. de 2026 14:11:36 GMT-8","25804560851","Pedido","702-4772556-2249014","NA-O84R-Q2ON","Caderno Espiral Capa Dura, A5 210x150mm, 80 Folhas, Van gogh, Frases estoicas (Capa 1)","1","amazon.com.br","Visa Crédito","Vendedor","Brasília","DF","73105","78,90","0","0","0","0","-10,26","0","0","0","68,64"
"19 de fev. de 2026 16:08:18 GMT-8","25804998831","Transferir","","","Conta bancária com final: 192","","","Crédito Mastercard e outros","","","","","0","0","0","0","0","0","0","0","-2.236,87","-2.236,87"
"19 de fev. de 2026 16:08:18 GMT-8","25804560851","Transferir","","","Conta bancária com final: 192","","","Visa Crédito","","","","","0","0","0","0","0","0","0","0","-1.288,72","-1.288,72"
"19 de fev. de 2026 16:08:20 GMT-8","25805168211","Transferir","","","Conta bancária com final: 192","","","Elo","","","","","0","0","0","0","0","0","0","0","-143,07","-143,07"
"19 de fev. de 2026 16:32:43 GMT-8","25804560851","Transferir","","","Conta bancária com final: 192","","","Visa Crédito","","","","","0","0","0","0","0","0","0","0","-1.297,78","-1.297,78"
"19 de fev. de 2026 16:32:43 GMT-8","25804998831","Transferir","","","Conta bancária com final: 192","","","Crédito Mastercard e outros","","","","","0","0","0","0","0","0","0","0","-2.023,40","-2.023,40"
"19 de fev. de 2026 16:32:44 GMT-8","25805168211","Transferir","","","Conta bancária com final: 192","","","Elo","","","","","0","0","0","0","0","0","0","0","-145,46","-145,46"
"20 de fev. de 2026 00:11:50 GMT-8","25804998831","Pedido","702-3643479-8213836","YL-NANJ-F7TC","Caderno Preto 20x20cm - Scrapbook Álbum De Fotos Preto 20 Folhas / 40 Páginas - Gramatura 200, Folhas Grossas","1","amazon.com.br","Crédito Mastercard e outros","Amazon","Fortaleza","CE","60170","68,90","0","0","0","0","-8,27","-5,00","0","0","55,63"
"20 de fev. de 2026 01:52:28 GMT-8","25804998831","Pedido","701-9771500-6465843","RA-KICF-0Q47","Caderno Preto 20x20cm - Scrapbook Álbum De Fotos Preto 20 Folhas / 40 Páginas - Gramatura 200, Folhas Grossas","3","amazon.com.br","Crédito Mastercard e outros","Vendedor","brasilia","distrito federal","70670","176,70","0","0","0","0","-21,21","0","0","0","155,49"
"20 de fev. de 2026 02:18:36 GMT-8","25805549661","Pedido","701-0381860-9556222","RP-DBND-LHYX","Agenda Escolar 2026 - Calendario, provas, agendamento, recados, estudos do aluno, acompanhamento dos pais","1","amazon.com.br","Boleto","Vendedor","Manaus","AM","69028","55,90","31,50","0","0","0","-7,27","0","0","0","80,13"
"20 de fev. de 2026 02:25:28 GMT-8","25805549661","Pedido","702-0366027-0597009","19-ZM79-H2VA","Agenda Escolar Infantil 2026 - A5 100 Folhas - 15x21cm - Capa Dura","1","amazon.com.br","Boleto","Vendedor","Janaúba","MG","39445","55,90","0","0","0","0","-7,27","0","0","0","48,63"
"20 de fev. de 2026 05:06:11 GMT-8","25805549661","Pedido","702-7473530-6319454","YL-NANJ-F7TC","Caderno Preto 20x20cm - Scrapbook Álbum De Fotos Preto 20 Folhas / 40 Páginas - Gramatura 200, Folhas Grossas","1","amazon.com.br","Boleto","Amazon","Davinópolis","Maranhão","65927","68,90","8,22","0","-8,22","0","-8,27","-5,00","0","0","55,63"
"20 de fev. de 2026 05:14:02 GMT-8","25805549661","Pedido","702-2019171-8457001","9Z-2E03-PKRS","Planner Financeiro A5 - Organizador de Despesas e Receitas, 100 Folhas, Coleção Colors""","1","amazon.com.br","Boleto","Vendedor","Sapucaia do Sul","RS","93218","78,90","0","0","0","0","-10,26","0","0","0","68,64"
"20 de fev. de 2026 06:29:33 GMT-8","25805549661","Pedido","701-4844519-1445068","0Q-EK6Z-SV84","Planner 2026 Floral - Planejamento Anual com Roda da Vida A5, Gestão Financeira, Organização Pessoal, Metas e Saúde, Capa Dura Laminada, Agenda Se","1","amazon.com.br","Boleto","Vendedor","Itajaí","SC","88303","59,90","0","0","0","0","-7,79","0","0","0","52,11"
"20 de fev. de 2026 07:04:07 GMT-8","25805549661","Pedido","702-8246973-0481823","92-CTAN-4AJQ","Caderno Scrapbook - 20 Folhas - Livro De Assinatura Folhas Pretas 20x19 Álbum De Fotos Scrapbook Preto 40 Páginas - 20x19","1","amazon.com.br","Boleto","Amazon","Fortaleza","Ceará","60120","78,90","8,90","0","-8,90","0","-9,47","-5,00","0","0","64,43"
"20 de fev. de 2026 07:10:43 GMT-8","25805549661","Pedido","701-2425640-9963451","RP-DBND-LHYX","Agenda Escolar 2026 - Calendario, provas, agendamento, recados, estudos do aluno, acompanhamento dos pais","1","amazon.com.br","Boleto","Vendedor","Vila Velha","ES","29113","55,90","0","0","0","0","-7,27","0","0","0","48,63"
"20 de fev. de 2026 07:17:39 GMT-8","25805549661","Pedido","701-5685011-4027446","V7-N8TP-MCL5","Album fotografico scrapbook - Coleção Corações (Vermelho)","2","amazon.com.br","Boleto","Vendedor","Campinas","SP","13083","119,80","0","0","0","0","-15,58","0","0","0","104,22"
"20 de fev. de 2026 07:25:39 GMT-8","25804560851","Pedido","701-6718455-3270665","A3-Y0XA-VW63","Caderno 200 Folhas A5, Pautado, Anotações - Coleção Harmonia (Alegre-se)","1","amazon.com.br","Visa Crédito","Vendedor","Rio de Janeiro","RJ","22031","119,90","0","0","0","0","-15,59","0","0","0","104,31"
"20 de fev. de 2026 08:59:18 GMT-8","25804998831","Reembolsos","701-2044704-3140225","9X-HUC9-I83L","Reembolso para pacotes extraviados","1","amazon.com.br","Crédito Mastercard e outros","Vendedor","","","","0","0","0","0","0","0","0","0","78,90","78,90"
"20 de fev. de 2026 11:16:12 GMT-8","25804998831","Serviços de Envio","701-6917433-3340240","","Tarifa de manuseio com base no peso Delivery by Amazon","","Amazon.com.br","Crédito Mastercard e outros","Vendedor","","","","0","0","0","0","0","0","0","-6,75","0","-6,75"
"20 de fev. de 2026 11:16:12 GMT-8","25804998831","Serviços de Envio","701-6917433-3340240","","Estorno do frete pago pelo comprador","","Amazon.com.br","Crédito Mastercard e outros","Vendedor","","","","0","0","0","0","0","0","0","0","0","0"
"20 de fev. de 2026 11:16:14 GMT-8","25804998831","Serviços de Envio","701-6770433-8125869","","Tarifa de manuseio com base no peso Delivery by Amazon","","Amazon.com.br","Crédito Mastercard e outros","Vendedor","","","","0","0","0","0","0","0","0","-6,75","0","-6,75"
"20 de fev. de 2026 11:16:14 GMT-8","25804998831","Serviços de Envio","701-6770433-8125869","","Estorno do frete pago pelo comprador","","Amazon.com.br","Crédito Mastercard e outros","Vendedor","","","","0","0","0","0","0","0","0","0","0","0"
"20 de fev. de 2026 11:16:18 GMT-8","25804998831","Serviços de Envio","702-0131455-6639424","","Tarifa de manuseio com base no peso Delivery by Amazon","","Amazon.com.br","Crédito Mastercard e outros","Vendedor","","","","0","0","0","0","0","0","0","-6,75","0","-6,75"
"20 de fev. de 2026 11:16:18 GMT-8","25804998831","Serviços de Envio","702-0131455-6639424","","Estorno do frete pago pelo comprador","","Amazon.com.br","Crédito Mastercard e outros","Vendedor","","","","0","0","0","0","0","0","0","0","0","0"
"20 de fev. de 2026 11:16:25 GMT-8","25804998831","Serviços de Envio","701-6549562-1780248","","Tarifa de manuseio com base no peso Delivery by Amazon","","Amazon.com.br","Crédito Mastercard e outros","Vendedor","","","","0","0","0","0","0","0","0","-6,75","0","-6,75"
"20 de fev. de 2026 11:16:25 GMT-8","25804998831","Serviços de Envio","701-6549562-1780248","","Estorno do frete pago pelo comprador","","Amazon.com.br","Crédito Mastercard e outros","Vendedor","","","","0","0","0","0","0","0","0","0","0","0"
"20 de fev. de 2026 11:16:30 GMT-8","25804998831","Serviços de Envio","702-2470890-8118610","","Tarifa de manuseio com base no peso Delivery by Amazon","","Amazon.com.br","Crédito Mastercard e outros","Vendedor","","","","0","0","0","0","0","0","0","-6,75","0","-6,75"
"20 de fev. de 2026 11:16:30 GMT-8","25804998831","Serviços de Envio","702-2470890-8118610","","Estorno do frete pago pelo comprador","","Amazon.com.br","Crédito Mastercard e outros","Vendedor","","","","0","0","0","0","0","0","0","0","0","0"
"20 de fev. de 2026 11:16:31 GMT-8","25804998831","Serviços de Envio","701-9388809-2420239","","Tarifa de manuseio com base no peso Delivery by Amazon","","Amazon.com.br","Crédito Mastercard e outros","Vendedor","","","","0","0","0","0","0","0","0","-6,75","0","-6,75"
"20 de fev. de 2026 11:16:31 GMT-8","25804998831","Serviços de Envio","701-9388809-2420239","","Estorno do frete pago pelo comprador","","Amazon.com.br","Crédito Mastercard e outros","Vendedor","","","","0","0","0","0","0","0","0","0","0","0"
"20 de fev. de 2026 11:16:35 GMT-8","25804998831","Serviços de Envio","702-1267967-7950623","","Tarifa de manuseio com base no peso Delivery by Amazon","","Amazon.com.br","Crédito Mastercard e outros","Vendedor","","","","0","0","0","0","0","0","0","-6,75","0","-6,75"
"20 de fev. de 2026 11:16:35 GMT-8","25804998831","Serviços de Envio","702-1267967-7950623","","Estorno do frete pago pelo comprador","","Amazon.com.br","Crédito Mastercard e outros","Vendedor","","","","0","0","0","0","0","0","0","0","0","0"
"20 de fev. de 2026 11:16:35 GMT-8","25804998831","Serviços de Envio","702-1774216-7413068","","Tarifa de manuseio com base no peso Delivery by Amazon","","Amazon.com.br","Crédito Mastercard e outros","Vendedor","","","","0","0","0","0","0","0","0","-6,75","0","-6,75"
"20 de fev. de 2026 11:16:35 GMT-8","25804998831","Serviços de Envio","702-1774216-7413068","","Estorno do frete pago pelo comprador","","Amazon.com.br","Crédito Mastercard e outros","Vendedor","","","","0","0","0","0","0","0","0","-20,00","0","-20,00"
"20 de fev. de 2026 11:16:36 GMT-8","25804998831","Serviços de Envio","702-3428265-1684220","","Tarifa de manuseio com base no peso Delivery by Amazon","","Amazon.com.br","Crédito Mastercard e outros","Vendedor","","","","0","0","0","0","0","0","0","-6,75","0","-6,75"
"20 de fev. de 2026 11:16:36 GMT-8","25804998831","Serviços de Envio","702-3428265-1684220","","Estorno do frete pago pelo comprador","","Amazon.com.br","Crédito Mastercard e outros","Vendedor","","","","0","0","0","0","0","0","0","0","0","0"
"20 de fev. de 2026 11:16:42 GMT-8","25804998831","Serviços de Envio","702-1084065-5671427","","Tarifa de manuseio com base no peso Delivery by Amazon","","Amazon.com.br","Crédito Mastercard e outros","Vendedor","","","","0","0","0","0","0","0","0","-6,75","0","-6,75"
"20 de fev. de 2026 11:16:42 GMT-8","25804998831","Serviços de Envio","702-1084065-5671427","","Estorno do frete pago pelo comprador","","Amazon.com.br","Crédito Mastercard e outros","Vendedor","","","","0","0","0","0","0","0","0","0","0","0"
"20 de fev. de 2026 11:16:51 GMT-8","25804998831","Serviços de Envio","701-9947665-3474620","","Tarifa de manuseio com base no peso Delivery by Amazon","","Amazon.com.br","Crédito Mastercard e outros","Vendedor","","","","0","0","0","0","0","0","0","-6,75","0","-6,75"
"20 de fev. de 2026 11:16:51 GMT-8","25804998831","Serviços de Envio","701-9947665-3474620","","Estorno do frete pago pelo comprador","","Amazon.com.br","Crédito Mastercard e outros","Vendedor","","","","0","0","0","0","0","0","0","0","0","0"
"20 de fev. de 2026 11:16:58 GMT-8","25804998831","Serviços de Envio","702-7824801-1857823","","Tarifa de manuseio com base no peso Delivery by Amazon","","Amazon.com.br","Crédito Mastercard e outros","Vendedor","","","","0","0","0","0","0","0","0","-6,75","0","-6,75"
"20 de fev. de 2026 11:16:58 GMT-8","25804998831","Serviços de Envio","702-7824801-1857823","","Estorno do frete pago pelo comprador","","Amazon.com.br","Crédito Mastercard e outros","Vendedor","","","","0","0","0","0","0","0","0","0","0","0"
"20 de fev. de 2026 11:17:03 GMT-8","25804998831","Serviços de Envio","701-2765331-4703405","","Tarifa de manuseio com base no peso Delivery by Amazon","","Amazon.com.br","Crédito Mastercard e outros","Vendedor","","","","0","0","0","0","0","0","0","-6,75","0","-6,75"
"20 de fev. de 2026 11:17:03 GMT-8","25804998831","Serviços de Envio","701-2765331-4703405","","Estorno do frete pago pelo comprador","","Amazon.com.br","Crédito Mastercard e outros","Vendedor","","","","0","0","0","0","0","0","0","-21,31","0","-21,31"
"20 de fev. de 2026 14:30:21 GMT-8","25804998831","Taxa de serviço","","","Custo de Publicidade","","","Crédito Mastercard e outros","","","","","0","0","0","0","0","0","0","-2.507,82","0","-2.507,82"
"20 de fev. de 2026 14:37:36 GMT-8","25805549661","Transferir","","","Conta bancária com final: 192","","","Boleto","","","","","0","0","0","0","0","0","0","0","-800,54","-800,54"
"20 de fev. de 2026 15:34:02 GMT-8","25805549661","Pedido","702-6667728-8089024","YL-NANJ-F7TC","Caderno Preto 20x20cm - Scrapbook Álbum De Fotos Preto 20 Folhas / 40 Páginas - Gramatura 200, Folhas Grossas","1","amazon.com.br","Boleto","Amazon","Porto Velho","RO","76821","68,90","8,90","0","-8,90","0","-8,27","-5,00","0","0","55,63"
"20 de fev. de 2026 22:01:52 GMT-8","25804998831","Pedido","702-6518887-3501868","V7-N8TP-MCL5","Album fotografico scrapbook - Coleção Corações (Vermelho)","1","amazon.com.br","Crédito Mastercard e outros","Vendedor","Vitória","ES","29050","59,90","0","0","0","0","-7,79","0","0","0","52,11"
"20 de fev. de 2026 22:57:01 GMT-8","25805549661","Pedido","702-1079371-8682648","0Q-EK6Z-SV84","Planner 2026 Floral - Planejamento Anual com Roda da Vida A5, Gestão Financeira, Organização Pessoal, Metas e Saúde, Capa Dura Laminada, Agenda Se","1","amazon.com.br","Boleto","Vendedor","São Paulo das Missões","RS","97980","78,90","0","0","0","0","-10,26","0","0","0","68,64"
"20 de fev. de 2026 23:42:37 GMT-8","25804560851","Pedido","702-0216839-1657839","0Q-EK6Z-SV84","Planner 2026 Floral - Planejamento Anual com Roda da Vida A5, Gestão Financeira, Organização Pessoal, Metas e Saúde, Capa Dura Laminada, Agenda Se","1","amazon.com.br","Visa Crédito","Vendedor","Ivoti","RS","93900","59,90","0","0","0","0","-7,79","0","0","0","52,11"
"21 de fev. de 2026 00:37:11 GMT-8","25805549661","Pedido","701-7188878-3423440","FC-4UI1-425Z","Caderno Scrapbook - 20 Folhas - Livro De Assinatura Folhas Pretas 20x19 Álbum De Fotos Scrapbook Preto 40 Páginas - 20x19","1","amazon.com.br","Boleto","Vendedor","Araçoiaba da Serra","SP","18191","72,90","0","0","0","0","-8,75","0","0","0","64,15"
"21 de fev. de 2026 01:49:53 GMT-8","25804560851","Pedido","701-0569572-5452205","RA-KICF-0Q47","Caderno Preto 20x20cm - Scrapbook Álbum De Fotos Preto 20 Folhas / 40 Páginas - Gramatura 200, Folhas Grossas","1","amazon.com.br","Visa Crédito","Vendedor","Brasília","DF","71065","58,90","0","0","0","0","-7,07","0","0","0","51,83"
"21 de fev. de 2026 02:08:14 GMT-8","25804998831","Pedido","702-1481725-1378623","V7-N8TP-MCL5","Album fotografico scrapbook - Coleção Corações (Vermelho)","1","amazon.com.br","Crédito Mastercard e outros","Vendedor","Porto Alegre","RS","90050","59,90","0","0","0","0","-7,79","0","0","0","52,11"
"21 de fev. de 2026 02:51:35 GMT-8","25804998831","Pedido","702-5910242-4290655","NV-SRB6-JF1U","Agenda Escolar Cosmos 2026 - Calendario, provas, agendamento, recados, estudos do aluno, acompanhamento dos pais","1","amazon.com.br","Crédito Mastercard e outros","Vendedor","São Paulo","SP","02038","59,90","0","0","0","0","-7,79","0","0","0","52,11"
"21 de fev. de 2026 03:38:59 GMT-8","25804560851","Pedido","701-6016909-3999435","YL-NANJ-F7TC","Caderno Preto 20x20cm - Scrapbook Álbum De Fotos Preto 20 Folhas / 40 Páginas - Gramatura 200, Folhas Grossas","1","amazon.com.br","Visa Crédito","Amazon","São Paulo","SP","05017","68,90","0","0","0","0","-8,27","-5,00","0","0","55,63"
"21 de fev. de 2026 03:46:10 GMT-8","25804998831","Pedido","701-3392023-9004241","V7-N8TP-MCL5","Album fotografico scrapbook - Coleção Corações (Vermelho)","1","amazon.com.br","Crédito Mastercard e outros","Vendedor","Alvorada","RS","94818","59,90","0","0","0","0","-7,79","0","0","0","52,11"
"21 de fev. de 2026 05:58:02 GMT-8","25804998831","Pedido","702-5340906-6899451","QG-AEAJ-Q95I","Caderno A5-1 Frase por pagina - 200 Paginas - Pautado - Estoicismo, filosofia","1","amazon.com.br","Crédito Mastercard e outros","Vendedor","São Paulo","SP","04359","78,90","0","0","0","0","-10,26","0","0","0","68,64"
"21 de fev. de 2026 06:11:06 GMT-8","25804560851","Pedido","702-3408148-3874654","RP-DBND-LHYX","Agenda Escolar 2026 - Calendario, provas, agendamento, recados, estudos do aluno, acompanhamento dos pais","1","amazon.com.br","Visa Crédito","Vendedor","Niterói","RJ","24220","55,90","0","0","0","0","-7,27","0","0","0","48,63"
"21 de fev. de 2026 06:30:49 GMT-8","25804560851","Pedido","701-1427282-1117059","AA-2SEI-HBU9","Planner 2026 - Delicado por fora, poderoso por dentro - organize-se com encanto!","1","amazon.com.br","Visa Crédito","Vendedor","Contagem","MG","32340","59,90","0","0","0","0","-7,79","0","0","0","52,11"
"21 de fev. de 2026 06:40:06 GMT-8","25804998831","Pedido","701-6737876-3513052","AA-2SEI-HBU9","Planner 2026 - Delicado por fora, poderoso por dentro - organize-se com encanto!","1","amazon.com.br","Crédito Mastercard e outros","Vendedor","Nazaré","BA","44400","78,90","21,71","0","0","0","-10,26","0","0","0","90,35"
"21 de fev. de 2026 06:41:29 GMT-8","25804560851","Pedido","701-2956193-6433815","RA-KICF-0Q47","Caderno Preto 20x20cm - Scrapbook Álbum De Fotos Preto 20 Folhas / 40 Páginas - Gramatura 200, Folhas Grossas","1","amazon.com.br","Visa Crédito","Vendedor","Brasília","DF","70833","58,90","0","0","0","0","-7,07","0","0","0","51,83"
"21 de fev. de 2026 06:56:30 GMT-8","25804998831","Pedido","702-4309893-9919468","YL-NANJ-F7TC","Caderno Preto 20x20cm - Scrapbook Álbum De Fotos Preto 20 Folhas / 40 Páginas - Gramatura 200, Folhas Grossas","1","amazon.com.br","Crédito Mastercard e outros","Amazon","São Paulo","SP","04321","68,90","0","0","0","0","-8,27","-5,00","0","0","55,63"
"21 de fev. de 2026 07:17:23 GMT-8","25804998831","Pedido","702-5988288-4519450","CJ-W493-F620","Album fotografico scrapbook - Coleção Corações (Rosa)","1","amazon.com.br","Crédito Mastercard e outros","Vendedor","São Bernardo do Campo","SP","09606","59,90","0","0","0","0","-7,79","0","0","0","52,11"
"21 de fev. de 2026 09:55:47 GMT-8","25805549661","Reembolso","702-5470531-0444211","14-02SK-RART","Caderno De Anotações - 200 Pag - Flores Naturais","1","amazon.com.br","Boleto","Amazon","João Pessoa","PB","58068","-49,90","-8,90","0","8,90","0","5,19","0","0","0","-44,71"
"21 de fev. de 2026 18:01:41 GMT-8","25804998831","Ajuste","702-3053494-7705020","NE-POTU-KWNU","Reembolso de Estoque FBA - Devolução do cliente","1","","Crédito Mastercard e outros","","","","","0","0","0","0","0","0","0","0","40,15","40,15"
"22 de fev. de 2026 00:37:35 GMT-8","25804998831","Ajuste","701-6193419-6509866","7I-1FLT-DOZ6","Reembolso de Estoque FBA - Devolução do cliente","1","","Crédito Mastercard e outros","","","","","0","0","0","0","0","0","0","0","63,64","63,64"
"22 de fev. de 2026 06:24:30 GMT-8","25804998831","Pedido","702-4345146-7625004","YL-NANJ-F7TC","Caderno Preto 20x20cm - Scrapbook Álbum De Fotos Preto 20 Folhas / 40 Páginas - Gramatura 200, Folhas Grossas","1","amazon.com.br","Crédito Mastercard e outros","Amazon","Joinville","SC","89216","68,90","0","0","0","0","-8,27","-5,00","0","0","55,63"
"22 de fev. de 2026 09:36:02 GMT-8","25804998831","Ajuste","","DV-9MDQ-YD9E","Reembolso de Estoque FBA - Perdido:Depósito","1","","Crédito Mastercard e outros","","","","","0","0","0","0","0","0","0","0","44,19","44,19"
"22 de fev. de 2026 23:30:42 GMT-8","25805549661","Pedido","702-6753050-1323447","V7-N8TP-MCL5","Album fotografico scrapbook - Coleção Corações (Vermelho)","1","amazon.com.br","Boleto","Vendedor","Rio de Janeiro","RJ","22776","59,90","0","0","0","0","-7,79","0","0","0","52,11"
"23 de fev. de 2026 00:20:49 GMT-8","25804998831","Ajuste","701-0451569-3006634","N3-Y3CG-4CQP","Reembolso de Estoque FBA - Devolução do cliente","1","","Crédito Mastercard e outros","","","","","0","0","0","0","0","0","0","0","63,64","63,64"
"23 de fev. de 2026 11:30:26 GMT-8","25804998831","Serviços de Envio","702-3311049-3350646","","Tarifa de manuseio com base no peso Delivery by Amazon","","Amazon.com.br","Crédito Mastercard e outros","Vendedor","","","","0","0","0","0","0","0","0","-6,75","0","-6,75"
"23 de fev. de 2026 11:30:26 GMT-8","25804998831","Serviços de Envio","702-3311049-3350646","","Estorno do frete pago pelo comprador","","Amazon.com.br","Crédito Mastercard e outros","Vendedor","","","","0","0","0","0","0","0","0","0","0","0"
"23 de fev. de 2026 11:30:30 GMT-8","25804998831","Serviços de Envio","702-7916391-6706635","","Tarifa de manuseio com base no peso Delivery by Amazon","","Amazon.com.br","Crédito Mastercard e outros","Vendedor","","","","0","0","0","0","0","0","0","-6,75","0","-6,75"
"23 de fev. de 2026 11:30:30 GMT-8","25804998831","Serviços de Envio","702-7916391-6706635","","Estorno do frete pago pelo comprador","","Amazon.com.br","Crédito Mastercard e outros","Vendedor","","","","0","0","0","0","0","0","0","0","0","0"
"23 de fev. de 2026 11:30:31 GMT-8","25804998831","Serviços de Envio","702-6105505-8376253","","Tarifa de manuseio com base no peso Delivery by Amazon","","Amazon.com.br","Crédito Mastercard e outros","Vendedor","","","","0","0","0","0","0","0","0","-6,75","0","-6,75"
"23 de fev. de 2026 11:30:31 GMT-8","25804998831","Serviços de Envio","702-6105505-8376253","","Estorno do frete pago pelo comprador","","Amazon.com.br","Crédito Mastercard e outros","Vendedor","","","","0","0","0","0","0","0","0","0","0","0"
"23 de fev. de 2026 11:30:31 GMT-8","25804998831","Serviços de Envio","701-3885153-9870626","","Tarifa de manuseio com base no peso Delivery by Amazon","","Amazon.com.br","Crédito Mastercard e outros","Vendedor","","","","0","0","0","0","0","0","0","-6,75","0","-6,75"
"23 de fev. de 2026 11:30:31 GMT-8","25804998831","Serviços de Envio","701-3885153-9870626","","Estorno do frete pago pelo comprador","","Amazon.com.br","Crédito Mastercard e outros","Vendedor","","","","0","0","0","0","0","0","0","0","0","0"
"23 de fev. de 2026 11:30:35 GMT-8","25804998831","Serviços de Envio","701-0129359-5402649","","Tarifa de manuseio com base no peso Delivery by Amazon","","Amazon.com.br","Crédito Mastercard e outros","Vendedor","","","","0","0","0","0","0","0","0","-6,75","0","-6,75"
"23 de fev. de 2026 11:30:35 GMT-8","25804998831","Serviços de Envio","701-0129359-5402649","","Estorno do frete pago pelo comprador","","Amazon.com.br","Crédito Mastercard e outros","Vendedor","","","","0","0","0","0","0","0","0","0","0","0"
"23 de fev. de 2026 11:30:39 GMT-8","25804998831","Serviços de Envio","702-2537427-1247433","","Tarifa de manuseio com base no peso Delivery by Amazon","","Amazon.com.br","Crédito Mastercard e outros","Vendedor","","","","0","0","0","0","0","0","0","-6,75","0","-6,75"
"23 de fev. de 2026 11:30:39 GMT-8","25804998831","Serviços de Envio","702-2537427-1247433","","Estorno do frete pago pelo comprador","","Amazon.com.br","Crédito Mastercard e outros","Vendedor","","","","0","0","0","0","0","0","0","0","0","0"
"23 de fev. de 2026 11:30:39 GMT-8","25804998831","Serviços de Envio","702-8235636-6792247","","Tarifa de manuseio com base no peso Delivery by Amazon","","Amazon.com.br","Crédito Mastercard e outros","Vendedor","","","","0","0","0","0","0","0","0","-6,75","0","-6,75"
"23 de fev. de 2026 11:30:39 GMT-8","25804998831","Serviços de Envio","702-8235636-6792247","","Estorno do frete pago pelo comprador","","Amazon.com.br","Crédito Mastercard e outros","Vendedor","","","","0","0","0","0","0","0","0","0","0","0"
"23 de fev. de 2026 11:30:40 GMT-8","25804998831","Serviços de Envio","701-8638965-5017050","","Tarifa de manuseio com base no peso Delivery by Amazon","","Amazon.com.br","Crédito Mastercard e outros","Vendedor","","","","0","0","0","0","0","0","0","-6,75","0","-6,75"
"23 de fev. de 2026 11:30:40 GMT-8","25804998831","Serviços de Envio","701-8638965-5017050","","Estorno do frete pago pelo comprador","","Amazon.com.br","Crédito Mastercard e outros","Vendedor","","","","0","0","0","0","0","0","0","0","0","0"
"23 de fev. de 2026 11:30:43 GMT-8","25804998831","Serviços de Envio","701-4825277-4199416","","Tarifa de manuseio com base no peso Delivery by Amazon","","Amazon.com.br","Crédito Mastercard e outros","Vendedor","","","","0","0","0","0","0","0","0","-6,75","0","-6,75"
"23 de fev. de 2026 11:30:43 GMT-8","25804998831","Serviços de Envio","701-4825277-4199416","","Estorno do frete pago pelo comprador","","Amazon.com.br","Crédito Mastercard e outros","Vendedor","","","","0","0","0","0","0","0","0","0","0","0"
"23 de fev. de 2026 11:30:44 GMT-8","25804998831","Serviços de Envio","702-0933687-8925802","","Tarifa de manuseio com base no peso Delivery by Amazon","","Amazon.com.br","Crédito Mastercard e outros","Vendedor","","","","0","0","0","0","0","0","0","-6,75","0","-6,75"
"23 de fev. de 2026 11:30:44 GMT-8","25804998831","Serviços de Envio","702-0933687-8925802","","Estorno do frete pago pelo comprador","","Amazon.com.br","Crédito Mastercard e outros","Vendedor","","","","0","0","0","0","0","0","0","0","0","0"
"23 de fev. de 2026 11:30:45 GMT-8","25804998831","Serviços de Envio","701-3781136-3616262","","Tarifa de manuseio com base no peso Delivery by Amazon","","Amazon.com.br","Crédito Mastercard e outros","Vendedor","","","","0","0","0","0","0","0","0","-6,75","0","-6,75"
"23 de fev. de 2026 11:30:45 GMT-8","25804998831","Serviços de Envio","701-3781136-3616262","","Estorno do frete pago pelo comprador","","Amazon.com.br","Crédito Mastercard e outros","Vendedor","","","","0","0","0","0","0","0","0","-20,53","0","-20,53"
"23 de fev. de 2026 11:30:48 GMT-8","25804998831","Serviços de Envio","701-5279135-6228254","","Tarifa de manuseio com base no peso Delivery by Amazon","","Amazon.com.br","Crédito Mastercard e outros","Vendedor","","","","0","0","0","0","0","0","0","-6,75","0","-6,75"
"23 de fev. de 2026 11:30:48 GMT-8","25804998831","Serviços de Envio","701-5279135-6228254","","Estorno do frete pago pelo comprador","","Amazon.com.br","Crédito Mastercard e outros","Vendedor","","","","0","0","0","0","0","0","0","0","0","0"
"23 de fev. de 2026 11:30:49 GMT-8","25804998831","Serviços de Envio","702-1103120-9535424","","Tarifa de manuseio com base no peso Delivery by Amazon","","Amazon.com.br","Crédito Mastercard e outros","Vendedor","","","","0","0","0","0","0","0","0","-6,75","0","-6,75"
"23 de fev. de 2026 11:30:49 GMT-8","25804998831","Serviços de Envio","702-1103120-9535424","","Estorno do frete pago pelo comprador","","Amazon.com.br","Crédito Mastercard e outros","Vendedor","","","","0","0","0","0","0","0","0","-21,08","0","-21,08"
"23 de fev. de 2026 11:30:49 GMT-8","25804998831","Serviços de Envio","702-9419727-6885035","","Tarifa de manuseio com base no peso Delivery by Amazon","","Amazon.com.br","Crédito Mastercard e outros","Vendedor","","","","0","0","0","0","0","0","0","-6,75","0","-6,75"
"23 de fev. de 2026 11:30:49 GMT-8","25804998831","Serviços de Envio","702-9419727-6885035","","Estorno do frete pago pelo comprador","","Amazon.com.br","Crédito Mastercard e outros","Vendedor","","","","0","0","0","0","0","0","0","0","0","0"
"23 de fev. de 2026 11:30:49 GMT-8","25804998831","Serviços de Envio","701-7697478-0175466","","Tarifa de manuseio com base no peso Delivery by Amazon","","Amazon.com.br","Crédito Mastercard e outros","Vendedor","","","","0","0","0","0","0","0","0","-6,75","0","-6,75"
"23 de fev. de 2026 11:30:49 GMT-8","25804998831","Serviços de Envio","701-7697478-0175466","","Estorno do frete pago pelo comprador","","Amazon.com.br","Crédito Mastercard e outros","Vendedor","","","","0","0","0","0","0","0","0","0","0","0"
"23 de fev. de 2026 11:30:50 GMT-8","25804998831","Serviços de Envio","702-9840728-3335462","","Tarifa de manuseio com base no peso Delivery by Amazon","","Amazon.com.br","Crédito Mastercard e outros","Vendedor","","","","0","0","0","0","0","0","0","-6,75","0","-6,75"
"23 de fev. de 2026 11:30:50 GMT-8","25804998831","Serviços de Envio","702-9840728-3335462","","Estorno do frete pago pelo comprador","","Amazon.com.br","Crédito Mastercard e outros","Vendedor","","","","0","0","0","0","0","0","0","0","0","0"
"23 de fev. de 2026 11:30:50 GMT-8","25804998831","Serviços de Envio","701-4004747-0684261","","Tarifa de manuseio com base no peso Delivery by Amazon","","Amazon.com.br","Crédito Mastercard e outros","Vendedor","","","","0","0","0","0","0","0","0","-6,75","0","-6,75"
"23 de fev. de 2026 11:30:50 GMT-8","25804998831","Serviços de Envio","701-4004747-0684261","","Estorno do frete pago pelo comprador","","Amazon.com.br","Crédito Mastercard e outros","Vendedor","","","","0","0","0","0","0","0","0","0","0","0"
"23 de fev. de 2026 11:30:50 GMT-8","25804998831","Serviços de Envio","701-2231524-0999453","","Tarifa de manuseio com base no peso Delivery by Amazon","","Amazon.com.br","Crédito Mastercard e outros","Vendedor","","","","0","0","0","0","0","0","0","-6,75","0","-6,75"
"23 de fev. de 2026 11:30:50 GMT-8","25804998831","Serviços de Envio","701-2231524-0999453","","Estorno do frete pago pelo comprador","","Amazon.com.br","Crédito Mastercard e outros","Vendedor","","","","0","0","0","0","0","0","0","0","0","0"
"23 de fev. de 2026 11:30:53 GMT-8","25804998831","Serviços de Envio","701-3841955-5684201","","Tarifa de manuseio com base no peso Delivery by Amazon","","Amazon.com.br","Crédito Mastercard e outros","Vendedor","","","","0","0","0","0","0","0","0","-6,75","0","-6,75"
"23 de fev. de 2026 11:30:53 GMT-8","25804998831","Serviços de Envio","701-3841955-5684201","","Estorno do frete pago pelo comprador","","Amazon.com.br","Crédito Mastercard e outros","Vendedor","","","","0","0","0","0","0","0","0","0","0","0"
"23 de fev. de 2026 11:30:54 GMT-8","25804998831","Serviços de Envio","702-6391044-3198625","","Tarifa de manuseio com base no peso Delivery by Amazon","","Amazon.com.br","Crédito Mastercard e outros","Vendedor","","","","0","0","0","0","0","0","0","-6,75","0","-6,75"
"23 de fev. de 2026 11:30:54 GMT-8","25804998831","Serviços de Envio","702-6391044-3198625","","Estorno do frete pago pelo comprador","","Amazon.com.br","Crédito Mastercard e outros","Vendedor","","","","0","0","0","0","0","0","0","0","0","0"
"23 de fev. de 2026 11:30:58 GMT-8","25804998831","Serviços de Envio","701-7217441-6076257","","Tarifa de manuseio com base no peso Delivery by Amazon","","Amazon.com.br","Crédito Mastercard e outros","Vendedor","","","","0","0","0","0","0","0","0","-6,75","0","-6,75"
"23 de fev. de 2026 11:30:58 GMT-8","25804998831","Serviços de Envio","701-7217441-6076257","","Estorno do frete pago pelo comprador","","Amazon.com.br","Crédito Mastercard e outros","Vendedor","","","","0","0","0","0","0","0","0","0","0","0"
"23 de fev. de 2026 11:30:58 GMT-8","25804998831","Serviços de Envio","701-8801487-0141001","","Tarifa de manuseio com base no peso Delivery by Amazon","","Amazon.com.br","Crédito Mastercard e outros","Vendedor","","","","0","0","0","0","0","0","0","-6,75","0","-6,75"
"23 de fev. de 2026 11:30:58 GMT-8","25804998831","Serviços de Envio","701-8801487-0141001","","Estorno do frete pago pelo comprador","","Amazon.com.br","Crédito Mastercard e outros","Vendedor","","","","0","0","0","0","0","0","0","0","0","0"
"23 de fev. de 2026 11:30:58 GMT-8","25804998831","Serviços de Envio","701-0099221-9935461","","Tarifa de manuseio com base no peso Delivery by Amazon","","Amazon.com.br","Crédito Mastercard e outros","Vendedor","","","","0","0","0","0","0","0","0","-20,25","0","-20,25"
"23 de fev. de 2026 11:30:58 GMT-8","25804998831","Serviços de Envio","701-0099221-9935461","","Estorno do frete pago pelo comprador","","Amazon.com.br","Crédito Mastercard e outros","Vendedor","","","","0","0","0","0","0","0","0","0","0","0"
"23 de fev. de 2026 11:30:59 GMT-8","25804998831","Serviços de Envio","702-3705702-6691410","","Tarifa de manuseio com base no peso Delivery by Amazon","","Amazon.com.br","Crédito Mastercard e outros","Vendedor","","","","0","0","0","0","0","0","0","-6,75","0","-6,75"
"23 de fev. de 2026 11:30:59 GMT-8","25804998831","Serviços de Envio","702-3705702-6691410","","Estorno do frete pago pelo comprador","","Amazon.com.br","Crédito Mastercard e outros","Vendedor","","","","0","0","0","0","0","0","0","0","0","0"
"23 de fev. de 2026 11:30:59 GMT-8","25804998831","Serviços de Envio","702-9944980-4862604","","Tarifa de manuseio com base no peso Delivery by Amazon","","Amazon.com.br","Crédito Mastercard e outros","Vendedor","","","","0","0","0","0","0","0","0","-6,75","0","-6,75"
"23 de fev. de 2026 11:30:59 GMT-8","25804998831","Serviços de Envio","702-9944980-4862604","","Estorno do frete pago pelo comprador","","Amazon.com.br","Crédito Mastercard e outros","Vendedor","","","","0","0","0","0","0","0","0","0","0","0"
"23 de fev. de 2026 11:31:03 GMT-8","25804998831","Serviços de Envio","702-2929529-6170648","","Tarifa de manuseio com base no peso Delivery by Amazon","","Amazon.com.br","Crédito Mastercard e outros","Vendedor","","","","0","0","0","0","0","0","0","-6,75","0","-6,75"
"23 de fev. de 2026 11:31:03 GMT-8","25804998831","Serviços de Envio","702-2929529-6170648","","Estorno do frete pago pelo comprador","","Amazon.com.br","Crédito Mastercard e outros","Vendedor","","","","0","0","0","0","0","0","0","0","0","0"
"23 de fev. de 2026 11:31:03 GMT-8","25804998831","Serviços de Envio","701-7960483-3213837","","Tarifa de manuseio com base no peso Delivery by Amazon","","Amazon.com.br","Crédito Mastercard e outros","Vendedor","","","","0","0","0","0","0","0","0","-13,50","0","-13,50"
"23 de fev. de 2026 11:31:03 GMT-8","25804998831","Serviços de Envio","701-7960483-3213837","","Estorno do frete pago pelo comprador","","Amazon.com.br","Crédito Mastercard e outros","Vendedor","","","","0","0","0","0","0","0","0","-23,28","0","-23,28"
"23 de fev. de 2026 11:31:04 GMT-8","25804998831","Serviços de Envio","701-7754450-7241811","","Tarifa de manuseio com base no peso Delivery by Amazon","","Amazon.com.br","Crédito Mastercard e outros","Vendedor","","","","0","0","0","0","0","0","0","-6,75","0","-6,75"
"23 de fev. de 2026 11:31:04 GMT-8","25804998831","Serviços de Envio","701-7754450-7241811","","Estorno do frete pago pelo comprador","","Amazon.com.br","Crédito Mastercard e outros","Vendedor","","","","0","0","0","0","0","0","0","0","0","0"
"23 de fev. de 2026 11:31:04 GMT-8","25804998831","Serviços de Envio","702-1951820-1879413","","Tarifa de manuseio com base no peso Delivery by Amazon","","Amazon.com.br","Crédito Mastercard e outros","Vendedor","","","","0","0","0","0","0","0","0","-6,75","0","-6,75"
"23 de fev. de 2026 11:31:04 GMT-8","25804998831","Serviços de Envio","702-1951820-1879413","","Estorno do frete pago pelo comprador","","Amazon.com.br","Crédito Mastercard e outros","Vendedor","","","","0","0","0","0","0","0","0","-21,84","0","-21,84"
"23 de fev. de 2026 11:31:08 GMT-8","25804998831","Serviços de Envio","702-4818779-9993837","","Tarifa de manuseio com base no peso Delivery by Amazon","","Amazon.com.br","Crédito Mastercard e outros","Vendedor","","","","0","0","0","0","0","0","0","-6,50","0","-6,50"
"23 de fev. de 2026 11:31:08 GMT-8","25804998831","Serviços de Envio","702-4818779-9993837","","Estorno do frete pago pelo comprador","","Amazon.com.br","Crédito Mastercard e outros","Vendedor","","","","0","0","0","0","0","0","0","0","0","0"
"23 de fev. de 2026 11:31:08 GMT-8","25804998831","Serviços de Envio","702-7590968-5064218","","Tarifa de manuseio com base no peso Delivery by Amazon","","Amazon.com.br","Crédito Mastercard e outros","Vendedor","","","","0","0","0","0","0","0","0","-6,75","0","-6,75"
"23 de fev. de 2026 11:31:08 GMT-8","25804998831","Serviços de Envio","702-7590968-5064218","","Estorno do frete pago pelo comprador","","Amazon.com.br","Crédito Mastercard e outros","Vendedor","","","","0","0","0","0","0","0","0","0","0","0"
"23 de fev. de 2026 11:31:08 GMT-8","25804998831","Serviços de Envio","701-3812673-7388216","","Tarifa de manuseio com base no peso Delivery by Amazon","","Amazon.com.br","Crédito Mastercard e outros","Vendedor","","","","0","0","0","0","0","0","0","-13,50","0","-13,50"
"23 de fev. de 2026 11:31:08 GMT-8","25804998831","Serviços de Envio","701-3812673-7388216","","Estorno do frete pago pelo comprador","","Amazon.com.br","Crédito Mastercard e outros","Vendedor","","","","0","0","0","0","0","0","0","0","0","0"
"23 de fev. de 2026 11:31:08 GMT-8","25804998831","Serviços de Envio","702-3508570-6314644","","Tarifa de manuseio com base no peso Delivery by Amazon","","Amazon.com.br","Crédito Mastercard e outros","Vendedor","","","","0","0","0","0","0","0","0","-13,50","0","-13,50"
"23 de fev. de 2026 11:31:08 GMT-8","25804998831","Serviços de Envio","702-3508570-6314644","","Estorno do frete pago pelo comprador","","Amazon.com.br","Crédito Mastercard e outros","Vendedor","","","","0","0","0","0","0","0","0","0","0","0"
"23 de fev. de 2026 11:31:09 GMT-8","25804998831","Serviços de Envio","702-5187038-2129057","","Tarifa de manuseio com base no peso Delivery by Amazon","","Amazon.com.br","Crédito Mastercard e outros","Vendedor","","","","0","0","0","0","0","0","0","-6,75","0","-6,75"
"23 de fev. de 2026 11:31:09 GMT-8","25804998831","Serviços de Envio","702-5187038-2129057","","Estorno do frete pago pelo comprador","","Amazon.com.br","Crédito Mastercard e outros","Vendedor","","","","0","0","0","0","0","0","0","-22,02","0","-22,02"
"23 de fev. de 2026 11:31:12 GMT-8","25804998831","Serviços de Envio","701-1657793-6273051","","Tarifa de manuseio com base no peso Delivery by Amazon","","Amazon.com.br","Crédito Mastercard e outros","Vendedor","","","","0","0","0","0","0","0","0","-6,50","0","-6,50"
"23 de fev. de 2026 11:31:12 GMT-8","25804998831","Serviços de Envio","701-1657793-6273051","","Estorno do frete pago pelo comprador","","Amazon.com.br","Crédito Mastercard e outros","Vendedor","","","","0","0","0","0","0","0","0","0","0","0"
"23 de fev. de 2026 11:31:13 GMT-8","25804998831","Serviços de Envio","702-2084755-5285831","","Tarifa de manuseio com base no peso Delivery by Amazon","","Amazon.com.br","Crédito Mastercard e outros","Vendedor","","","","0","0","0","0","0","0","0","-6,75","0","-6,75"
"23 de fev. de 2026 11:31:13 GMT-8","25804998831","Serviços de Envio","702-2084755-5285831","","Estorno do frete pago pelo comprador","","Amazon.com.br","Crédito Mastercard e outros","Vendedor","","","","0","0","0","0","0","0","0","0","0","0"
"23 de fev. de 2026 11:31:13 GMT-8","25804998831","Serviços de Envio","702-4776013-0682629","","Tarifa de manuseio com base no peso Delivery by Amazon","","Amazon.com.br","Crédito Mastercard e outros","Vendedor","","","","0","0","0","0","0","0","0","-6,50","0","-6,50"
"23 de fev. de 2026 11:31:13 GMT-8","25804998831","Serviços de Envio","702-4776013-0682629","","Estorno do frete pago pelo comprador","","Amazon.com.br","Crédito Mastercard e outros","Vendedor","","","","0","0","0","0","0","0","0","0","0","0"
"23 de fev. de 2026 11:31:17 GMT-8","25804998831","Serviços de Envio","701-7211097-5925839","","Tarifa de manuseio com base no peso Delivery by Amazon","","Amazon.com.br","Crédito Mastercard e outros","Vendedor","","","","0","0","0","0","0","0","0","-6,75","0","-6,75"
"23 de fev. de 2026 11:31:17 GMT-8","25804998831","Serviços de Envio","701-7211097-5925839","","Estorno do frete pago pelo comprador","","Amazon.com.br","Crédito Mastercard e outros","Vendedor","","","","0","0","0","0","0","0","0","0","0","0"
"23 de fev. de 2026 11:31:22 GMT-8","25804998831","Serviços de Envio","702-3489118-5014615","","Tarifa de manuseio com base no peso Delivery by Amazon","","Amazon.com.br","Crédito Mastercard e outros","Vendedor","","","","0","0","0","0","0","0","0","-6,75","0","-6,75"
"23 de fev. de 2026 11:31:22 GMT-8","25804998831","Serviços de Envio","702-3489118-5014615","","Estorno do frete pago pelo comprador","","Amazon.com.br","Crédito Mastercard e outros","Vendedor","","","","0","0","0","0","0","0","0","0","0","0"
"23 de fev. de 2026 11:31:22 GMT-8","25804998831","Serviços de Envio","702-3350023-3238626","","Tarifa de manuseio com base no peso Delivery by Amazon","","Amazon.com.br","Crédito Mastercard e outros","Vendedor","","","","0","0","0","0","0","0","0","-6,75","0","-6,75"
"23 de fev. de 2026 11:31:22 GMT-8","25804998831","Serviços de Envio","702-3350023-3238626","","Estorno do frete pago pelo comprador","","Amazon.com.br","Crédito Mastercard e outros","Vendedor","","","","0","0","0","0","0","0","0","-21,31","0","-21,31"
"24 de fev. de 2026 05:24:13 GMT-8","25804998831","Pedido","701-5456714-3754615","YL-NANJ-F7TC","Caderno Preto 20x20cm - Scrapbook Álbum De Fotos Preto 20 Folhas / 40 Páginas - Gramatura 200, Folhas Grossas","1","amazon.com.br","Crédito Mastercard e outros","Amazon","Serra","ES","29167","68,90","8,90","0","-8,90","0","-8,27","-5,00","0","0","55,63"
"24 de fev. de 2026 07:28:47 GMT-8","25805549661","Pedido","702-8327370-5790618","0Q-EK6Z-SV84","Planner 2026 Floral - Planejamento Anual com Roda da Vida A5, Gestão Financeira, Organização Pessoal, Metas e Saúde, Capa Dura Laminada, Agenda Se","1","amazon.com.br","Boleto","Vendedor","Ipatinga","MG","35160","59,90","0","0","0","0","-7,79","0","0","0","52,11"
"24 de fev. de 2026 09:09:39 GMT-8","25804998831","Serviços de Envio","701-2764688-0100202","","Tarifa de manuseio com base no peso Delivery by Amazon","","Amazon.com.br","Crédito Mastercard e outros","Vendedor","","","","0","0","0","0","0","0","0","-6,75","0","-6,75"
"24 de fev. de 2026 09:09:39 GMT-8","25804998831","Serviços de Envio","701-2764688-0100202","","Estorno do frete pago pelo comprador","","Amazon.com.br","Crédito Mastercard e outros","Vendedor","","","","0","0","0","0","0","0","0","0","0","0"
"24 de fev. de 2026 09:09:47 GMT-8","25804998831","Serviços de Envio","702-5714686-5813020","","Tarifa de manuseio com base no peso Delivery by Amazon","","Amazon.com.br","Crédito Mastercard e outros","Vendedor","","","","0","0","0","0","0","0","0","-6,50","0","-6,50"
"24 de fev. de 2026 09:09:47 GMT-8","25804998831","Serviços de Envio","702-5714686-5813020","","Estorno do frete pago pelo comprador","","Amazon.com.br","Crédito Mastercard e outros","Vendedor","","","","0","0","0","0","0","0","0","0","0","0"
"24 de fev. de 2026 09:09:52 GMT-8","25804998831","Serviços de Envio","701-8916440-1873849","","Tarifa de manuseio com base no peso Delivery by Amazon","","Amazon.com.br","Crédito Mastercard e outros","Vendedor","","","","0","0","0","0","0","0","0","-6,75","0","-6,75"
"24 de fev. de 2026 09:09:52 GMT-8","25804998831","Serviços de Envio","701-8916440-1873849","","Estorno do frete pago pelo comprador","","Amazon.com.br","Crédito Mastercard e outros","Vendedor","","","","0","0","0","0","0","0","0","0","0","0"
"24 de fev. de 2026 09:09:52 GMT-8","25804998831","Serviços de Envio","701-1594134-6196269","","Tarifa de manuseio com base no peso Delivery by Amazon","","Amazon.com.br","Crédito Mastercard e outros","Vendedor","","","","0","0","0","0","0","0","0","-6,75","0","-6,75"
"24 de fev. de 2026 09:09:52 GMT-8","25804998831","Serviços de Envio","701-1594134-6196269","","Estorno do frete pago pelo comprador","","Amazon.com.br","Crédito Mastercard e outros","Vendedor","","","","0","0","0","0","0","0","0","0","0","0"
"24 de fev. de 2026 09:09:57 GMT-8","25804998831","Serviços de Envio","701-4156785-5676203","","Tarifa de manuseio com base no peso Delivery by Amazon","","Amazon.com.br","Crédito Mastercard e outros","Vendedor","","","","0","0","0","0","0","0","0","-6,75","0","-6,75"
"24 de fev. de 2026 09:09:57 GMT-8","25804998831","Serviços de Envio","701-4156785-5676203","","Estorno do frete pago pelo comprador","","Amazon.com.br","Crédito Mastercard e outros","Vendedor","","","","0","0","0","0","0","0","0","-21,08","0","-21,08"
"24 de fev. de 2026 09:10:06 GMT-8","25804998831","Serviços de Envio","701-2346598-5332228","","Tarifa de manuseio com base no peso Delivery by Amazon","","Amazon.com.br","Crédito Mastercard e outros","Vendedor","","","","0","0","0","0","0","0","0","-6,75","0","-6,75"
"24 de fev. de 2026 09:10:06 GMT-8","25804998831","Serviços de Envio","701-2346598-5332228","","Estorno do frete pago pelo comprador","","Amazon.com.br","Crédito Mastercard e outros","Vendedor","","","","0","0","0","0","0","0","0","-20,00","0","-20,00"
"24 de fev. de 2026 09:10:25 GMT-8","25804998831","Serviços de Envio","701-5023995-9253045","","Tarifa de manuseio com base no peso Delivery by Amazon","","Amazon.com.br","Crédito Mastercard e outros","Vendedor","","","","0","0","0","0","0","0","0","-6,75","0","-6,75"
"24 de fev. de 2026 09:10:25 GMT-8","25804998831","Serviços de Envio","701-5023995-9253045","","Estorno do frete pago pelo comprador","","Amazon.com.br","Crédito Mastercard e outros","Vendedor","","","","0","0","0","0","0","0","0","-21,31","0","-21,31"
"24 de fev. de 2026 09:10:30 GMT-8","25804998831","Serviços de Envio","702-2217779-5930632","","Tarifa de manuseio com base no peso Delivery by Amazon","","Amazon.com.br","Crédito Mastercard e outros","Vendedor","","","","0","0","0","0","0","0","0","-6,75","0","-6,75"
"24 de fev. de 2026 09:10:30 GMT-8","25804998831","Serviços de Envio","702-2217779-5930632","","Estorno do frete pago pelo comprador","","Amazon.com.br","Crédito Mastercard e outros","Vendedor","","","","0","0","0","0","0","0","0","0","0","0"
"24 de fev. de 2026 12:03:53 GMT-8","25804998831","Reembolso","701-9771500-6465843","RA-KICF-0Q47","Caderno Preto 20x20cm - Scrapbook Álbum De Fotos Preto 20 Folhas / 40 Páginas - Gramatura 200, Folhas Grossas","3","amazon.com.br","Crédito Mastercard e outros","Vendedor","brasilia","distrito federal","70670","-176,70","0","0","0","0","16,97","0","0","0","-159,73"
"24 de fev. de 2026 13:59:32 GMT-8","25804998831","Taxa de serviço","","","Cadastro","","Amazon.com.br","Crédito Mastercard e outros","","","","","0","0","0","0","0","0","0","0","-19,00","-19,00"
"25 de fev. de 2026 00:54:06 GMT-8","25805549661","Pedido","701-1664019-3990641","YL-NANJ-F7TC","Caderno Preto 20x20cm - Scrapbook Álbum De Fotos Preto 20 Folhas / 40 Páginas - Gramatura 200, Folhas Grossas","1","amazon.com.br","Boleto","Amazon","Jaú","SP","17208","68,90","0","0","0","0","-8,27","-5,00","0","0","55,63"
"25 de fev. de 2026 05:08:38 GMT-8","25805549661","Pedido","702-5050488-6749025","BT-HCTV-ZOJY","Planner 2026 Napolitano - Planejamento Anual com Roda da Vida A5, Gestão Financeira, Organização Pessoal, Metas e Saúde, Capa Dura Laminada, Agend","1","amazon.com.br","Boleto","Vendedor","Braço do Norte","SC","88750","59,90","0","0","0","0","-7,79","0","0","0","52,11"
"25 de fev. de 2026 06:40:42 GMT-8","25804998831","Pedido","701-3284841-2355434","YL-NANJ-F7TC","Caderno Preto 20x20cm - Scrapbook Álbum De Fotos Preto 20 Folhas / 40 Páginas - Gramatura 200, Folhas Grossas","2","amazon.com.br","Crédito Mastercard e outros","Amazon","Boa Vista","RR","69310","137,80","2,61","0","-2,61","0","-16,54","-10,00","0","0","111,26"
"25 de fev. de 2026 07:46:19 GMT-8","25805549661","Pedido","701-4972013-2856253","FC-4UI1-425Z","Caderno Scrapbook - 20 Folhas - Livro De Assinatura Folhas Pretas 20x19 Álbum De Fotos Scrapbook Preto 40 Páginas - 20x19","1","amazon.com.br","Boleto","Vendedor","Nova Trento","SC","88270","72,90","0","0","0","0","-8,75","0","0","0","64,15"
"25 de fev. de 2026 08:53:26 GMT-8","25804998831","Serviços de Envio","702-9849473-6745027","","Tarifa de manuseio com base no peso Delivery by Amazon","","Amazon.com.br","Crédito Mastercard e outros","Vendedor","","","","0","0","0","0","0","0","0","-12,85","0","-12,85"
"25 de fev. de 2026 08:53:26 GMT-8","25804998831","Serviços de Envio","702-9849473-6745027","","Estorno do frete pago pelo comprador","","Amazon.com.br","Crédito Mastercard e outros","Vendedor","","","","0","0","0","0","0","0","0","0","0","0"
"25 de fev. de 2026 08:53:40 GMT-8","25804998831","Serviços de Envio","702-1731607-4393824","","Tarifa de manuseio com base no peso Delivery by Amazon","","Amazon.com.br","Crédito Mastercard e outros","Vendedor","","","","0","0","0","0","0","0","0","-6,75","0","-6,75"
"25 de fev. de 2026 08:53:40 GMT-8","25804998831","Serviços de Envio","702-1731607-4393824","","Estorno do frete pago pelo comprador","","Amazon.com.br","Crédito Mastercard e outros","Vendedor","","","","0","0","0","0","0","0","0","-21,08","0","-21,08"
"25 de fev. de 2026 08:53:50 GMT-8","25804998831","Serviços de Envio","701-3376223-4765040","","Tarifa de manuseio com base no peso Delivery by Amazon","","Amazon.com.br","Crédito Mastercard e outros","Vendedor","","","","0","0","0","0","0","0","0","-6,50","0","-6,50"
"25 de fev. de 2026 08:53:50 GMT-8","25804998831","Serviços de Envio","701-3376223-4765040","","Estorno do frete pago pelo comprador","","Amazon.com.br","Crédito Mastercard e outros","Vendedor","","","","0","0","0","0","0","0","0","0","0","0"
"25 de fev. de 2026 08:53:50 GMT-8","25804998831","Serviços de Envio","701-7486761-7061001","","Tarifa de manuseio com base no peso Delivery by Amazon","","Amazon.com.br","Crédito Mastercard e outros","Vendedor","","","","0","0","0","0","0","0","0","-6,75","0","-6,75"
"25 de fev. de 2026 08:53:50 GMT-8","25804998831","Serviços de Envio","701-7486761-7061001","","Estorno do frete pago pelo comprador","","Amazon.com.br","Crédito Mastercard e outros","Vendedor","","","","0","0","0","0","0","0","0","0","0","0"
"25 de fev. de 2026 08:53:55 GMT-8","25804998831","Serviços de Envio","702-7465590-9104210","","Tarifa de manuseio com base no peso Delivery by Amazon","","Amazon.com.br","Crédito Mastercard e outros","Vendedor","","","","0","0","0","0","0","0","0","-6,75","0","-6,75"
"25 de fev. de 2026 08:53:55 GMT-8","25804998831","Serviços de Envio","702-7465590-9104210","","Estorno do frete pago pelo comprador","","Amazon.com.br","Crédito Mastercard e outros","Vendedor","","","","0","0","0","0","0","0","0","0","0","0"
"25 de fev. de 2026 08:53:58 GMT-8","25804998831","Serviços de Envio","702-0287077-2834659","","Tarifa de manuseio com base no peso Delivery by Amazon","","Amazon.com.br","Crédito Mastercard e outros","Vendedor","","","","0","0","0","0","0","0","0","-6,75","0","-6,75"
"25 de fev. de 2026 08:53:58 GMT-8","25804998831","Serviços de Envio","702-0287077-2834659","","Estorno do frete pago pelo comprador","","Amazon.com.br","Crédito Mastercard e outros","Vendedor","","","","0","0","0","0","0","0","0","0","0","0"
"25 de fev. de 2026 08:53:59 GMT-8","25804998831","Serviços de Envio","702-3438277-1009014","","Tarifa de manuseio com base no peso Delivery by Amazon","","Amazon.com.br","Crédito Mastercard e outros","Vendedor","","","","0","0","0","0","0","0","0","-6,75","0","-6,75"
"25 de fev. de 2026 08:53:59 GMT-8","25804998831","Serviços de Envio","702-3438277-1009014","","Estorno do frete pago pelo comprador","","Amazon.com.br","Crédito Mastercard e outros","Vendedor","","","","0","0","0","0","0","0","0","0","0","0"
"25 de fev. de 2026 08:54:03 GMT-8","25804998831","Serviços de Envio","702-1593627-3652261","","Tarifa de manuseio com base no peso Delivery by Amazon","","Amazon.com.br","Crédito Mastercard e outros","Vendedor","","","","0","0","0","0","0","0","0","-6,50","0","-6,50"
"25 de fev. de 2026 08:54:03 GMT-8","25804998831","Serviços de Envio","702-1593627-3652261","","Estorno do frete pago pelo comprador","","Amazon.com.br","Crédito Mastercard e outros","Vendedor","","","","0","0","0","0","0","0","0","0","0","0"
"25 de fev. de 2026 08:54:09 GMT-8","25804998831","Serviços de Envio","702-5517160-3328213","","Tarifa de manuseio com base no peso Delivery by Amazon","","Amazon.com.br","Crédito Mastercard e outros","Vendedor","","","","0","0","0","0","0","0","0","-6,75","0","-6,75"
"25 de fev. de 2026 08:54:09 GMT-8","25804998831","Serviços de Envio","702-5517160-3328213","","Estorno do frete pago pelo comprador","","Amazon.com.br","Crédito Mastercard e outros","Vendedor","","","","0","0","0","0","0","0","0","0","0","0"
"25 de fev. de 2026 23:17:10 GMT-8","25804998831","Pedido","702-8303440-6481006","YL-NANJ-F7TC","Caderno Preto 20x20cm - Scrapbook Álbum De Fotos Preto 20 Folhas / 40 Páginas - Gramatura 200, Folhas Grossas","1","amazon.com.br","Crédito Mastercard e outros","Amazon","São Mamede","PB","58625","68,90","8,90","0","-8,90","0","-8,27","-5,00","0","0","55,63"
"26 de fev. de 2026 00:53:26 GMT-8","25804998831","Pedido","702-5616182-9848247","4G-7YLB-CHKW","Planejamento Financeiro Pessoal - Planner Financeiro - Controle Financeiro (Preto 1)","1","amazon.com.br","Crédito Mastercard e outros","Amazon","Belém","PA","66610","52,90","0","0","0","0","-6,88","-5,00","0","0","41,02"
"26 de fev. de 2026 04:24:41 GMT-8","25805549661","Pedido","701-0004593-5566622","6O-N0LL-EHW0","Meu Planner Permanente Elegante - Organizador Planner Mensal Wire-O","1","amazon.com.br","Boleto","Amazon","Americana","SP","13478","49,90","0","0","0","0","-6,49","-5,00","0","0","38,41"
"26 de fev. de 2026 04:40:03 GMT-8","25804560851","Pedido","701-7584555-7851400","9K-T6NV-LA8R","Diário Sagrado: Divina Lectio e Vida de Oração (Fervor Celestial)","1","amazon.com.br","Visa Crédito","Vendedor","Araguari","MG","38447","65,90","0","0","0","0","-8,57","0","0","0","57,33"
"26 de fev. de 2026 05:34:12 GMT-8","25804998831","Pedido","702-3080253-2087414","0Q-EK6Z-SV84","Planner 2026 Floral - Planejamento Anual com Roda da Vida A5, Gestão Financeira, Organização Pessoal, Metas e Saúde, Capa Dura Laminada, Agenda Se","1","amazon.com.br","Crédito Mastercard e outros","Vendedor","São Paulo","SP","08295","59,90","0","0","0","0","-7,79","0","0","0","52,11"
"26 de fev. de 2026 05:54:30 GMT-8","25805549661","Pedido","702-3428618-3297817","OR-QD8C-Y86U","Planner Financeiro Mensal Datado 2026, Roda Da Vida A5 -Planejamento anual, Organização pessoal Metas e objetivos, Gestão financeira Monitoramento","1","amazon.com.br","Boleto","Vendedor","Itapema","SC","88220","78,90","0","0","0","0","-10,26","0","0","0","68,64"
"26 de fev. de 2026 06:54:32 GMT-8","25804560851","Pedido","701-2023572-8591417","RA-KICF-0Q47","Caderno Preto 20x20cm - Scrapbook Álbum De Fotos Preto 20 Folhas / 40 Páginas - Gramatura 200, Folhas Grossas","1","amazon.com.br","Visa Crédito","Vendedor","Várzea Paulista","SP","13220","58,90","0","0","0","0","-7,07","0","0","0","51,83"
"26 de fev. de 2026 07:28:50 GMT-8","25805549661","Pedido","702-7855954-3815438","4S-C6M7-1NCT","Planner 2026 Amarelo - Life Capa Dura com Controle Financeiro e Roda da Vida","1","amazon.com.br","Boleto","Vendedor","Saquarema","RJ","28990","78,90","0","0","0","0","-10,26","0","0","0","68,64"
"26 de fev. de 2026 07:33:18 GMT-8","25804998831","Pedido","701-6931540-9364213","V7-N8TP-MCL5","Album fotografico scrapbook - Coleção Corações (Vermelho)","1","amazon.com.br","Crédito Mastercard e outros","Vendedor","São Bernardo do Campo","SP","09629","59,90","0","0","0","0","-7,79","0","0","0","52,11"
"26 de fev. de 2026 08:20:42 GMT-8","25804998831","Reembolsos","701-3892212-3709850","MQ-STXD-11EM","Reembolso para pacotes extraviados","1","amazon.com.br","Crédito Mastercard e outros","Vendedor","","","","0","0","0","0","0","0","0","0","68,90","68,90"
"26 de fev. de 2026 09:44:09 GMT-8","25804998831","Serviços de Envio","701-9183421-0413038","","Tarifa de manuseio com base no peso Delivery by Amazon","","Amazon.com.br","Crédito Mastercard e outros","Vendedor","","","","0","0","0","0","0","0","0","-6,75","0","-6,75"
"26 de fev. de 2026 09:44:09 GMT-8","25804998831","Serviços de Envio","701-9183421-0413038","","Estorno do frete pago pelo comprador","","Amazon.com.br","Crédito Mastercard e outros","Vendedor","","","","0","0","0","0","0","0","0","0","0","0"
"26 de fev. de 2026 09:44:10 GMT-8","25804998831","Serviços de Envio","702-2325645-8305833","","Tarifa de manuseio com base no peso Delivery by Amazon","","Amazon.com.br","Crédito Mastercard e outros","Vendedor","","","","0","0","0","0","0","0","0","-6,75","0","-6,75"
"26 de fev. de 2026 09:44:10 GMT-8","25804998831","Serviços de Envio","702-2325645-8305833","","Estorno do frete pago pelo comprador","","Amazon.com.br","Crédito Mastercard e outros","Vendedor","","","","0","0","0","0","0","0","0","0","0","0"
"26 de fev. de 2026 09:44:14 GMT-8","25804998831","Serviços de Envio","701-3121503-3927440","","Tarifa de manuseio com base no peso Delivery by Amazon","","Amazon.com.br","Crédito Mastercard e outros","Vendedor","","","","0","0","0","0","0","0","0","-6,75","0","-6,75"
"26 de fev. de 2026 09:44:14 GMT-8","25804998831","Serviços de Envio","701-3121503-3927440","","Estorno do frete pago pelo comprador","","Amazon.com.br","Crédito Mastercard e outros","Vendedor","","","","0","0","0","0","0","0","0","0","0","0"
"26 de fev. de 2026 09:44:18 GMT-8","25804998831","Serviços de Envio","701-4848379-1117846","","Tarifa de manuseio com base no peso Delivery by Amazon","","Amazon.com.br","Crédito Mastercard e outros","Vendedor","","","","0","0","0","0","0","0","0","-6,75","0","-6,75"
"26 de fev. de 2026 09:44:18 GMT-8","25804998831","Serviços de Envio","701-4848379-1117846","","Estorno do frete pago pelo comprador","","Amazon.com.br","Crédito Mastercard e outros","Vendedor","","","","0","0","0","0","0","0","0","0","0","0"
"26 de fev. de 2026 09:44:24 GMT-8","25804998831","Serviços de Envio","702-4254260-4247432","","Tarifa de manuseio com base no peso Delivery by Amazon","","Amazon.com.br","Crédito Mastercard e outros","Vendedor","","","","0","0","0","0","0","0","0","-20,25","0","-20,25"
"26 de fev. de 2026 09:44:24 GMT-8","25804998831","Serviços de Envio","702-4254260-4247432","","Estorno do frete pago pelo comprador","","Amazon.com.br","Crédito Mastercard e outros","Vendedor","","","","0","0","0","0","0","0","0","0","0","0"
"26 de fev. de 2026 09:44:25 GMT-8","25804998831","Serviços de Envio","702-7034466-5019432","","Tarifa de manuseio com base no peso Delivery by Amazon","","Amazon.com.br","Crédito Mastercard e outros","Vendedor","","","","0","0","0","0","0","0","0","-6,75","0","-6,75"
"26 de fev. de 2026 09:44:25 GMT-8","25804998831","Serviços de Envio","702-7034466-5019432","","Estorno do frete pago pelo comprador","","Amazon.com.br","Crédito Mastercard e outros","Vendedor","","","","0","0","0","0","0","0","0","0","0","0"
"26 de fev. de 2026 09:44:34 GMT-8","25804998831","Serviços de Envio","701-4834704-5002656","","Tarifa de manuseio com base no peso Delivery by Amazon","","Amazon.com.br","Crédito Mastercard e outros","Vendedor","","","","0","0","0","0","0","0","0","-6,75","0","-6,75"
"26 de fev. de 2026 09:44:34 GMT-8","25804998831","Serviços de Envio","701-4834704-5002656","","Estorno do frete pago pelo comprador","","Amazon.com.br","Crédito Mastercard e outros","Vendedor","","","","0","0","0","0","0","0","0","0","0","0"
"26 de fev. de 2026 09:44:43 GMT-8","25804998831","Serviços de Envio","702-3745228-1868269","","Tarifa de manuseio com base no peso Delivery by Amazon","","Amazon.com.br","Crédito Mastercard e outros","Vendedor","","","","0","0","0","0","0","0","0","-6,50","0","-6,50"
"26 de fev. de 2026 09:44:43 GMT-8","25804998831","Serviços de Envio","702-3745228-1868269","","Estorno do frete pago pelo comprador","","Amazon.com.br","Crédito Mastercard e outros","Vendedor","","","","0","0","0","0","0","0","0","0","0","0"
"26 de fev. de 2026 09:44:52 GMT-8","25804998831","Serviços de Envio","702-0189873-5939473","","Tarifa de manuseio com base no peso Delivery by Amazon","","Amazon.com.br","Crédito Mastercard e outros","Vendedor","","","","0","0","0","0","0","0","0","-20,25","0","-20,25"
"26 de fev. de 2026 09:44:52 GMT-8","25804998831","Serviços de Envio","702-0189873-5939473","","Estorno do frete pago pelo comprador","","Amazon.com.br","Crédito Mastercard e outros","Vendedor","","","","0","0","0","0","0","0","0","-23,25","0","-23,25"
"26 de fev. de 2026 09:44:53 GMT-8","25804998831","Serviços de Envio","701-5303804-2449019","","Tarifa de manuseio com base no peso Delivery by Amazon","","Amazon.com.br","Crédito Mastercard e outros","Vendedor","","","","0","0","0","0","0","0","0","-6,75","0","-6,75"
"26 de fev. de 2026 09:44:53 GMT-8","25804998831","Serviços de Envio","701-5303804-2449019","","Estorno do frete pago pelo comprador","","Amazon.com.br","Crédito Mastercard e outros","Vendedor","","","","0","0","0","0","0","0","0","0","0","0"
"26 de fev. de 2026 09:44:53 GMT-8","25804998831","Serviços de Envio","702-2431875-9526601","","Tarifa de manuseio com base no peso Delivery by Amazon","","Amazon.com.br","Crédito Mastercard e outros","Vendedor","","","","0","0","0","0","0","0","0","-6,75","0","-6,75"
"26 de fev. de 2026 09:44:53 GMT-8","25804998831","Serviços de Envio","702-2431875-9526601","","Estorno do frete pago pelo comprador","","Amazon.com.br","Crédito Mastercard e outros","Vendedor","","","","0","0","0","0","0","0","0","0","0","0"
"26 de fev. de 2026 09:45:01 GMT-8","25804998831","Serviços de Envio","701-1315030-9265861","","Tarifa de manuseio com base no peso Delivery by Amazon","","Amazon.com.br","Crédito Mastercard e outros","Vendedor","","","","0","0","0","0","0","0","0","-6,75","0","-6,75"
"26 de fev. de 2026 09:45:01 GMT-8","25804998831","Serviços de Envio","701-1315030-9265861","","Estorno do frete pago pelo comprador","","Amazon.com.br","Crédito Mastercard e outros","Vendedor","","","","0","0","0","0","0","0","0","0","0","0"
"26 de fev. de 2026 09:45:02 GMT-8","25804998831","Serviços de Envio","701-0460428-1928242","","Tarifa de manuseio com base no peso Delivery by Amazon","","Amazon.com.br","Crédito Mastercard e outros","Vendedor","","","","0","0","0","0","0","0","0","-6,75","0","-6,75"
"26 de fev. de 2026 09:45:02 GMT-8","25804998831","Serviços de Envio","701-0460428-1928242","","Estorno do frete pago pelo comprador","","Amazon.com.br","Crédito Mastercard e outros","Vendedor","","","","0","0","0","0","0","0","0","0","0","0"
"26 de fev. de 2026 09:45:02 GMT-8","25804998831","Serviços de Envio","701-7390629-3944266","","Tarifa de manuseio com base no peso Delivery by Amazon","","Amazon.com.br","Crédito Mastercard e outros","Vendedor","","","","0","0","0","0","0","0","0","-6,50","0","-6,50"
"26 de fev. de 2026 09:45:02 GMT-8","25804998831","Serviços de Envio","701-7390629-3944266","","Estorno do frete pago pelo comprador","","Amazon.com.br","Crédito Mastercard e outros","Vendedor","","","","0","0","0","0","0","0","0","0","0","0"
"26 de fev. de 2026 09:45:06 GMT-8","25804998831","Serviços de Envio","702-6663803-7589052","","Tarifa de manuseio com base no peso Delivery by Amazon","","Amazon.com.br","Crédito Mastercard e outros","Vendedor","","","","0","0","0","0","0","0","0","-6,75","0","-6,75"
"26 de fev. de 2026 09:45:06 GMT-8","25804998831","Serviços de Envio","702-6663803-7589052","","Estorno do frete pago pelo comprador","","Amazon.com.br","Crédito Mastercard e outros","Vendedor","","","","0","0","0","0","0","0","0","-21,08","0","-21,08"
"26 de fev. de 2026 09:45:06 GMT-8","25804998831","Serviços de Envio","702-4808892-4657040","","Tarifa de manuseio com base no peso Delivery by Amazon","","Amazon.com.br","Crédito Mastercard e outros","Vendedor","","","","0","0","0","0","0","0","0","-6,75","0","-6,75"
"26 de fev. de 2026 09:45:06 GMT-8","25804998831","Serviços de Envio","702-4808892-4657040","","Estorno do frete pago pelo comprador","","Amazon.com.br","Crédito Mastercard e outros","Vendedor","","","","0","0","0","0","0","0","0","0","0","0"
"26 de fev. de 2026 10:04:01 GMT-8","25804998831","Reembolso","701-7567008-5047440","YL-NANJ-F7TC","Caderno Preto 20x20cm - Scrapbook Álbum De Fotos Preto 20 Folhas / 40 Páginas - Gramatura 200, Folhas Grossas","1","amazon.com.br","Crédito Mastercard e outros","Amazon","Simões Filho","BA","43724","-68,90","-8,90","0","8,90","0","6,62","0","0","0","-62,28"
"26 de fev. de 2026 23:39:11 GMT-8","25805549661","Pedido","701-0623157-0293808","HJ-GKXE-8FVO","Agenda 2026 Cristã 1 Dia por Folha com Versículos Bíblicos 2026","1","amazon.com.br","Boleto","Amazon","Alvarães","AM","69540","49,90","8,90","0","-8,90","0","-6,49","0","0","0","43,41"
"27 de fev. de 2026 02:21:01 GMT-8","25805549661","Pedido","701-6122740-5300200","RA-KICF-0Q47","Caderno Preto 20x20cm - Scrapbook Álbum De Fotos Preto 20 Folhas / 40 Páginas - Gramatura 200, Folhas Grossas","1","amazon.com.br","Boleto","Vendedor","Santa Maria","RS","97010","58,90","0","0","0","0","-7,07","0","0","0","51,83"
"27 de fev. de 2026 02:47:43 GMT-8","25804560851","Pedido","701-1827700-3169026","AU-GLJF-2GCG","Caderno De Receitas Coleção - Minhas Receitas - Vintage (5)","1","amazon.com.br","Visa Crédito","Vendedor","Boituva","Sp","18550","78,90","0","0","0","0","-10,26","0","0","0","68,64"
"27 de fev. de 2026 04:03:06 GMT-8","25804560851","Pedido","701-9815647-0868204","ZX-SGSY-F93V","Scrapbook Kraft 20x20: Crie Seu Álbum Artesanal Único","1","amazon.com.br","Visa Crédito","Vendedor","Santo André","São Paulo","09070","74,90","0","0","0","0","-8,99","0","0","0","65,91"
"27 de fev. de 2026 04:16:10 GMT-8","25804998831","Pedido","702-1236518-9717043","JC-G3H1-0EHB","Scrapbook Álbum De Fotos Preto 20 Folhas / 40 Páginas","1","amazon.com.br","Crédito Mastercard e outros","Vendedor","Campinas","SP","13023","78,90","0","0","0","0","-9,47","0","0","0","69,43"
"27 de fev. de 2026 04:48:54 GMT-8","25804998831","Pedido","702-3752891-8855463","CO-XCRE-4AKC","Planner Devocional Lectio Divina - Uma Jornada Espiritual Diária (Gratia)","1","amazon.com.br","Crédito Mastercard e outros","Vendedor","Caruaru","PE","55012","68,90","21,35","0","0","0","-8,96","0","0","0","81,29"
"27 de fev. de 2026 05:01:09 GMT-8","25804998831","Pedido","701-1467561-1409814","LF-OUR3-ZUIX","Planner Financeiro Mensal Datado 2026, Roda Da Vida A5 -Planejamento anual, Organização pessoal Metas e objetivos, Gestão financeira Monitoramento","1","amazon.com.br","Crédito Mastercard e outros","Vendedor","Rio de Janeiro","RJ","22020","78,90","0","0","0","0","-10,26","0","0","0","68,64"
"27 de fev. de 2026 05:09:40 GMT-8","25804998831","Pedido","701-2795169-0333860","9X-HUC9-I83L","Planner 2026 - Respire, floresça, torne-se - um planner para sua melhor versão!","1","amazon.com.br","Crédito Mastercard e outros","Vendedor","Cambé","PR","86182","59,90","0","0","0","0","-7,79","0","0","0","52,11"
"27 de fev. de 2026 05:15:09 GMT-8","25804998831","Pedido","702-7344083-6770607","3P-CSLO-TMK3","Agenda Escolar Infantil - Calendario 2026, Acompanhamento de provas, Dados do aluno, Recados, ensino fundamental, estudos","1","amazon.com.br","Crédito Mastercard e outros","Vendedor","Rio de Janeiro","RJ","20540","59,90","0","0","0","0","-7,79","0","0","0","52,11"
"27 de fev. de 2026 05:41:36 GMT-8","25804998831","Pedido","702-5022702-5320251","FC-4UI1-425Z","Caderno Scrapbook - 20 Folhas - Livro De Assinatura Folhas Pretas 20x19 Álbum De Fotos Scrapbook Preto 40 Páginas - 20x19","1","amazon.com.br","Crédito Mastercard e outros","Vendedor","Rio de Janeiro","RJ","21061","72,90","0","0","0","0","-8,75","0","0","0","64,15"
"27 de fev. de 2026 07:19:36 GMT-8","25805549661","Pedido","701-2919800-0095411","2M-II9L-1YU1","Caderno A5 SEM PAUTA, 21x14cm, 80 Folhas, 90G","1","amazon.com.br","Boleto","Amazon","Porto Velho","RO","76820","28,90","0","0","0","0","-3,76","-5,00","0","0","20,14"
"27 de fev. de 2026 07:33:58 GMT-8","25805549661","Pedido","702-0955012-5953019","A9-81RP-O347","Planner Financeiro Mensal 2026, Roda Da Vida A5 -Planejamento anual, Organização pessoal Metas e objetivos, Gestão financeira Monitoramento de saú","1","amazon.com.br","Boleto","Vendedor","São Paulo","SP","04117","59,90","0","0","0","0","-7,79","0","0","0","52,11"
"27 de fev. de 2026 10:02:25 GMT-8","25804998831","Serviços de Envio","702-9171820-0169862","","Tarifa de manuseio com base no peso Delivery by Amazon","","Amazon.com.br","Crédito Mastercard e outros","Vendedor","","","","0","0","0","0","0","0","0","-6,75","0","-6,75"
"27 de fev. de 2026 10:02:25 GMT-8","25804998831","Serviços de Envio","702-9171820-0169862","","Estorno do frete pago pelo comprador","","Amazon.com.br","Crédito Mastercard e outros","Vendedor","","","","0","0","0","0","0","0","0","0","0","0"
"27 de fev. de 2026 10:02:25 GMT-8","25804998831","Serviços de Envio","701-7247050-4586651","","Tarifa de manuseio com base no peso Delivery by Amazon","","Amazon.com.br","Crédito Mastercard e outros","Vendedor","","","","0","0","0","0","0","0","0","-6,75","0","-6,75"
"27 de fev. de 2026 10:02:25 GMT-8","25804998831","Serviços de Envio","701-7247050-4586651","","Estorno do frete pago pelo comprador","","Amazon.com.br","Crédito Mastercard e outros","Vendedor","","","","0","0","0","0","0","0","0","0","0","0"
"27 de fev. de 2026 10:02:35 GMT-8","25804998831","Serviços de Envio","702-2379807-9028223","","Tarifa de manuseio com base no peso Delivery by Amazon","","Amazon.com.br","Crédito Mastercard e outros","Vendedor","","","","0","0","0","0","0","0","0","-6,50","0","-6,50"
"27 de fev. de 2026 10:02:35 GMT-8","25804998831","Serviços de Envio","702-2379807-9028223","","Estorno do frete pago pelo comprador","","Amazon.com.br","Crédito Mastercard e outros","Vendedor","","","","0","0","0","0","0","0","0","0","0","0"
"27 de fev. de 2026 10:02:38 GMT-8","25804998831","Serviços de Envio","701-6381898-4613011","","Tarifa de manuseio com base no peso Delivery by Amazon","","Amazon.com.br","Crédito Mastercard e outros","Vendedor","","","","0","0","0","0","0","0","0","-6,75","0","-6,75"
"27 de fev. de 2026 10:02:38 GMT-8","25804998831","Serviços de Envio","701-6381898-4613011","","Estorno do frete pago pelo comprador","","Amazon.com.br","Crédito Mastercard e outros","Vendedor","","","","0","0","0","0","0","0","0","-33,90","0","-33,90"
"27 de fev. de 2026 10:02:39 GMT-8","25804998831","Serviços de Envio","701-5878211-9107457","","Tarifa de manuseio com base no peso Delivery by Amazon","","Amazon.com.br","Crédito Mastercard e outros","Vendedor","","","","0","0","0","0","0","0","0","-6,50","0","-6,50"
"27 de fev. de 2026 10:02:39 GMT-8","25804998831","Serviços de Envio","701-5878211-9107457","","Estorno do frete pago pelo comprador","","Amazon.com.br","Crédito Mastercard e outros","Vendedor","","","","0","0","0","0","0","0","0","0","0","0"
"27 de fev. de 2026 10:02:44 GMT-8","25804998831","Serviços de Envio","701-9123948-0089069","","Tarifa de manuseio com base no peso Delivery by Amazon","","Amazon.com.br","Crédito Mastercard e outros","Vendedor","","","","0","0","0","0","0","0","0","-6,75","0","-6,75"
"27 de fev. de 2026 10:02:44 GMT-8","25804998831","Serviços de Envio","701-9123948-0089069","","Estorno do frete pago pelo comprador","","Amazon.com.br","Crédito Mastercard e outros","Vendedor","","","","0","0","0","0","0","0","0","0","0","0"
"27 de fev. de 2026 10:02:48 GMT-8","25804998831","Serviços de Envio","702-7388728-1417045","","Tarifa de manuseio com base no peso Delivery by Amazon","","Amazon.com.br","Crédito Mastercard e outros","Vendedor","","","","0","0","0","0","0","0","0","-6,75","0","-6,75"
"27 de fev. de 2026 10:02:48 GMT-8","25804998831","Serviços de Envio","702-7388728-1417045","","Estorno do frete pago pelo comprador","","Amazon.com.br","Crédito Mastercard e outros","Vendedor","","","","0","0","0","0","0","0","0","0","0","0"
"27 de fev. de 2026 10:02:52 GMT-8","25804998831","Serviços de Envio","702-3758345-4232208","","Tarifa de manuseio com base no peso Delivery by Amazon","","Amazon.com.br","Crédito Mastercard e outros","Vendedor","","","","0","0","0","0","0","0","0","-6,75","0","-6,75"
"27 de fev. de 2026 10:02:52 GMT-8","25804998831","Serviços de Envio","702-3758345-4232208","","Estorno do frete pago pelo comprador","","Amazon.com.br","Crédito Mastercard e outros","Vendedor","","","","0","0","0","0","0","0","0","-20,00","0","-20,00"
"27 de fev. de 2026 10:02:57 GMT-8","25804998831","Serviços de Envio","701-7206995-1545049","","Tarifa de manuseio com base no peso Delivery by Amazon","","Amazon.com.br","Crédito Mastercard e outros","Vendedor","","","","0","0","0","0","0","0","0","-6,50","0","-6,50"
"27 de fev. de 2026 10:02:57 GMT-8","25804998831","Serviços de Envio","701-7206995-1545049","","Estorno do frete pago pelo comprador","","Amazon.com.br","Crédito Mastercard e outros","Vendedor","","","","0","0","0","0","0","0","0","0","0","0"
"27 de fev. de 2026 10:03:01 GMT-8","25804998831","Serviços de Envio","702-5322184-7616267","","Tarifa de manuseio com base no peso Delivery by Amazon","","Amazon.com.br","Crédito Mastercard e outros","Vendedor","","","","0","0","0","0","0","0","0","-6,75","0","-6,75"
"27 de fev. de 2026 10:03:01 GMT-8","25804998831","Serviços de Envio","702-5322184-7616267","","Estorno do frete pago pelo comprador","","Amazon.com.br","Crédito Mastercard e outros","Vendedor","","","","0","0","0","0","0","0","0","0","0","0"
"27 de fev. de 2026 10:03:05 GMT-8","25804998831","Serviços de Envio","701-5392922-8100259","","Tarifa de manuseio com base no peso Delivery by Amazon","","Amazon.com.br","Crédito Mastercard e outros","Vendedor","","","","0","0","0","0","0","0","0","-6,75","0","-6,75"
"27 de fev. de 2026 10:03:05 GMT-8","25804998831","Serviços de Envio","701-5392922-8100259","","Estorno do frete pago pelo comprador","","Amazon.com.br","Crédito Mastercard e outros","Vendedor","","","","0","0","0","0","0","0","0","0","0","0"
"27 de fev. de 2026 10:03:19 GMT-8","25804998831","Serviços de Envio","701-1650021-3971441","","Tarifa de manuseio com base no peso Delivery by Amazon","","Amazon.com.br","Crédito Mastercard e outros","Vendedor","","","","0","0","0","0","0","0","0","-6,75","0","-6,75"
"27 de fev. de 2026 10:03:19 GMT-8","25804998831","Serviços de Envio","701-1650021-3971441","","Estorno do frete pago pelo comprador","","Amazon.com.br","Crédito Mastercard e outros","Vendedor","","","","0","0","0","0","0","0","0","0","0","0"
"27 de fev. de 2026 10:03:19 GMT-8","25804998831","Serviços de Envio","701-7844184-5243444","","Tarifa de manuseio com base no peso Delivery by Amazon","","Amazon.com.br","Crédito Mastercard e outros","Vendedor","","","","0","0","0","0","0","0","0","-6,75","0","-6,75"
"27 de fev. de 2026 10:03:19 GMT-8","25804998831","Serviços de Envio","701-7844184-5243444","","Estorno do frete pago pelo comprador","","Amazon.com.br","Crédito Mastercard e outros","Vendedor","","","","0","0","0","0","0","0","0","0","0","0"
"28 de fev. de 2026 02:54:16 GMT-8","25804560851","Pedido","702-9008786-9289065","UN-GE1Q-635D","Planner 2026 - Life Capa Dura com Controle Financeiro e Roda da Vida (Capa 01)","1","amazon.com.br","Visa Crédito","Vendedor","Jacareí","SP","12315","78,90","0","0","0","0","-10,26","0","0","0","68,64"
"28 de fev. de 2026 02:54:44 GMT-8","25804560851","Pedido","701-5525836-9765054","RA-KICF-0Q47","Caderno Preto 20x20cm - Scrapbook Álbum De Fotos Preto 20 Folhas / 40 Páginas - Gramatura 200, Folhas Grossas","1","amazon.com.br","Visa Crédito","Vendedor","São Paulo","SP","05033","58,90","0","0","0","0","-7,07","0","0","0","51,83"
"28 de fev. de 2026 04:26:28 GMT-8","25804560851","Pedido","701-8408243-3449826","MY-P05M-MBEP","Caderno Quadriculado 1x1cm, Capa dura, diversas capas, 80 folhas, 24x15cm","2","amazon.com.br","Visa Crédito","Vendedor","Guarulhos","São Paulo","07123","77,80","0","0","0","0","-10,12","0","0","0","67,68"
"28 de fev. de 2026 04:27:44 GMT-8","25804560851","Pedido","702-1984759-7606632","JC-G3H1-0EHB","Scrapbook Álbum De Fotos Preto 20 Folhas / 40 Páginas","1","amazon.com.br","Visa Crédito","Vendedor","Novo Hamburgo","RS","93315","78,90","0","0","0","0","-9,47","0","0","0","69,43"
"28 de fev. de 2026 06:28:37 GMT-8","25805549661","Pedido","701-0192924-2781057","RA-KICF-0Q47","Caderno Preto 20x20cm - Scrapbook Álbum De Fotos Preto 20 Folhas / 40 Páginas - Gramatura 200, Folhas Grossas","1","amazon.com.br","Boleto","Vendedor","Belo Horizonte","MG","31015","58,90","0","0","0","0","-7,07","0","0","0","51,83"
"28 de fev. de 2026 06:41:08 GMT-8","25804998831","Pedido","701-6770433-8125869","MV-4JUB-9EI8","Diario Lectio Divina Hoje - Método Lectio Divina (Pureza Divina)","1","amazon.com.br","Crédito Mastercard e outros","Vendedor","São Paulo","SP","01513","59,90","0","0","0","0","-7,79","0","0","0","52,11"
"28 de fev. de 2026 06:43:43 GMT-8","25804998831","Pedido","701-0109092-5189029","RA-KICF-0Q47","Caderno Preto 20x20cm - Scrapbook Álbum De Fotos Preto 20 Folhas / 40 Páginas - Gramatura 200, Folhas Grossas","1","amazon.com.br","Crédito Mastercard e outros","Vendedor","São Paulo","SP","05842","58,90","0","0","0","0","-7,07","0","0","0","51,83"
"28 de fev. de 2026 06:46:26 GMT-8","25804560851","Pedido","702-0131455-6639424","V7-N8TP-MCL5","Album fotografico scrapbook - Coleção Corações (Vermelho)","1","amazon.com.br","Visa Crédito","Vendedor","São Caetano do Sul","SP","09550","59,90","0","0","0","0","-7,79","0","0","0","52,11"
"28 de fev. de 2026 07:00:37 GMT-8","25804998831","Pedido","701-9947665-3474620","RA-KICF-0Q47","Caderno Preto 20x20cm - Scrapbook Álbum De Fotos Preto 20 Folhas / 40 Páginas - Gramatura 200, Folhas Grossas","1","amazon.com.br","Crédito Mastercard e outros","Vendedor","São Paulo","SP","05038","58,90","0","0","0","0","-7,07","0","0","0","51,83"
"28 de fev. de 2026 07:31:45 GMT-8","25804998831","Pedido","702-0812799-8323408","RA-KICF-0Q47","Caderno Preto 20x20cm - Scrapbook Álbum De Fotos Preto 20 Folhas / 40 Páginas - Gramatura 200, Folhas Grossas","1","amazon.com.br","Crédito Mastercard e outros","Vendedor","Rio de Janeiro","Rio de Janeiro","22460","58,90","0","0","0","0","-7,07","0","0","0","51,83"
"28 de fev. de 2026 07:49:41 GMT-8","25804998831","Pedido","702-6559096-3378648","DJ-QYDN-KO4O","Caderno de Receitas - Minhas Receitas Favoritas (Cereja)","1","amazon.com.br","Crédito Mastercard e outros","Vendedor","Santana de Parnaíba","SP","06543","78,90","0","0","0","0","-10,26","0","0","0","68,64"
"28 de fev. de 2026 08:10:24 GMT-8","25804998831","Pedido","701-6930498-8170612","1P-HFDV-D31P","Caderno de controle financeiro - Capa Flork - Contas Organizadas","1","amazon.com.br","Crédito Mastercard e outros","Vendedor","Rio De Janeiro","RJ","21235","78,90","0","0","0","0","-10,26","0","0","0","68,64"
"28 de fev. de 2026 08:10:41 GMT-8","25804560851","Pedido","701-2068995-4328210","RA-KICF-0Q47","Caderno Preto 20x20cm - Scrapbook Álbum De Fotos Preto 20 Folhas / 40 Páginas - Gramatura 200, Folhas Grossas","1","amazon.com.br","Visa Crédito","Vendedor","Santana de Parnaíba","SP","06543","58,90","0","0","0","0","-7,07","0","0","0","51,83"
"28 de fev. de 2026 08:15:21 GMT-8","25804998831","Pedido","701-6970725-1597836","RA-KICF-0Q47","Caderno Preto 20x20cm - Scrapbook Álbum De Fotos Preto 20 Folhas / 40 Páginas - Gramatura 200, Folhas Grossas","1","amazon.com.br","Crédito Mastercard e outros","Vendedor","Palhoça","SC","88132","58,90","0","0","0","0","-7,07","0","0","0","51,83"
"28 de fev. de 2026 10:09:06 GMT-8","25804998831","Ajuste","701-4196189-6517038","92-CTAN-4AJQ","Reembolso de Estoque FBA - Devolução do cliente","1","","Crédito Mastercard e outros","","","","","0","0","0","0","0","0","0","0","64,43","64,43"
"28 de fev. de 2026 11:47:03 GMT-8","25804998831","Pedido","701-7985714-2351466","RA-KICF-0Q47","Caderno Preto 20x20cm - Scrapbook Álbum De Fotos Preto 20 Folhas / 40 Páginas - Gramatura 200, Folhas Grossas","1","amazon.com.br","Crédito Mastercard e outros","Vendedor","Florianópolis","SC","88040","58,90","0","0","0","0","-7,07","0","0","0","51,83"
"28 de fev. de 2026 13:47:28 GMT-8","25804998831","Pedido","701-5087257-8580247","0Q-EK6Z-SV84","Planner 2026 Floral - Planejamento Anual com Roda da Vida A5, Gestão Financeira, Organização Pessoal, Metas e Saúde, Capa Dura Laminada, Agenda Se","1","amazon.com.br","Crédito Mastercard e outros","Vendedor","Rio de Janeiro","RJ","20921","59,90","0","0","0","0","-7,79","0","0","0","52,11"
"28 de fev. de 2026 16:56:30 GMT-8","25804998831","Pedido","702-7824801-1857823","HW-ZS7Q-OW17","Agenda para Creche Escolar Infantil - Modelos Encantadores para Meninos e Meninas (Girafa Rosa)","1","amazon.com.br","Crédito Mastercard e outros","Vendedor","S&atilde;o Paulo","SP","05347","59,90","0","0","0","0","-7,79","0","0","0","52,11"
